fit_key,root,root_label,rho,arm,gamma_coefficient,gamma_exponent,gamma,mse,rmse,work,path
ISO-Bimodal/split-R3/rho0.01/n0/data/Sweep-Methods/TeaA_ISO-Bimodal_rho0.01_n0/Benchmark/RW_bench/TeaA_ISO-Bimodal_rho0.01_n0_RW-Only0_fit_RW_bench_R3_k_sequence/train_TeaA_ISO-Bimodal_rho0.01_n0_RW-Only0_fit_1,figure_scripts/kinetic_simulation/_fits_peptide_calibration_gamma_m1,gamma=-1 sweep,0.01,RW-Only,7,-1,0.7000000000000001,0.159191,0.398988,1.15,figure_scripts/kinetic_simulation/_fits_peptide_calibration_gamma_m1/ISO-Bimodal/split-R3/rho0.01/n0/data/Sweep-Methods/TeaA_ISO-Bimodal_rho0.01_n0/Benchmark/RW_bench/TeaA_ISO-Bimodal_rho0.01_n0_RW-Only0_fit_RW_bench_R3_k_sequence/train_TeaA_ISO-Bimodal_rho0.01_n0_RW-Only0_fit_1
ISO-Bimodal/split-R3/rho0.01/n0/data/Sweep-Methods/TeaA_ISO-Bimodal_rho0.01_n0/Benchmark/RW_bench/TeaA_ISO-Bimodal_rho0.01_n0_RW-Only0_fit_RW_bench_R3_k_sequence/train_TeaA_ISO-Bimodal_rho0.01_n0_RW-Only0_fit_1,figure_scripts/kinetic_simulation/_fits_peptide_calibration_gamma_m1,gamma=-1 sweep,0.01,RW-Only,5,-1,0.5,0.162352,0.402929,0.66404,figure_scripts/kinetic_simulation/_fits_peptide_calibration_gamma_m1/ISO-Bimodal/split-R3/rho0.01/n0/data/Sweep-Methods/TeaA_ISO-Bimodal_rho0.01_n0/Benchmark/RW_bench/TeaA_ISO-Bimodal_rho0.01_n0_RW-Only0_fit_RW_bench_R3_k_sequence/train_TeaA_ISO-Bimodal_rho0.01_n0_RW-Only0_fit_1
ISO-Bimodal/split-R3/rho0.01/n0/data/Sweep-Methods/TeaA_ISO-Bimodal_rho0.01_n0/Benchmark/RW_bench/TeaA_ISO-Bimodal_rho0.01_n0_RW-Only0_fit_RW_bench_R3_k_sequence/train_TeaA_ISO-Bimodal_rho0.01_n0_RW-Only0_fit_1,figure_scripts/kinetic_simulation/_fits_peptide_calibration_gamma_m1,gamma=-1 sweep,0.01,RW-Only,1,-1,0.1,0.170871,0.413365,0.03473,figure_scripts/kinetic_simulation/_fits_peptide_calibration_gamma_m1/ISO-Bimodal/split-R3/rho0.01/n0/data/Sweep-Methods/TeaA_ISO-Bimodal_rho0.01_n0/Benchmark/RW_bench/TeaA_ISO-Bimodal_rho0.01_n0_RW-Only0_fit_RW_bench_R3_k_sequence/train_TeaA_ISO-Bimodal_rho0.01_n0_RW-Only0_fit_1
ISO-Bimodal/split-R3/rho0.01/n0/data/Sweep-Methods/TeaA_ISO-Bimodal_rho0.01_n0/Benchmark/RW_bench/TeaA_ISO-Bimodal_rho0.01_n0_RW-Only0_fit_RW_bench_R3_k_sequence/train_TeaA_ISO-Bimodal_rho0.01_n0_RW-Only0_fit_1,figure_scripts/kinetic_simulation/_fits_peptide_calibration_gamma_m1,gamma=-1 sweep,0.01,RW-Only,8,-1,0.8,0.157802,0.397243,1.41807,figure_scripts/kinetic_simulation/_fits_peptide_calibration_gamma_m1/ISO-Bimodal/split-R3/rho0.01/n0/data/Sweep-Methods/TeaA_ISO-Bimodal_rho0.01_n0/Benchmark/RW_bench/TeaA_ISO-Bimodal_rho0.01_n0_RW-Only0_fit_RW_bench_R3_k_sequence/train_TeaA_ISO-Bimodal_rho0.01_n0_RW-Only0_fit_1
ISO-Bimodal/split-R3/rho0.01/n0/data/Sweep-Methods/TeaA_ISO-Bimodal_rho0.01_n0/Benchmark/RW_bench/TeaA_ISO-Bimodal_rho0.01_n0_RW-Only0_fit_RW_bench_R3_k_sequence/train_TeaA_ISO-Bimodal_rho0.01_n0_RW-Only0_fit_1,figure_scripts/kinetic_simulation/_fits_peptide_calibration_gamma_m1,gamma=-1 sweep,0.01,RW-Only,2,-1,0.2,0.168396,0.410361,0.13019,figure_scripts/kinetic_simulation/_fits_peptide_calibration_gamma_m1/ISO-Bimodal/split-R3/rho0.01/n0/data/Sweep-Methods/TeaA_ISO-Bimodal_rho0.01_n0/Benchmark/RW_bench/TeaA_ISO-Bimodal_rho0.01_n0_RW-Only0_fit_RW_bench_R3_k_sequence/train_TeaA_ISO-Bimodal_rho0.01_n0_RW-Only0_fit_1
ISO-Bimodal/split-R3/rho0.01/n0/data/Sweep-Methods/TeaA_ISO-Bimodal_rho0.01_n0/Benchmark/RW_bench/TeaA_ISO-Bimodal_rho0.01_n0_RW-Only0_fit_RW_bench_R3_k_sequence/train_TeaA_ISO-Bimodal_rho0.01_n0_RW-Only0_fit_1,figure_scripts/kinetic_simulation/_fits_peptide_calibration_gamma_m1,gamma=-1 sweep,0.01,RW-Only,6,-1,0.6000000000000001,0.160702,0.400876,0.89747,figure_scripts/kinetic_simulation/_fits_peptide_calibration_gamma_m1/ISO-Bimodal/split-R3/rho0.01/n0/data/Sweep-Methods/TeaA_ISO-Bimodal_rho0.01_n0/Benchmark/RW_bench/TeaA_ISO-Bimodal_rho0.01_n0_RW-Only0_fit_RW_bench_R3_k_sequence/train_TeaA_ISO-Bimodal_rho0.01_n0_RW-Only0_fit_1
ISO-Bimodal/split-R3/rho0.01/n0/data/Sweep-Methods/TeaA_ISO-Bimodal_rho0.01_n0/Benchmark/RW_bench/TeaA_ISO-Bimodal_rho0.01_n0_RW-Only0_fit_RW_bench_R3_k_sequence/train_TeaA_ISO-Bimodal_rho0.01_n0_RW-Only0_fit_1,figure_scripts/kinetic_simulation/_fits_peptide_calibration_gamma_m1,gamma=-1 sweep,0.01,RW-Only,9,-1,0.9,0.156519,0.395625,1.69871,figure_scripts/kinetic_simulation/_fits_peptide_calibration_gamma_m1/ISO-Bimodal/split-R3/rho0.01/n0/data/Sweep-Methods/TeaA_ISO-Bimodal_rho0.01_n0/Benchmark/RW_bench/TeaA_ISO-Bimodal_rho0.01_n0_RW-Only0_fit_RW_bench_R3_k_sequence/train_TeaA_ISO-Bimodal_rho0.01_n0_RW-Only0_fit_1
ISO-Bimodal/split-R3/rho0.01/n0/data/Sweep-Methods/TeaA_ISO-Bimodal_rho0.01_n0/Benchmark/RW_bench/TeaA_ISO-Bimodal_rho0.01_n0_RW-Only0_fit_RW_bench_R3_k_sequence/train_TeaA_ISO-Bimodal_rho0.01_n0_RW-Only0_fit_1,figure_scripts/kinetic_simulation/_fits_peptide_calibration_gamma_m1,gamma=-1 sweep,0.01,RW-Only,3,-1,0.30000000000000004,0.166169,0.407638,0.27353,figure_scripts/kinetic_simulation/_fits_peptide_calibration_gamma_m1/ISO-Bimodal/split-R3/rho0.01/n0/data/Sweep-Methods/TeaA_ISO-Bimodal_rho0.01_n0/Benchmark/RW_bench/TeaA_ISO-Bimodal_rho0.01_n0_RW-Only0_fit_RW_bench_R3_k_sequence/train_TeaA_ISO-Bimodal_rho0.01_n0_RW-Only0_fit_1
ISO-Bimodal/split-R3/rho0.01/n0/data/Sweep-Methods/TeaA_ISO-Bimodal_rho0.01_n0/Benchmark/RW_bench/TeaA_ISO-Bimodal_rho0.01_n0_RW-Only0_fit_RW_bench_R3_k_sequence/train_TeaA_ISO-Bimodal_rho0.01_n0_RW-Only0_fit_1,figure_scripts/kinetic_simulation/_fits_peptide_calibration_gamma_m1,gamma=-1 sweep,0.01,RW-Only,4,-1,0.4,0.164165,0.405172,0.45412,figure_scripts/kinetic_simulation/_fits_peptide_calibration_gamma_m1/ISO-Bimodal/split-R3/rho0.01/n0/data/Sweep-Methods/TeaA_ISO-Bimodal_rho0.01_n0/Benchmark/RW_bench/TeaA_ISO-Bimodal_rho0.01_n0_RW-Only0_fit_RW_bench_R3_k_sequence/train_TeaA_ISO-Bimodal_rho0.01_n0_RW-Only0_fit_1
ISO-Bimodal/split-R3/rho0.01/n0/data/Sweep-Methods/TeaA_ISO-Bimodal_rho0.01_n0/Benchmark/RW_bench/TeaA_ISO-Bimodal_rho0.01_n0_RW-Only0_fit_RW_bench_R3_k_sequence/train_TeaA_ISO-Bimodal_rho0.01_n0_RW-Only0_fit_2,figure_scripts/kinetic_simulation/_fits_peptide_calibration_gamma_m1,gamma=-1 sweep,0.01,RW-Only,7,-1,0.7000000000000001,0.147556,0.38413,0.64015,figure_scripts/kinetic_simulation/_fits_peptide_calibration_gamma_m1/ISO-Bimodal/split-R3/rho0.01/n0/data/Sweep-Methods/TeaA_ISO-Bimodal_rho0.01_n0/Benchmark/RW_bench/TeaA_ISO-Bimodal_rho0.01_n0_RW-Only0_fit_RW_bench_R3_k_sequence/train_TeaA_ISO-Bimodal_rho0.01_n0_RW-Only0_fit_2
ISO-Bimodal/split-R3/rho0.01/n0/data/Sweep-Methods/TeaA_ISO-Bimodal_rho0.01_n0/Benchmark/RW_bench/TeaA_ISO-Bimodal_rho0.01_n0_RW-Only0_fit_RW_bench_R3_k_sequence/train_TeaA_ISO-Bimodal_rho0.01_n0_RW-Only0_fit_2,figure_scripts/kinetic_simulation/_fits_peptide_calibration_gamma_m1,gamma=-1 sweep,0.01,RW-Only,5,-1,0.5,0.149568,0.38674,0.33418,figure_scripts/kinetic_simulation/_fits_peptide_calibration_gamma_m1/ISO-Bimodal/split-R3/rho0.01/n0/data/Sweep-Methods/TeaA_ISO-Bimodal_rho0.01_n0/Benchmark/RW_bench/TeaA_ISO-Bimodal_rho0.01_n0_RW-Only0_fit_RW_bench_R3_k_sequence/train_TeaA_ISO-Bimodal_rho0.01_n0_RW-Only0_fit_2
ISO-Bimodal/split-R3/rho0.01/n0/data/Sweep-Methods/TeaA_ISO-Bimodal_rho0.01_n0/Benchmark/RW_bench/TeaA_ISO-Bimodal_rho0.01_n0_RW-Only0_fit_RW_bench_R3_k_sequence/train_TeaA_ISO-Bimodal_rho0.01_n0_RW-Only0_fit_2,figure_scripts/kinetic_simulation/_fits_peptide_calibration_gamma_m1,gamma=-1 sweep,0.01,RW-Only,1,-1,0.1,0.153765,0.392129,0.014,figure_scripts/kinetic_simulation/_fits_peptide_calibration_gamma_m1/ISO-Bimodal/split-R3/rho0.01/n0/data/Sweep-Methods/TeaA_ISO-Bimodal_rho0.01_n0/Benchmark/RW_bench/TeaA_ISO-Bimodal_rho0.01_n0_RW-Only0_fit_RW_bench_R3_k_sequence/train_TeaA_ISO-Bimodal_rho0.01_n0_RW-Only0_fit_2
ISO-Bimodal/split-R3/rho0.01/n0/data/Sweep-Methods/TeaA_ISO-Bimodal_rho0.01_n0/Benchmark/RW_bench/TeaA_ISO-Bimodal_rho0.01_n0_RW-Only0_fit_RW_bench_R3_k_sequence/train_TeaA_ISO-Bimodal_rho0.01_n0_RW-Only0_fit_2,figure_scripts/kinetic_simulation/_fits_peptide_calibration_gamma_m1,gamma=-1 sweep,0.01,RW-Only,8,-1,0.8,0.146571,0.382845,0.82676,figure_scripts/kinetic_simulation/_fits_peptide_calibration_gamma_m1/ISO-Bimodal/split-R3/rho0.01/n0/data/Sweep-Methods/TeaA_ISO-Bimodal_rho0.01_n0/Benchmark/RW_bench/TeaA_ISO-Bimodal_rho0.01_n0_RW-Only0_fit_RW_bench_R3_k_sequence/train_TeaA_ISO-Bimodal_rho0.01_n0_RW-Only0_fit_2
ISO-Bimodal/split-R3/rho0.01/n0/data/Sweep-Methods/TeaA_ISO-Bimodal_rho0.01_n0/Benchmark/RW_bench/TeaA_ISO-Bimodal_rho0.01_n0_RW-Only0_fit_RW_bench_R3_k_sequence/train_TeaA_ISO-Bimodal_rho0.01_n0_RW-Only0_fit_2,figure_scripts/kinetic_simulation/_fits_peptide_calibration_gamma_m1,gamma=-1 sweep,0.01,RW-Only,2,-1,0.2,0.152694,0.390761,0.05535,figure_scripts/kinetic_simulation/_fits_peptide_calibration_gamma_m1/ISO-Bimodal/split-R3/rho0.01/n0/data/Sweep-Methods/TeaA_ISO-Bimodal_rho0.01_n0/Benchmark/RW_bench/TeaA_ISO-Bimodal_rho0.01_n0_RW-Only0_fit_RW_bench_R3_k_sequence/train_TeaA_ISO-Bimodal_rho0.01_n0_RW-Only0_fit_2
ISO-Bimodal/split-R3/rho0.01/n0/data/Sweep-Methods/TeaA_ISO-Bimodal_rho0.01_n0/Benchmark/RW_bench/TeaA_ISO-Bimodal_rho0.01_n0_RW-Only0_fit_RW_bench_R3_k_sequence/train_TeaA_ISO-Bimodal_rho0.01_n0_RW-Only0_fit_2,figure_scripts/kinetic_simulation/_fits_peptide_calibration_gamma_m1,gamma=-1 sweep,0.01,RW-Only,6,-1,0.6000000000000001,0.148554,0.385428,0.47571,figure_scripts/kinetic_simulation/_fits_peptide_calibration_gamma_m1/ISO-Bimodal/split-R3/rho0.01/n0/data/Sweep-Methods/TeaA_ISO-Bimodal_rho0.01_n0/Benchmark/RW_bench/TeaA_ISO-Bimodal_rho0.01_n0_RW-Only0_fit_RW_bench_R3_k_sequence/train_TeaA_ISO-Bimodal_rho0.01_n0_RW-Only0_fit_2
ISO-Bimodal/split-R3/rho0.01/n0/data/Sweep-Methods/TeaA_ISO-Bimodal_rho0.01_n0/Benchmark/RW_bench/TeaA_ISO-Bimodal_rho0.01_n0_RW-Only0_fit_RW_bench_R3_k_sequence/train_TeaA_ISO-Bimodal_rho0.01_n0_RW-Only0_fit_2,figure_scripts/kinetic_simulation/_fits_peptide_calibration_gamma_m1,gamma=-1 sweep,0.01,RW-Only,9,-1,0.9,0.145599,0.381574,1.03487,figure_scripts/kinetic_simulation/_fits_peptide_calibration_gamma_m1/ISO-Bimodal/split-R3/rho0.01/n0/data/Sweep-Methods/TeaA_ISO-Bimodal_rho0.01_n0/Benchmark/RW_bench/TeaA_ISO-Bimodal_rho0.01_n0_RW-Only0_fit_RW_bench_R3_k_sequence/train_TeaA_ISO-Bimodal_rho0.01_n0_RW-Only0_fit_2
ISO-Bimodal/split-R3/rho0.01/n0/data/Sweep-Methods/TeaA_ISO-Bimodal_rho0.01_n0/Benchmark/RW_bench/TeaA_ISO-Bimodal_rho0.01_n0_RW-Only0_fit_RW_bench_R3_k_sequence/train_TeaA_ISO-Bimodal_rho0.01_n0_RW-Only0_fit_2,figure_scripts/kinetic_simulation/_fits_peptide_calibration_gamma_m1,gamma=-1 sweep,0.01,RW-Only,3,-1,0.30000000000000004,0.151637,0.389407,0.12312,figure_scripts/kinetic_simulation/_fits_peptide_calibration_gamma_m1/ISO-Bimodal/split-R3/rho0.01/n0/data/Sweep-Methods/TeaA_ISO-Bimodal_rho0.01_n0/Benchmark/RW_bench/TeaA_ISO-Bimodal_rho0.01_n0_RW-Only0_fit_RW_bench_R3_k_sequence/train_TeaA_ISO-Bimodal_rho0.01_n0_RW-Only0_fit_2
ISO-Bimodal/split-R3/rho0.01/n0/data/Sweep-Methods/TeaA_ISO-Bimodal_rho0.01_n0/Benchmark/RW_bench/TeaA_ISO-Bimodal_rho0.01_n0_RW-Only0_fit_RW_bench_R3_k_sequence/train_TeaA_ISO-Bimodal_rho0.01_n0_RW-Only0_fit_2,figure_scripts/kinetic_simulation/_fits_peptide_calibration_gamma_m1,gamma=-1 sweep,0.01,RW-Only,4,-1,0.4,0.150595,0.388066,0.21636,figure_scripts/kinetic_simulation/_fits_peptide_calibration_gamma_m1/ISO-Bimodal/split-R3/rho0.01/n0/data/Sweep-Methods/TeaA_ISO-Bimodal_rho0.01_n0/Benchmark/RW_bench/TeaA_ISO-Bimodal_rho0.01_n0_RW-Only0_fit_RW_bench_R3_k_sequence/train_TeaA_ISO-Bimodal_rho0.01_n0_RW-Only0_fit_2
ISO-Bimodal/split-R3/rho0.01/n0/data/Sweep-Methods/TeaA_ISO-Bimodal_rho0.01_n0/Benchmark/RW_bench/TeaA_ISO-Bimodal_rho0.01_n0_RW-Only0_fit_RW_bench_R3_k_sequence/train_TeaA_ISO-Bimodal_rho0.01_n0_RW-Only0_fit_3,figure_scripts/kinetic_simulation/_fits_peptide_calibration_gamma_m1,gamma=-1 sweep,0.01,RW-Only,7,-1,0.7000000000000001,0.139945,0.374092,1.07111,figure_scripts/kinetic_simulation/_fits_peptide_calibration_gamma_m1/ISO-Bimodal/split-R3/rho0.01/n0/data/Sweep-Methods/TeaA_ISO-Bimodal_rho0.01_n0/Benchmark/RW_bench/TeaA_ISO-Bimodal_rho0.01_n0_RW-Only0_fit_RW_bench_R3_k_sequence/train_TeaA_ISO-Bimodal_rho0.01_n0_RW-Only0_fit_3
ISO-Bimodal/split-R3/rho0.01/n0/data/Sweep-Methods/TeaA_ISO-Bimodal_rho0.01_n0/Benchmark/RW_bench/TeaA_ISO-Bimodal_rho0.01_n0_RW-Only0_fit_RW_bench_R3_k_sequence/train_TeaA_ISO-Bimodal_rho0.01_n0_RW-Only0_fit_3,figure_scripts/kinetic_simulation/_fits_peptide_calibration_gamma_m1,gamma=-1 sweep,0.01,RW-Only,5,-1,0.5,0.143029,0.378192,0.52101,figure_scripts/kinetic_simulation/_fits_peptide_calibration_gamma_m1/ISO-Bimodal/split-R3/rho0.01/n0/data/Sweep-Methods/TeaA_ISO-Bimodal_rho0.01_n0/Benchmark/RW_bench/TeaA_ISO-Bimodal_rho0.01_n0_RW-Only0_fit_RW_bench_R3_k_sequence/train_TeaA_ISO-Bimodal_rho0.01_n0_RW-Only0_fit_3
ISO-Bimodal/split-R3/rho0.01/n0/data/Sweep-Methods/TeaA_ISO-Bimodal_rho0.01_n0/Benchmark/RW_bench/TeaA_ISO-Bimodal_rho0.01_n0_RW-Only0_fit_RW_bench_R3_k_sequence/train_TeaA_ISO-Bimodal_rho0.01_n0_RW-Only0_fit_3,figure_scripts/kinetic_simulation/_fits_peptide_calibration_gamma_m1,gamma=-1 sweep,0.01,RW-Only,1,-1,0.1,0.148684,0.385596,0.02061,figure_scripts/kinetic_simulation/_fits_peptide_calibration_gamma_m1/ISO-Bimodal/split-R3/rho0.01/n0/data/Sweep-Methods/TeaA_ISO-Bimodal_rho0.01_n0/Benchmark/RW_bench/TeaA_ISO-Bimodal_rho0.01_n0_RW-Only0_fit_RW_bench_R3_k_sequence/train_TeaA_ISO-Bimodal_rho0.01_n0_RW-Only0_fit_3
ISO-Bimodal/split-R3/rho0.01/n0/data/Sweep-Methods/TeaA_ISO-Bimodal_rho0.01_n0/Benchmark/RW_bench/TeaA_ISO-Bimodal_rho0.01_n0_RW-Only0_fit_RW_bench_R3_k_sequence/train_TeaA_ISO-Bimodal_rho0.01_n0_RW-Only0_fit_3,figure_scripts/kinetic_simulation/_fits_peptide_calibration_gamma_m1,gamma=-1 sweep,0.01,RW-Only,8,-1,0.8,0.138274,0.371852,1.44476,figure_scripts/kinetic_simulation/_fits_peptide_calibration_gamma_m1/ISO-Bimodal/split-R3/rho0.01/n0/data/Sweep-Methods/TeaA_ISO-Bimodal_rho0.01_n0/Benchmark/RW_bench/TeaA_ISO-Bimodal_rho0.01_n0_RW-Only0_fit_RW_bench_R3_k_sequence/train_TeaA_ISO-Bimodal_rho0.01_n0_RW-Only0_fit_3
ISO-Bimodal/split-R3/rho0.01/n0/data/Sweep-Methods/TeaA_ISO-Bimodal_rho0.01_n0/Benchmark/RW_bench/TeaA_ISO-Bimodal_rho0.01_n0_RW-Only0_fit_RW_bench_R3_k_sequence/train_TeaA_ISO-Bimodal_rho0.01_n0_RW-Only0_fit_3,figure_scripts/kinetic_simulation/_fits_peptide_calibration_gamma_m1,gamma=-1 sweep,0.01,RW-Only,2,-1,0.2,0.147283,0.383775,0.08195,figure_scripts/kinetic_simulation/_fits_peptide_calibration_gamma_m1/ISO-Bimodal/split-R3/rho0.01/n0/data/Sweep-Methods/TeaA_ISO-Bimodal_rho0.01_n0/Benchmark/RW_bench/TeaA_ISO-Bimodal_rho0.01_n0_RW-Only0_fit_RW_bench_R3_k_sequence/train_TeaA_ISO-Bimodal_rho0.01_n0_RW-Only0_fit_3
ISO-Bimodal/split-R3/rho0.01/n0/data/Sweep-Methods/TeaA_ISO-Bimodal_rho0.01_n0/Benchmark/RW_bench/TeaA_ISO-Bimodal_rho0.01_n0_RW-Only0_fit_RW_bench_R3_k_sequence/train_TeaA_ISO-Bimodal_rho0.01_n0_RW-Only0_fit_3,figure_scripts/kinetic_simulation/_fits_peptide_calibration_gamma_m1,gamma=-1 sweep,0.01,RW-Only,6,-1,0.6000000000000001,0.141526,0.3762,0.76571,figure_scripts/kinetic_simulation/_fits_peptide_calibration_gamma_m1/ISO-Bimodal/split-R3/rho0.01/n0/data/Sweep-Methods/TeaA_ISO-Bimodal_rho0.01_n0/Benchmark/RW_bench/TeaA_ISO-Bimodal_rho0.01_n0_RW-Only0_fit_RW_bench_R3_k_sequence/train_TeaA_ISO-Bimodal_rho0.01_n0_RW-Only0_fit_3
ISO-Bimodal/split-R3/rho0.01/n0/data/Sweep-Methods/TeaA_ISO-Bimodal_rho0.01_n0/Benchmark/RW_bench/TeaA_ISO-Bimodal_rho0.01_n0_RW-Only0_fit_RW_bench_R3_k_sequence/train_TeaA_ISO-Bimodal_rho0.01_n0_RW-Only0_fit_3,figure_scripts/kinetic_simulation/_fits_peptide_calibration_gamma_m1,gamma=-1 sweep,0.01,RW-Only,9,-1,0.9,0.136516,0.369481,1.89132,figure_scripts/kinetic_simulation/_fits_peptide_calibration_gamma_m1/ISO-Bimodal/split-R3/rho0.01/n0/data/Sweep-Methods/TeaA_ISO-Bimodal_rho0.01_n0/Benchmark/RW_bench/TeaA_ISO-Bimodal_rho0.01_n0_RW-Only0_fit_RW_bench_R3_k_sequence/train_TeaA_ISO-Bimodal_rho0.01_n0_RW-Only0_fit_3
ISO-Bimodal/split-R3/rho0.01/n0/data/Sweep-Methods/TeaA_ISO-Bimodal_rho0.01_n0/Benchmark/RW_bench/TeaA_ISO-Bimodal_rho0.01_n0_RW-Only0_fit_RW_bench_R3_k_sequence/train_TeaA_ISO-Bimodal_rho0.01_n0_RW-Only0_fit_3,figure_scripts/kinetic_simulation/_fits_peptide_calibration_gamma_m1,gamma=-1 sweep,0.01,RW-Only,3,-1,0.30000000000000004,0.145886,0.38195,0.18421,figure_scripts/kinetic_simulation/_fits_peptide_calibration_gamma_m1/ISO-Bimodal/split-R3/rho0.01/n0/data/Sweep-Methods/TeaA_ISO-Bimodal_rho0.01_n0/Benchmark/RW_bench/TeaA_ISO-Bimodal_rho0.01_n0_RW-Only0_fit_RW_bench_R3_k_sequence/train_TeaA_ISO-Bimodal_rho0.01_n0_RW-Only0_fit_3
ISO-Bimodal/split-R3/rho0.01/n0/data/Sweep-Methods/TeaA_ISO-Bimodal_rho0.01_n0/Benchmark/RW_bench/TeaA_ISO-Bimodal_rho0.01_n0_RW-Only0_fit_RW_bench_R3_k_sequence/train_TeaA_ISO-Bimodal_rho0.01_n0_RW-Only0_fit_3,figure_scripts/kinetic_simulation/_fits_peptide_calibration_gamma_m1,gamma=-1 sweep,0.01,RW-Only,4,-1,0.4,0.144475,0.380099,0.32924,figure_scripts/kinetic_simulation/_fits_peptide_calibration_gamma_m1/ISO-Bimodal/split-R3/rho0.01/n0/data/Sweep-Methods/TeaA_ISO-Bimodal_rho0.01_n0/Benchmark/RW_bench/TeaA_ISO-Bimodal_rho0.01_n0_RW-Only0_fit_RW_bench_R3_k_sequence/train_TeaA_ISO-Bimodal_rho0.01_n0_RW-Only0_fit_3
ISO-Bimodal/split-R3/rho0.01/n0/data/Sweep-Methods/TeaA_ISO-Bimodal_rho0.01_n0/Benchmark/RW_bench/TeaA_ISO-Bimodal_rho0.01_n0_RW-BV0_fit_RW_bench_R3_k_sequence/train_TeaA_ISO-Bimodal_rho0.01_n0_RW-BV0_fit_1,figure_scripts/kinetic_simulation/_fits_peptide_calibration_gamma_m1,gamma=-1 sweep,0.01,RW-BV,7,-1,0.7000000000000001,0.159191,0.398988,1.15,figure_scripts/kinetic_simulation/_fits_peptide_calibration_gamma_m1/ISO-Bimodal/split-R3/rho0.01/n0/data/Sweep-Methods/TeaA_ISO-Bimodal_rho0.01_n0/Benchmark/RW_bench/TeaA_ISO-Bimodal_rho0.01_n0_RW-BV0_fit_RW_bench_R3_k_sequence/train_TeaA_ISO-Bimodal_rho0.01_n0_RW-BV0_fit_1
ISO-Bimodal/split-R3/rho0.01/n0/data/Sweep-Methods/TeaA_ISO-Bimodal_rho0.01_n0/Benchmark/RW_bench/TeaA_ISO-Bimodal_rho0.01_n0_RW-BV0_fit_RW_bench_R3_k_sequence/train_TeaA_ISO-Bimodal_rho0.01_n0_RW-BV0_fit_1,figure_scripts/kinetic_simulation/_fits_peptide_calibration_gamma_m1,gamma=-1 sweep,0.01,RW-BV,5,-1,0.5,0.162352,0.402929,0.66404,figure_scripts/kinetic_simulation/_fits_peptide_calibration_gamma_m1/ISO-Bimodal/split-R3/rho0.01/n0/data/Sweep-Methods/TeaA_ISO-Bimodal_rho0.01_n0/Benchmark/RW_bench/TeaA_ISO-Bimodal_rho0.01_n0_RW-BV0_fit_RW_bench_R3_k_sequence/train_TeaA_ISO-Bimodal_rho0.01_n0_RW-BV0_fit_1
ISO-Bimodal/split-R3/rho0.01/n0/data/Sweep-Methods/TeaA_ISO-Bimodal_rho0.01_n0/Benchmark/RW_bench/TeaA_ISO-Bimodal_rho0.01_n0_RW-BV0_fit_RW_bench_R3_k_sequence/train_TeaA_ISO-Bimodal_rho0.01_n0_RW-BV0_fit_1,figure_scripts/kinetic_simulation/_fits_peptide_calibration_gamma_m1,gamma=-1 sweep,0.01,RW-BV,1,-1,0.1,0.170871,0.413365,0.03473,figure_scripts/kinetic_simulation/_fits_peptide_calibration_gamma_m1/ISO-Bimodal/split-R3/rho0.01/n0/data/Sweep-Methods/TeaA_ISO-Bimodal_rho0.01_n0/Benchmark/RW_bench/TeaA_ISO-Bimodal_rho0.01_n0_RW-BV0_fit_RW_bench_R3_k_sequence/train_TeaA_ISO-Bimodal_rho0.01_n0_RW-BV0_fit_1
ISO-Bimodal/split-R3/rho0.01/n0/data/Sweep-Methods/TeaA_ISO-Bimodal_rho0.01_n0/Benchmark/RW_bench/TeaA_ISO-Bimodal_rho0.01_n0_RW-BV0_fit_RW_bench_R3_k_sequence/train_TeaA_ISO-Bimodal_rho0.01_n0_RW-BV0_fit_1,figure_scripts/kinetic_simulation/_fits_peptide_calibration_gamma_m1,gamma=-1 sweep,0.01,RW-BV,8,-1,0.8,0.157802,0.397243,1.41807,figure_scripts/kinetic_simulation/_fits_peptide_calibration_gamma_m1/ISO-Bimodal/split-R3/rho0.01/n0/data/Sweep-Methods/TeaA_ISO-Bimodal_rho0.01_n0/Benchmark/RW_bench/TeaA_ISO-Bimodal_rho0.01_n0_RW-BV0_fit_RW_bench_R3_k_sequence/train_TeaA_ISO-Bimodal_rho0.01_n0_RW-BV0_fit_1
ISO-Bimodal/split-R3/rho0.01/n0/data/Sweep-Methods/TeaA_ISO-Bimodal_rho0.01_n0/Benchmark/RW_bench/TeaA_ISO-Bimodal_rho0.01_n0_RW-BV0_fit_RW_bench_R3_k_sequence/train_TeaA_ISO-Bimodal_rho0.01_n0_RW-BV0_fit_1,figure_scripts/kinetic_simulation/_fits_peptide_calibration_gamma_m1,gamma=-1 sweep,0.01,RW-BV,2,-1,0.2,0.168396,0.410361,0.13019,figure_scripts/kinetic_simulation/_fits_peptide_calibration_gamma_m1/ISO-Bimodal/split-R3/rho0.01/n0/data/Sweep-Methods/TeaA_ISO-Bimodal_rho0.01_n0/Benchmark/RW_bench/TeaA_ISO-Bimodal_rho0.01_n0_RW-BV0_fit_RW_bench_R3_k_sequence/train_TeaA_ISO-Bimodal_rho0.01_n0_RW-BV0_fit_1
ISO-Bimodal/split-R3/rho0.01/n0/data/Sweep-Methods/TeaA_ISO-Bimodal_rho0.01_n0/Benchmark/RW_bench/TeaA_ISO-Bimodal_rho0.01_n0_RW-BV0_fit_RW_bench_R3_k_sequence/train_TeaA_ISO-Bimodal_rho0.01_n0_RW-BV0_fit_1,figure_scripts/kinetic_simulation/_fits_peptide_calibration_gamma_m1,gamma=-1 sweep,0.01,RW-BV,6,-1,0.6000000000000001,0.160702,0.400876,0.89747,figure_scripts/kinetic_simulation/_fits_peptide_calibration_gamma_m1/ISO-Bimodal/split-R3/rho0.01/n0/data/Sweep-Methods/TeaA_ISO-Bimodal_rho0.01_n0/Benchmark/RW_bench/TeaA_ISO-Bimodal_rho0.01_n0_RW-BV0_fit_RW_bench_R3_k_sequence/train_TeaA_ISO-Bimodal_rho0.01_n0_RW-BV0_fit_1
ISO-Bimodal/split-R3/rho0.01/n0/data/Sweep-Methods/TeaA_ISO-Bimodal_rho0.01_n0/Benchmark/RW_bench/TeaA_ISO-Bimodal_rho0.01_n0_RW-BV0_fit_RW_bench_R3_k_sequence/train_TeaA_ISO-Bimodal_rho0.01_n0_RW-BV0_fit_1,figure_scripts/kinetic_simulation/_fits_peptide_calibration_gamma_m1,gamma=-1 sweep,0.01,RW-BV,9,-1,0.9,0.156519,0.395625,1.69871,figure_scripts/kinetic_simulation/_fits_peptide_calibration_gamma_m1/ISO-Bimodal/split-R3/rho0.01/n0/data/Sweep-Methods/TeaA_ISO-Bimodal_rho0.01_n0/Benchmark/RW_bench/TeaA_ISO-Bimodal_rho0.01_n0_RW-BV0_fit_RW_bench_R3_k_sequence/train_TeaA_ISO-Bimodal_rho0.01_n0_RW-BV0_fit_1
ISO-Bimodal/split-R3/rho0.01/n0/data/Sweep-Methods/TeaA_ISO-Bimodal_rho0.01_n0/Benchmark/RW_bench/TeaA_ISO-Bimodal_rho0.01_n0_RW-BV0_fit_RW_bench_R3_k_sequence/train_TeaA_ISO-Bimodal_rho0.01_n0_RW-BV0_fit_1,figure_scripts/kinetic_simulation/_fits_peptide_calibration_gamma_m1,gamma=-1 sweep,0.01,RW-BV,3,-1,0.30000000000000004,0.166169,0.407638,0.27353,figure_scripts/kinetic_simulation/_fits_peptide_calibration_gamma_m1/ISO-Bimodal/split-R3/rho0.01/n0/data/Sweep-Methods/TeaA_ISO-Bimodal_rho0.01_n0/Benchmark/RW_bench/TeaA_ISO-Bimodal_rho0.01_n0_RW-BV0_fit_RW_bench_R3_k_sequence/train_TeaA_ISO-Bimodal_rho0.01_n0_RW-BV0_fit_1
ISO-Bimodal/split-R3/rho0.01/n0/data/Sweep-Methods/TeaA_ISO-Bimodal_rho0.01_n0/Benchmark/RW_bench/TeaA_ISO-Bimodal_rho0.01_n0_RW-BV0_fit_RW_bench_R3_k_sequence/train_TeaA_ISO-Bimodal_rho0.01_n0_RW-BV0_fit_1,figure_scripts/kinetic_simulation/_fits_peptide_calibration_gamma_m1,gamma=-1 sweep,0.01,RW-BV,4,-1,0.4,0.164165,0.405172,0.45412,figure_scripts/kinetic_simulation/_fits_peptide_calibration_gamma_m1/ISO-Bimodal/split-R3/rho0.01/n0/data/Sweep-Methods/TeaA_ISO-Bimodal_rho0.01_n0/Benchmark/RW_bench/TeaA_ISO-Bimodal_rho0.01_n0_RW-BV0_fit_RW_bench_R3_k_sequence/train_TeaA_ISO-Bimodal_rho0.01_n0_RW-BV0_fit_1
ISO-Bimodal/split-R3/rho0.01/n0/data/Sweep-Methods/TeaA_ISO-Bimodal_rho0.01_n0/Benchmark/RW_bench/TeaA_ISO-Bimodal_rho0.01_n0_RW-BV0_fit_RW_bench_R3_k_sequence/train_TeaA_ISO-Bimodal_rho0.01_n0_RW-BV0_fit_3,figure_scripts/kinetic_simulation/_fits_peptide_calibration_gamma_m1,gamma=-1 sweep,0.01,RW-BV,7,-1,0.7000000000000001,0.139945,0.374092,1.07111,figure_scripts/kinetic_simulation/_fits_peptide_calibration_gamma_m1/ISO-Bimodal/split-R3/rho0.01/n0/data/Sweep-Methods/TeaA_ISO-Bimodal_rho0.01_n0/Benchmark/RW_bench/TeaA_ISO-Bimodal_rho0.01_n0_RW-BV0_fit_RW_bench_R3_k_sequence/train_TeaA_ISO-Bimodal_rho0.01_n0_RW-BV0_fit_3
ISO-Bimodal/split-R3/rho0.01/n0/data/Sweep-Methods/TeaA_ISO-Bimodal_rho0.01_n0/Benchmark/RW_bench/TeaA_ISO-Bimodal_rho0.01_n0_RW-BV0_fit_RW_bench_R3_k_sequence/train_TeaA_ISO-Bimodal_rho0.01_n0_RW-BV0_fit_3,figure_scripts/kinetic_simulation/_fits_peptide_calibration_gamma_m1,gamma=-1 sweep,0.01,RW-BV,5,-1,0.5,0.143029,0.378192,0.52101,figure_scripts/kinetic_simulation/_fits_peptide_calibration_gamma_m1/ISO-Bimodal/split-R3/rho0.01/n0/data/Sweep-Methods/TeaA_ISO-Bimodal_rho0.01_n0/Benchmark/RW_bench/TeaA_ISO-Bimodal_rho0.01_n0_RW-BV0_fit_RW_bench_R3_k_sequence/train_TeaA_ISO-Bimodal_rho0.01_n0_RW-BV0_fit_3
ISO-Bimodal/split-R3/rho0.01/n0/data/Sweep-Methods/TeaA_ISO-Bimodal_rho0.01_n0/Benchmark/RW_bench/TeaA_ISO-Bimodal_rho0.01_n0_RW-BV0_fit_RW_bench_R3_k_sequence/train_TeaA_ISO-Bimodal_rho0.01_n0_RW-BV0_fit_3,figure_scripts/kinetic_simulation/_fits_peptide_calibration_gamma_m1,gamma=-1 sweep,0.01,RW-BV,1,-1,0.1,0.148684,0.385596,0.02061,figure_scripts/kinetic_simulation/_fits_peptide_calibration_gamma_m1/ISO-Bimodal/split-R3/rho0.01/n0/data/Sweep-Methods/TeaA_ISO-Bimodal_rho0.01_n0/Benchmark/RW_bench/TeaA_ISO-Bimodal_rho0.01_n0_RW-BV0_fit_RW_bench_R3_k_sequence/train_TeaA_ISO-Bimodal_rho0.01_n0_RW-BV0_fit_3
ISO-Bimodal/split-R3/rho0.01/n0/data/Sweep-Methods/TeaA_ISO-Bimodal_rho0.01_n0/Benchmark/RW_bench/TeaA_ISO-Bimodal_rho0.01_n0_RW-BV0_fit_RW_bench_R3_k_sequence/train_TeaA_ISO-Bimodal_rho0.01_n0_RW-BV0_fit_3,figure_scripts/kinetic_simulation/_fits_peptide_calibration_gamma_m1,gamma=-1 sweep,0.01,RW-BV,8,-1,0.8,0.138274,0.371852,1.44476,figure_scripts/kinetic_simulation/_fits_peptide_calibration_gamma_m1/ISO-Bimodal/split-R3/rho0.01/n0/data/Sweep-Methods/TeaA_ISO-Bimodal_rho0.01_n0/Benchmark/RW_bench/TeaA_ISO-Bimodal_rho0.01_n0_RW-BV0_fit_RW_bench_R3_k_sequence/train_TeaA_ISO-Bimodal_rho0.01_n0_RW-BV0_fit_3
ISO-Bimodal/split-R3/rho0.01/n0/data/Sweep-Methods/TeaA_ISO-Bimodal_rho0.01_n0/Benchmark/RW_bench/TeaA_ISO-Bimodal_rho0.01_n0_RW-BV0_fit_RW_bench_R3_k_sequence/train_TeaA_ISO-Bimodal_rho0.01_n0_RW-BV0_fit_3,figure_scripts/kinetic_simulation/_fits_peptide_calibration_gamma_m1,gamma=-1 sweep,0.01,RW-BV,2,-1,0.2,0.147283,0.383775,0.08195,figure_scripts/kinetic_simulation/_fits_peptide_calibration_gamma_m1/ISO-Bimodal/split-R3/rho0.01/n0/data/Sweep-Methods/TeaA_ISO-Bimodal_rho0.01_n0/Benchmark/RW_bench/TeaA_ISO-Bimodal_rho0.01_n0_RW-BV0_fit_RW_bench_R3_k_sequence/train_TeaA_ISO-Bimodal_rho0.01_n0_RW-BV0_fit_3
ISO-Bimodal/split-R3/rho0.01/n0/data/Sweep-Methods/TeaA_ISO-Bimodal_rho0.01_n0/Benchmark/RW_bench/TeaA_ISO-Bimodal_rho0.01_n0_RW-BV0_fit_RW_bench_R3_k_sequence/train_TeaA_ISO-Bimodal_rho0.01_n0_RW-BV0_fit_3,figure_scripts/kinetic_simulation/_fits_peptide_calibration_gamma_m1,gamma=-1 sweep,0.01,RW-BV,6,-1,0.6000000000000001,0.141526,0.3762,0.76571,figure_scripts/kinetic_simulation/_fits_peptide_calibration_gamma_m1/ISO-Bimodal/split-R3/rho0.01/n0/data/Sweep-Methods/TeaA_ISO-Bimodal_rho0.01_n0/Benchmark/RW_bench/TeaA_ISO-Bimodal_rho0.01_n0_RW-BV0_fit_RW_bench_R3_k_sequence/train_TeaA_ISO-Bimodal_rho0.01_n0_RW-BV0_fit_3
ISO-Bimodal/split-R3/rho0.01/n0/data/Sweep-Methods/TeaA_ISO-Bimodal_rho0.01_n0/Benchmark/RW_bench/TeaA_ISO-Bimodal_rho0.01_n0_RW-BV0_fit_RW_bench_R3_k_sequence/train_TeaA_ISO-Bimodal_rho0.01_n0_RW-BV0_fit_3,figure_scripts/kinetic_simulation/_fits_peptide_calibration_gamma_m1,gamma=-1 sweep,0.01,RW-BV,9,-1,0.9,0.136516,0.369481,1.89132,figure_scripts/kinetic_simulation/_fits_peptide_calibration_gamma_m1/ISO-Bimodal/split-R3/rho0.01/n0/data/Sweep-Methods/TeaA_ISO-Bimodal_rho0.01_n0/Benchmark/RW_bench/TeaA_ISO-Bimodal_rho0.01_n0_RW-BV0_fit_RW_bench_R3_k_sequence/train_TeaA_ISO-Bimodal_rho0.01_n0_RW-BV0_fit_3
ISO-Bimodal/split-R3/rho0.01/n0/data/Sweep-Methods/TeaA_ISO-Bimodal_rho0.01_n0/Benchmark/RW_bench/TeaA_ISO-Bimodal_rho0.01_n0_RW-BV0_fit_RW_bench_R3_k_sequence/train_TeaA_ISO-Bimodal_rho0.01_n0_RW-BV0_fit_3,figure_scripts/kinetic_simulation/_fits_peptide_calibration_gamma_m1,gamma=-1 sweep,0.01,RW-BV,3,-1,0.30000000000000004,0.145886,0.38195,0.18421,figure_scripts/kinetic_simulation/_fits_peptide_calibration_gamma_m1/ISO-Bimodal/split-R3/rho0.01/n0/data/Sweep-Methods/TeaA_ISO-Bimodal_rho0.01_n0/Benchmark/RW_bench/TeaA_ISO-Bimodal_rho0.01_n0_RW-BV0_fit_RW_bench_R3_k_sequence/train_TeaA_ISO-Bimodal_rho0.01_n0_RW-BV0_fit_3
ISO-Bimodal/split-R3/rho0.01/n0/data/Sweep-Methods/TeaA_ISO-Bimodal_rho0.01_n0/Benchmark/RW_bench/TeaA_ISO-Bimodal_rho0.01_n0_RW-BV0_fit_RW_bench_R3_k_sequence/train_TeaA_ISO-Bimodal_rho0.01_n0_RW-BV0_fit_3,figure_scripts/kinetic_simulation/_fits_peptide_calibration_gamma_m1,gamma=-1 sweep,0.01,RW-BV,4,-1,0.4,0.144475,0.380099,0.32924,figure_scripts/kinetic_simulation/_fits_peptide_calibration_gamma_m1/ISO-Bimodal/split-R3/rho0.01/n0/data/Sweep-Methods/TeaA_ISO-Bimodal_rho0.01_n0/Benchmark/RW_bench/TeaA_ISO-Bimodal_rho0.01_n0_RW-BV0_fit_RW_bench_R3_k_sequence/train_TeaA_ISO-Bimodal_rho0.01_n0_RW-BV0_fit_3
ISO-Bimodal/split-R3/rho0.01/n0/data/Sweep-Methods/TeaA_ISO-Bimodal_rho0.01_n0/Benchmark/RW_bench/TeaA_ISO-Bimodal_rho0.01_n0_RW-BV0_fit_RW_bench_R3_k_sequence/train_TeaA_ISO-Bimodal_rho0.01_n0_RW-BV0_fit_2,figure_scripts/kinetic_simulation/_fits_peptide_calibration_gamma_m1,gamma=-1 sweep,0.01,RW-BV,7,-1,0.7000000000000001,0.147556,0.38413,0.64015,figure_scripts/kinetic_simulation/_fits_peptide_calibration_gamma_m1/ISO-Bimodal/split-R3/rho0.01/n0/data/Sweep-Methods/TeaA_ISO-Bimodal_rho0.01_n0/Benchmark/RW_bench/TeaA_ISO-Bimodal_rho0.01_n0_RW-BV0_fit_RW_bench_R3_k_sequence/train_TeaA_ISO-Bimodal_rho0.01_n0_RW-BV0_fit_2
ISO-Bimodal/split-R3/rho0.01/n0/data/Sweep-Methods/TeaA_ISO-Bimodal_rho0.01_n0/Benchmark/RW_bench/TeaA_ISO-Bimodal_rho0.01_n0_RW-BV0_fit_RW_bench_R3_k_sequence/train_TeaA_ISO-Bimodal_rho0.01_n0_RW-BV0_fit_2,figure_scripts/kinetic_simulation/_fits_peptide_calibration_gamma_m1,gamma=-1 sweep,0.01,RW-BV,5,-1,0.5,0.149568,0.38674,0.33418,figure_scripts/kinetic_simulation/_fits_peptide_calibration_gamma_m1/ISO-Bimodal/split-R3/rho0.01/n0/data/Sweep-Methods/TeaA_ISO-Bimodal_rho0.01_n0/Benchmark/RW_bench/TeaA_ISO-Bimodal_rho0.01_n0_RW-BV0_fit_RW_bench_R3_k_sequence/train_TeaA_ISO-Bimodal_rho0.01_n0_RW-BV0_fit_2
ISO-Bimodal/split-R3/rho0.01/n0/data/Sweep-Methods/TeaA_ISO-Bimodal_rho0.01_n0/Benchmark/RW_bench/TeaA_ISO-Bimodal_rho0.01_n0_RW-BV0_fit_RW_bench_R3_k_sequence/train_TeaA_ISO-Bimodal_rho0.01_n0_RW-BV0_fit_2,figure_scripts/kinetic_simulation/_fits_peptide_calibration_gamma_m1,gamma=-1 sweep,0.01,RW-BV,1,-1,0.1,0.153765,0.392129,0.014,figure_scripts/kinetic_simulation/_fits_peptide_calibration_gamma_m1/ISO-Bimodal/split-R3/rho0.01/n0/data/Sweep-Methods/TeaA_ISO-Bimodal_rho0.01_n0/Benchmark/RW_bench/TeaA_ISO-Bimodal_rho0.01_n0_RW-BV0_fit_RW_bench_R3_k_sequence/train_TeaA_ISO-Bimodal_rho0.01_n0_RW-BV0_fit_2
ISO-Bimodal/split-R3/rho0.01/n0/data/Sweep-Methods/TeaA_ISO-Bimodal_rho0.01_n0/Benchmark/RW_bench/TeaA_ISO-Bimodal_rho0.01_n0_RW-BV0_fit_RW_bench_R3_k_sequence/train_TeaA_ISO-Bimodal_rho0.01_n0_RW-BV0_fit_2,figure_scripts/kinetic_simulation/_fits_peptide_calibration_gamma_m1,gamma=-1 sweep,0.01,RW-BV,8,-1,0.8,0.146571,0.382845,0.82676,figure_scripts/kinetic_simulation/_fits_peptide_calibration_gamma_m1/ISO-Bimodal/split-R3/rho0.01/n0/data/Sweep-Methods/TeaA_ISO-Bimodal_rho0.01_n0/Benchmark/RW_bench/TeaA_ISO-Bimodal_rho0.01_n0_RW-BV0_fit_RW_bench_R3_k_sequence/train_TeaA_ISO-Bimodal_rho0.01_n0_RW-BV0_fit_2
ISO-Bimodal/split-R3/rho0.01/n0/data/Sweep-Methods/TeaA_ISO-Bimodal_rho0.01_n0/Benchmark/RW_bench/TeaA_ISO-Bimodal_rho0.01_n0_RW-BV0_fit_RW_bench_R3_k_sequence/train_TeaA_ISO-Bimodal_rho0.01_n0_RW-BV0_fit_2,figure_scripts/kinetic_simulation/_fits_peptide_calibration_gamma_m1,gamma=-1 sweep,0.01,RW-BV,2,-1,0.2,0.152694,0.390761,0.05535,figure_scripts/kinetic_simulation/_fits_peptide_calibration_gamma_m1/ISO-Bimodal/split-R3/rho0.01/n0/data/Sweep-Methods/TeaA_ISO-Bimodal_rho0.01_n0/Benchmark/RW_bench/TeaA_ISO-Bimodal_rho0.01_n0_RW-BV0_fit_RW_bench_R3_k_sequence/train_TeaA_ISO-Bimodal_rho0.01_n0_RW-BV0_fit_2
ISO-Bimodal/split-R3/rho0.01/n0/data/Sweep-Methods/TeaA_ISO-Bimodal_rho0.01_n0/Benchmark/RW_bench/TeaA_ISO-Bimodal_rho0.01_n0_RW-BV0_fit_RW_bench_R3_k_sequence/train_TeaA_ISO-Bimodal_rho0.01_n0_RW-BV0_fit_2,figure_scripts/kinetic_simulation/_fits_peptide_calibration_gamma_m1,gamma=-1 sweep,0.01,RW-BV,6,-1,0.6000000000000001,0.148554,0.385428,0.47571,figure_scripts/kinetic_simulation/_fits_peptide_calibration_gamma_m1/ISO-Bimodal/split-R3/rho0.01/n0/data/Sweep-Methods/TeaA_ISO-Bimodal_rho0.01_n0/Benchmark/RW_bench/TeaA_ISO-Bimodal_rho0.01_n0_RW-BV0_fit_RW_bench_R3_k_sequence/train_TeaA_ISO-Bimodal_rho0.01_n0_RW-BV0_fit_2
ISO-Bimodal/split-R3/rho0.01/n0/data/Sweep-Methods/TeaA_ISO-Bimodal_rho0.01_n0/Benchmark/RW_bench/TeaA_ISO-Bimodal_rho0.01_n0_RW-BV0_fit_RW_bench_R3_k_sequence/train_TeaA_ISO-Bimodal_rho0.01_n0_RW-BV0_fit_2,figure_scripts/kinetic_simulation/_fits_peptide_calibration_gamma_m1,gamma=-1 sweep,0.01,RW-BV,9,-1,0.9,0.145599,0.381574,1.03487,figure_scripts/kinetic_simulation/_fits_peptide_calibration_gamma_m1/ISO-Bimodal/split-R3/rho0.01/n0/data/Sweep-Methods/TeaA_ISO-Bimodal_rho0.01_n0/Benchmark/RW_bench/TeaA_ISO-Bimodal_rho0.01_n0_RW-BV0_fit_RW_bench_R3_k_sequence/train_TeaA_ISO-Bimodal_rho0.01_n0_RW-BV0_fit_2
ISO-Bimodal/split-R3/rho0.01/n0/data/Sweep-Methods/TeaA_ISO-Bimodal_rho0.01_n0/Benchmark/RW_bench/TeaA_ISO-Bimodal_rho0.01_n0_RW-BV0_fit_RW_bench_R3_k_sequence/train_TeaA_ISO-Bimodal_rho0.01_n0_RW-BV0_fit_2,figure_scripts/kinetic_simulation/_fits_peptide_calibration_gamma_m1,gamma=-1 sweep,0.01,RW-BV,3,-1,0.30000000000000004,0.151637,0.389407,0.12312,figure_scripts/kinetic_simulation/_fits_peptide_calibration_gamma_m1/ISO-Bimodal/split-R3/rho0.01/n0/data/Sweep-Methods/TeaA_ISO-Bimodal_rho0.01_n0/Benchmark/RW_bench/TeaA_ISO-Bimodal_rho0.01_n0_RW-BV0_fit_RW_bench_R3_k_sequence/train_TeaA_ISO-Bimodal_rho0.01_n0_RW-BV0_fit_2
ISO-Bimodal/split-R3/rho0.01/n0/data/Sweep-Methods/TeaA_ISO-Bimodal_rho0.01_n0/Benchmark/RW_bench/TeaA_ISO-Bimodal_rho0.01_n0_RW-BV0_fit_RW_bench_R3_k_sequence/train_TeaA_ISO-Bimodal_rho0.01_n0_RW-BV0_fit_2,figure_scripts/kinetic_simulation/_fits_peptide_calibration_gamma_m1,gamma=-1 sweep,0.01,RW-BV,4,-1,0.4,0.150595,0.388066,0.21636,figure_scripts/kinetic_simulation/_fits_peptide_calibration_gamma_m1/ISO-Bimodal/split-R3/rho0.01/n0/data/Sweep-Methods/TeaA_ISO-Bimodal_rho0.01_n0/Benchmark/RW_bench/TeaA_ISO-Bimodal_rho0.01_n0_RW-BV0_fit_RW_bench_R3_k_sequence/train_TeaA_ISO-Bimodal_rho0.01_n0_RW-BV0_fit_2
ISO-Bimodal/split-R3/rho0.01/n0/data/Sweep-Methods/TeaA_ISO-Bimodal_rho0.01_n0/Benchmark/RW_bench/TeaA_ISO-Bimodal_rho0.01_n0_BV-RW1_fit_RW_bench_R3_k_sequence/train_TeaA_ISO-Bimodal_rho0.01_n0_BV-RW1_fit_2,figure_scripts/kinetic_simulation/_fits_peptide_calibration_gamma_m1,gamma=-1 sweep,0.01,BV-RW,7,-1,0.7000000000000001,0.002676,0.05173,0.01581,figure_scripts/kinetic_simulation/_fits_peptide_calibration_gamma_m1/ISO-Bimodal/split-R3/rho0.01/n0/data/Sweep-Methods/TeaA_ISO-Bimodal_rho0.01_n0/Benchmark/RW_bench/TeaA_ISO-Bimodal_rho0.01_n0_BV-RW1_fit_RW_bench_R3_k_sequence/train_TeaA_ISO-Bimodal_rho0.01_n0_BV-RW1_fit_2
ISO-Bimodal/split-R3/rho0.01/n0/data/Sweep-Methods/TeaA_ISO-Bimodal_rho0.01_n0/Benchmark/RW_bench/TeaA_ISO-Bimodal_rho0.01_n0_BV-RW1_fit_RW_bench_R3_k_sequence/train_TeaA_ISO-Bimodal_rho0.01_n0_BV-RW1_fit_2,figure_scripts/kinetic_simulation/_fits_peptide_calibration_gamma_m1,gamma=-1 sweep,0.01,BV-RW,5,-1,0.5,0.002717,0.052127,0.00822,figure_scripts/kinetic_simulation/_fits_peptide_calibration_gamma_m1/ISO-Bimodal/split-R3/rho0.01/n0/data/Sweep-Methods/TeaA_ISO-Bimodal_rho0.01_n0/Benchmark/RW_bench/TeaA_ISO-Bimodal_rho0.01_n0_BV-RW1_fit_RW_bench_R3_k_sequence/train_TeaA_ISO-Bimodal_rho0.01_n0_BV-RW1_fit_2
ISO-Bimodal/split-R3/rho0.01/n0/data/Sweep-Methods/TeaA_ISO-Bimodal_rho0.01_n0/Benchmark/RW_bench/TeaA_ISO-Bimodal_rho0.01_n0_BV-RW1_fit_RW_bench_R3_k_sequence/train_TeaA_ISO-Bimodal_rho0.01_n0_BV-RW1_fit_2,figure_scripts/kinetic_simulation/_fits_peptide_calibration_gamma_m1,gamma=-1 sweep,0.01,BV-RW,1,-1,0.1,0.002803,0.052942,0.00034,figure_scripts/kinetic_simulation/_fits_peptide_calibration_gamma_m1/ISO-Bimodal/split-R3/rho0.01/n0/data/Sweep-Methods/TeaA_ISO-Bimodal_rho0.01_n0/Benchmark/RW_bench/TeaA_ISO-Bimodal_rho0.01_n0_BV-RW1_fit_RW_bench_R3_k_sequence/train_TeaA_ISO-Bimodal_rho0.01_n0_BV-RW1_fit_2
ISO-Bimodal/split-R3/rho0.01/n0/data/Sweep-Methods/TeaA_ISO-Bimodal_rho0.01_n0/Benchmark/RW_bench/TeaA_ISO-Bimodal_rho0.01_n0_BV-RW1_fit_RW_bench_R3_k_sequence/train_TeaA_ISO-Bimodal_rho0.01_n0_BV-RW1_fit_2,figure_scripts/kinetic_simulation/_fits_peptide_calibration_gamma_m1,gamma=-1 sweep,0.01,BV-RW,8,-1,0.8,0.002656,0.051535,0.02044,figure_scripts/kinetic_simulation/_fits_peptide_calibration_gamma_m1/ISO-Bimodal/split-R3/rho0.01/n0/data/Sweep-Methods/TeaA_ISO-Bimodal_rho0.01_n0/Benchmark/RW_bench/TeaA_ISO-Bimodal_rho0.01_n0_BV-RW1_fit_RW_bench_R3_k_sequence/train_TeaA_ISO-Bimodal_rho0.01_n0_BV-RW1_fit_2
ISO-Bimodal/split-R3/rho0.01/n0/data/Sweep-Methods/TeaA_ISO-Bimodal_rho0.01_n0/Benchmark/RW_bench/TeaA_ISO-Bimodal_rho0.01_n0_BV-RW1_fit_RW_bench_R3_k_sequence/train_TeaA_ISO-Bimodal_rho0.01_n0_BV-RW1_fit_2,figure_scripts/kinetic_simulation/_fits_peptide_calibration_gamma_m1,gamma=-1 sweep,0.01,BV-RW,2,-1,0.2,0.002781,0.052736,0.00135,figure_scripts/kinetic_simulation/_fits_peptide_calibration_gamma_m1/ISO-Bimodal/split-R3/rho0.01/n0/data/Sweep-Methods/TeaA_ISO-Bimodal_rho0.01_n0/Benchmark/RW_bench/TeaA_ISO-Bimodal_rho0.01_n0_BV-RW1_fit_RW_bench_R3_k_sequence/train_TeaA_ISO-Bimodal_rho0.01_n0_BV-RW1_fit_2
ISO-Bimodal/split-R3/rho0.01/n0/data/Sweep-Methods/TeaA_ISO-Bimodal_rho0.01_n0/Benchmark/RW_bench/TeaA_ISO-Bimodal_rho0.01_n0_BV-RW1_fit_RW_bench_R3_k_sequence/train_TeaA_ISO-Bimodal_rho0.01_n0_BV-RW1_fit_2,figure_scripts/kinetic_simulation/_fits_peptide_calibration_gamma_m1,gamma=-1 sweep,0.01,BV-RW,6,-1,0.6000000000000001,0.002697,0.051928,0.01172,figure_scripts/kinetic_simulation/_fits_peptide_calibration_gamma_m1/ISO-Bimodal/split-R3/rho0.01/n0/data/Sweep-Methods/TeaA_ISO-Bimodal_rho0.01_n0/Benchmark/RW_bench/TeaA_ISO-Bimodal_rho0.01_n0_BV-RW1_fit_RW_bench_R3_k_sequence/train_TeaA_ISO-Bimodal_rho0.01_n0_BV-RW1_fit_2
ISO-Bimodal/split-R3/rho0.01/n0/data/Sweep-Methods/TeaA_ISO-Bimodal_rho0.01_n0/Benchmark/RW_bench/TeaA_ISO-Bimodal_rho0.01_n0_BV-RW1_fit_RW_bench_R3_k_sequence/train_TeaA_ISO-Bimodal_rho0.01_n0_BV-RW1_fit_2,figure_scripts/kinetic_simulation/_fits_peptide_calibration_gamma_m1,gamma=-1 sweep,0.01,BV-RW,9,-1,0.9,0.002636,0.051341,0.02562,figure_scripts/kinetic_simulation/_fits_peptide_calibration_gamma_m1/ISO-Bimodal/split-R3/rho0.01/n0/data/Sweep-Methods/TeaA_ISO-Bimodal_rho0.01_n0/Benchmark/RW_bench/TeaA_ISO-Bimodal_rho0.01_n0_BV-RW1_fit_RW_bench_R3_k_sequence/train_TeaA_ISO-Bimodal_rho0.01_n0_BV-RW1_fit_2
ISO-Bimodal/split-R3/rho0.01/n0/data/Sweep-Methods/TeaA_ISO-Bimodal_rho0.01_n0/Benchmark/RW_bench/TeaA_ISO-Bimodal_rho0.01_n0_BV-RW1_fit_RW_bench_R3_k_sequence/train_TeaA_ISO-Bimodal_rho0.01_n0_BV-RW1_fit_2,figure_scripts/kinetic_simulation/_fits_peptide_calibration_gamma_m1,gamma=-1 sweep,0.01,BV-RW,3,-1,0.30000000000000004,0.00276,0.052531,0.00301,figure_scripts/kinetic_simulation/_fits_peptide_calibration_gamma_m1/ISO-Bimodal/split-R3/rho0.01/n0/data/Sweep-Methods/TeaA_ISO-Bimodal_rho0.01_n0/Benchmark/RW_bench/TeaA_ISO-Bimodal_rho0.01_n0_BV-RW1_fit_RW_bench_R3_k_sequence/train_TeaA_ISO-Bimodal_rho0.01_n0_BV-RW1_fit_2
ISO-Bimodal/split-R3/rho0.01/n0/data/Sweep-Methods/TeaA_ISO-Bimodal_rho0.01_n0/Benchmark/RW_bench/TeaA_ISO-Bimodal_rho0.01_n0_BV-RW1_fit_RW_bench_R3_k_sequence/train_TeaA_ISO-Bimodal_rho0.01_n0_BV-RW1_fit_2,figure_scripts/kinetic_simulation/_fits_peptide_calibration_gamma_m1,gamma=-1 sweep,0.01,BV-RW,4,-1,0.4,0.002738,0.052329,0.00531,figure_scripts/kinetic_simulation/_fits_peptide_calibration_gamma_m1/ISO-Bimodal/split-R3/rho0.01/n0/data/Sweep-Methods/TeaA_ISO-Bimodal_rho0.01_n0/Benchmark/RW_bench/TeaA_ISO-Bimodal_rho0.01_n0_BV-RW1_fit_RW_bench_R3_k_sequence/train_TeaA_ISO-Bimodal_rho0.01_n0_BV-RW1_fit_2
ISO-Bimodal/split-R3/rho0.01/n0/data/Sweep-Methods/TeaA_ISO-Bimodal_rho0.01_n0/Benchmark/RW_bench/TeaA_ISO-Bimodal_rho0.01_n0_BV-RW1_fit_RW_bench_R3_k_sequence/train_TeaA_ISO-Bimodal_rho0.01_n0_BV-RW1_fit_3,figure_scripts/kinetic_simulation/_fits_peptide_calibration_gamma_m1,gamma=-1 sweep,0.01,BV-RW,7,-1,0.7000000000000001,0.002487,0.049869,0.01461,figure_scripts/kinetic_simulation/_fits_peptide_calibration_gamma_m1/ISO-Bimodal/split-R3/rho0.01/n0/data/Sweep-Methods/TeaA_ISO-Bimodal_rho0.01_n0/Benchmark/RW_bench/TeaA_ISO-Bimodal_rho0.01_n0_BV-RW1_fit_RW_bench_R3_k_sequence/train_TeaA_ISO-Bimodal_rho0.01_n0_BV-RW1_fit_3
ISO-Bimodal/split-R3/rho0.01/n0/data/Sweep-Methods/TeaA_ISO-Bimodal_rho0.01_n0/Benchmark/RW_bench/TeaA_ISO-Bimodal_rho0.01_n0_BV-RW1_fit_RW_bench_R3_k_sequence/train_TeaA_ISO-Bimodal_rho0.01_n0_BV-RW1_fit_3,figure_scripts/kinetic_simulation/_fits_peptide_calibration_gamma_m1,gamma=-1 sweep,0.01,BV-RW,5,-1,0.5,0.002518,0.050176,0.00771,figure_scripts/kinetic_simulation/_fits_peptide_calibration_gamma_m1/ISO-Bimodal/split-R3/rho0.01/n0/data/Sweep-Methods/TeaA_ISO-Bimodal_rho0.01_n0/Benchmark/RW_bench/TeaA_ISO-Bimodal_rho0.01_n0_BV-RW1_fit_RW_bench_R3_k_sequence/train_TeaA_ISO-Bimodal_rho0.01_n0_BV-RW1_fit_3
ISO-Bimodal/split-R3/rho0.01/n0/data/Sweep-Methods/TeaA_ISO-Bimodal_rho0.01_n0/Benchmark/RW_bench/TeaA_ISO-Bimodal_rho0.01_n0_BV-RW1_fit_RW_bench_R3_k_sequence/train_TeaA_ISO-Bimodal_rho0.01_n0_BV-RW1_fit_3,figure_scripts/kinetic_simulation/_fits_peptide_calibration_gamma_m1,gamma=-1 sweep,0.01,BV-RW,1,-1,0.1,0.002584,0.050833,0.00033,figure_scripts/kinetic_simulation/_fits_peptide_calibration_gamma_m1/ISO-Bimodal/split-R3/rho0.01/n0/data/Sweep-Methods/TeaA_ISO-Bimodal_rho0.01_n0/Benchmark/RW_bench/TeaA_ISO-Bimodal_rho0.01_n0_BV-RW1_fit_RW_bench_R3_k_sequence/train_TeaA_ISO-Bimodal_rho0.01_n0_BV-RW1_fit_3
ISO-Bimodal/split-R3/rho0.01/n0/data/Sweep-Methods/TeaA_ISO-Bimodal_rho0.01_n0/Benchmark/RW_bench/TeaA_ISO-Bimodal_rho0.01_n0_BV-RW1_fit_RW_bench_R3_k_sequence/train_TeaA_ISO-Bimodal_rho0.01_n0_BV-RW1_fit_3,figure_scripts/kinetic_simulation/_fits_peptide_calibration_gamma_m1,gamma=-1 sweep,0.01,BV-RW,8,-1,0.8,0.002472,0.049721,0.01876,figure_scripts/kinetic_simulation/_fits_peptide_calibration_gamma_m1/ISO-Bimodal/split-R3/rho0.01/n0/data/Sweep-Methods/TeaA_ISO-Bimodal_rho0.01_n0/Benchmark/RW_bench/TeaA_ISO-Bimodal_rho0.01_n0_BV-RW1_fit_RW_bench_R3_k_sequence/train_TeaA_ISO-Bimodal_rho0.01_n0_BV-RW1_fit_3
ISO-Bimodal/split-R3/rho0.01/n0/data/Sweep-Methods/TeaA_ISO-Bimodal_rho0.01_n0/Benchmark/RW_bench/TeaA_ISO-Bimodal_rho0.01_n0_BV-RW1_fit_RW_bench_R3_k_sequence/train_TeaA_ISO-Bimodal_rho0.01_n0_BV-RW1_fit_3,figure_scripts/kinetic_simulation/_fits_peptide_calibration_gamma_m1,gamma=-1 sweep,0.01,BV-RW,2,-1,0.2,0.002567,0.050663,0.0013,figure_scripts/kinetic_simulation/_fits_peptide_calibration_gamma_m1/ISO-Bimodal/split-R3/rho0.01/n0/data/Sweep-Methods/TeaA_ISO-Bimodal_rho0.01_n0/Benchmark/RW_bench/TeaA_ISO-Bimodal_rho0.01_n0_BV-RW1_fit_RW_bench_R3_k_sequence/train_TeaA_ISO-Bimodal_rho0.01_n0_BV-RW1_fit_3
ISO-Bimodal/split-R3/rho0.01/n0/data/Sweep-Methods/TeaA_ISO-Bimodal_rho0.01_n0/Benchmark/RW_bench/TeaA_ISO-Bimodal_rho0.01_n0_BV-RW1_fit_RW_bench_R3_k_sequence/train_TeaA_ISO-Bimodal_rho0.01_n0_BV-RW1_fit_3,figure_scripts/kinetic_simulation/_fits_peptide_calibration_gamma_m1,gamma=-1 sweep,0.01,BV-RW,6,-1,0.6000000000000001,0.002502,0.050021,0.01091,figure_scripts/kinetic_simulation/_fits_peptide_calibration_gamma_m1/ISO-Bimodal/split-R3/rho0.01/n0/data/Sweep-Methods/TeaA_ISO-Bimodal_rho0.01_n0/Benchmark/RW_bench/TeaA_ISO-Bimodal_rho0.01_n0_BV-RW1_fit_RW_bench_R3_k_sequence/train_TeaA_ISO-Bimodal_rho0.01_n0_BV-RW1_fit_3
ISO-Bimodal/split-R3/rho0.01/n0/data/Sweep-Methods/TeaA_ISO-Bimodal_rho0.01_n0/Benchmark/RW_bench/TeaA_ISO-Bimodal_rho0.01_n0_BV-RW1_fit_RW_bench_R3_k_sequence/train_TeaA_ISO-Bimodal_rho0.01_n0_BV-RW1_fit_3,figure_scripts/kinetic_simulation/_fits_peptide_calibration_gamma_m1,gamma=-1 sweep,0.01,BV-RW,9,-1,0.9,0.002458,0.049575,0.02335,figure_scripts/kinetic_simulation/_fits_peptide_calibration_gamma_m1/ISO-Bimodal/split-R3/rho0.01/n0/data/Sweep-Methods/TeaA_ISO-Bimodal_rho0.01_n0/Benchmark/RW_bench/TeaA_ISO-Bimodal_rho0.01_n0_BV-RW1_fit_RW_bench_R3_k_sequence/train_TeaA_ISO-Bimodal_rho0.01_n0_BV-RW1_fit_3
ISO-Bimodal/split-R3/rho0.01/n0/data/Sweep-Methods/TeaA_ISO-Bimodal_rho0.01_n0/Benchmark/RW_bench/TeaA_ISO-Bimodal_rho0.01_n0_BV-RW1_fit_RW_bench_R3_k_sequence/train_TeaA_ISO-Bimodal_rho0.01_n0_BV-RW1_fit_3,figure_scripts/kinetic_simulation/_fits_peptide_calibration_gamma_m1,gamma=-1 sweep,0.01,BV-RW,3,-1,0.30000000000000004,0.00255,0.050497,0.00287,figure_scripts/kinetic_simulation/_fits_peptide_calibration_gamma_m1/ISO-Bimodal/split-R3/rho0.01/n0/data/Sweep-Methods/TeaA_ISO-Bimodal_rho0.01_n0/Benchmark/RW_bench/TeaA_ISO-Bimodal_rho0.01_n0_BV-RW1_fit_RW_bench_R3_k_sequence/train_TeaA_ISO-Bimodal_rho0.01_n0_BV-RW1_fit_3
ISO-Bimodal/split-R3/rho0.01/n0/data/Sweep-Methods/TeaA_ISO-Bimodal_rho0.01_n0/Benchmark/RW_bench/TeaA_ISO-Bimodal_rho0.01_n0_BV-RW1_fit_RW_bench_R3_k_sequence/train_TeaA_ISO-Bimodal_rho0.01_n0_BV-RW1_fit_3,figure_scripts/kinetic_simulation/_fits_peptide_calibration_gamma_m1,gamma=-1 sweep,0.01,BV-RW,4,-1,0.4,0.002534,0.050335,0.00502,figure_scripts/kinetic_simulation/_fits_peptide_calibration_gamma_m1/ISO-Bimodal/split-R3/rho0.01/n0/data/Sweep-Methods/TeaA_ISO-Bimodal_rho0.01_n0/Benchmark/RW_bench/TeaA_ISO-Bimodal_rho0.01_n0_BV-RW1_fit_RW_bench_R3_k_sequence/train_TeaA_ISO-Bimodal_rho0.01_n0_BV-RW1_fit_3
ISO-Bimodal/split-R3/rho0.01/n0/data/Sweep-Methods/TeaA_ISO-Bimodal_rho0.01_n0/Benchmark/RW_bench/TeaA_ISO-Bimodal_rho0.01_n0_BV-RW1_fit_RW_bench_R3_k_sequence/train_TeaA_ISO-Bimodal_rho0.01_n0_BV-RW1_fit_1,figure_scripts/kinetic_simulation/_fits_peptide_calibration_gamma_m1,gamma=-1 sweep,0.01,BV-RW,7,-1,0.7000000000000001,0.001612,0.040156,0.00328,figure_scripts/kinetic_simulation/_fits_peptide_calibration_gamma_m1/ISO-Bimodal/split-R3/rho0.01/n0/data/Sweep-Methods/TeaA_ISO-Bimodal_rho0.01_n0/Benchmark/RW_bench/TeaA_ISO-Bimodal_rho0.01_n0_BV-RW1_fit_RW_bench_R3_k_sequence/train_TeaA_ISO-Bimodal_rho0.01_n0_BV-RW1_fit_1
ISO-Bimodal/split-R3/rho0.01/n0/data/Sweep-Methods/TeaA_ISO-Bimodal_rho0.01_n0/Benchmark/RW_bench/TeaA_ISO-Bimodal_rho0.01_n0_BV-RW1_fit_RW_bench_R3_k_sequence/train_TeaA_ISO-Bimodal_rho0.01_n0_BV-RW1_fit_1,figure_scripts/kinetic_simulation/_fits_peptide_calibration_gamma_m1,gamma=-1 sweep,0.01,BV-RW,5,-1,0.5,0.001622,0.04027,0.0017,figure_scripts/kinetic_simulation/_fits_peptide_calibration_gamma_m1/ISO-Bimodal/split-R3/rho0.01/n0/data/Sweep-Methods/TeaA_ISO-Bimodal_rho0.01_n0/Benchmark/RW_bench/TeaA_ISO-Bimodal_rho0.01_n0_BV-RW1_fit_RW_bench_R3_k_sequence/train_TeaA_ISO-Bimodal_rho0.01_n0_BV-RW1_fit_1
ISO-Bimodal/split-R3/rho0.01/n0/data/Sweep-Methods/TeaA_ISO-Bimodal_rho0.01_n0/Benchmark/RW_bench/TeaA_ISO-Bimodal_rho0.01_n0_BV-RW1_fit_RW_bench_R3_k_sequence/train_TeaA_ISO-Bimodal_rho0.01_n0_BV-RW1_fit_1,figure_scripts/kinetic_simulation/_fits_peptide_calibration_gamma_m1,gamma=-1 sweep,0.01,BV-RW,1,-1,0.1,0.001641,0.040508,7e-05,figure_scripts/kinetic_simulation/_fits_peptide_calibration_gamma_m1/ISO-Bimodal/split-R3/rho0.01/n0/data/Sweep-Methods/TeaA_ISO-Bimodal_rho0.01_n0/Benchmark/RW_bench/TeaA_ISO-Bimodal_rho0.01_n0_BV-RW1_fit_RW_bench_R3_k_sequence/train_TeaA_ISO-Bimodal_rho0.01_n0_BV-RW1_fit_1
ISO-Bimodal/split-R3/rho0.01/n0/data/Sweep-Methods/TeaA_ISO-Bimodal_rho0.01_n0/Benchmark/RW_bench/TeaA_ISO-Bimodal_rho0.01_n0_BV-RW1_fit_RW_bench_R3_k_sequence/train_TeaA_ISO-Bimodal_rho0.01_n0_BV-RW1_fit_1,figure_scripts/kinetic_simulation/_fits_peptide_calibration_gamma_m1,gamma=-1 sweep,0.01,BV-RW,8,-1,0.8,0.001608,0.040099,0.00424,figure_scripts/kinetic_simulation/_fits_peptide_calibration_gamma_m1/ISO-Bimodal/split-R3/rho0.01/n0/data/Sweep-Methods/TeaA_ISO-Bimodal_rho0.01_n0/Benchmark/RW_bench/TeaA_ISO-Bimodal_rho0.01_n0_BV-RW1_fit_RW_bench_R3_k_sequence/train_TeaA_ISO-Bimodal_rho0.01_n0_BV-RW1_fit_1
ISO-Bimodal/split-R3/rho0.01/n0/data/Sweep-Methods/TeaA_ISO-Bimodal_rho0.01_n0/Benchmark/RW_bench/TeaA_ISO-Bimodal_rho0.01_n0_BV-RW1_fit_RW_bench_R3_k_sequence/train_TeaA_ISO-Bimodal_rho0.01_n0_BV-RW1_fit_1,figure_scripts/kinetic_simulation/_fits_peptide_calibration_gamma_m1,gamma=-1 sweep,0.01,BV-RW,2,-1,0.2,0.001636,0.040447,0.00028,figure_scripts/kinetic_simulation/_fits_peptide_calibration_gamma_m1/ISO-Bimodal/split-R3/rho0.01/n0/data/Sweep-Methods/TeaA_ISO-Bimodal_rho0.01_n0/Benchmark/RW_bench/TeaA_ISO-Bimodal_rho0.01_n0_BV-RW1_fit_RW_bench_R3_k_sequence/train_TeaA_ISO-Bimodal_rho0.01_n0_BV-RW1_fit_1
ISO-Bimodal/split-R3/rho0.01/n0/data/Sweep-Methods/TeaA_ISO-Bimodal_rho0.01_n0/Benchmark/RW_bench/TeaA_ISO-Bimodal_rho0.01_n0_BV-RW1_fit_RW_bench_R3_k_sequence/train_TeaA_ISO-Bimodal_rho0.01_n0_BV-RW1_fit_1,figure_scripts/kinetic_simulation/_fits_peptide_calibration_gamma_m1,gamma=-1 sweep,0.01,BV-RW,6,-1,0.6000000000000001,0.001617,0.040213,0.00243,figure_scripts/kinetic_simulation/_fits_peptide_calibration_gamma_m1/ISO-Bimodal/split-R3/rho0.01/n0/data/Sweep-Methods/TeaA_ISO-Bimodal_rho0.01_n0/Benchmark/RW_bench/TeaA_ISO-Bimodal_rho0.01_n0_BV-RW1_fit_RW_bench_R3_k_sequence/train_TeaA_ISO-Bimodal_rho0.01_n0_BV-RW1_fit_1
ISO-Bimodal/split-R3/rho0.01/n0/data/Sweep-Methods/TeaA_ISO-Bimodal_rho0.01_n0/Benchmark/RW_bench/TeaA_ISO-Bimodal_rho0.01_n0_BV-RW1_fit_RW_bench_R3_k_sequence/train_TeaA_ISO-Bimodal_rho0.01_n0_BV-RW1_fit_1,figure_scripts/kinetic_simulation/_fits_peptide_calibration_gamma_m1,gamma=-1 sweep,0.01,BV-RW,9,-1,0.9,0.001603,0.040043,0.00532,figure_scripts/kinetic_simulation/_fits_peptide_calibration_gamma_m1/ISO-Bimodal/split-R3/rho0.01/n0/data/Sweep-Methods/TeaA_ISO-Bimodal_rho0.01_n0/Benchmark/RW_bench/TeaA_ISO-Bimodal_rho0.01_n0_BV-RW1_fit_RW_bench_R3_k_sequence/train_TeaA_ISO-Bimodal_rho0.01_n0_BV-RW1_fit_1
ISO-Bimodal/split-R3/rho0.01/n0/data/Sweep-Methods/TeaA_ISO-Bimodal_rho0.01_n0/Benchmark/RW_bench/TeaA_ISO-Bimodal_rho0.01_n0_BV-RW1_fit_RW_bench_R3_k_sequence/train_TeaA_ISO-Bimodal_rho0.01_n0_BV-RW1_fit_1,figure_scripts/kinetic_simulation/_fits_peptide_calibration_gamma_m1,gamma=-1 sweep,0.01,BV-RW,3,-1,0.30000000000000004,0.001631,0.040388,0.00063,figure_scripts/kinetic_simulation/_fits_peptide_calibration_gamma_m1/ISO-Bimodal/split-R3/rho0.01/n0/data/Sweep-Methods/TeaA_ISO-Bimodal_rho0.01_n0/Benchmark/RW_bench/TeaA_ISO-Bimodal_rho0.01_n0_BV-RW1_fit_RW_bench_R3_k_sequence/train_TeaA_ISO-Bimodal_rho0.01_n0_BV-RW1_fit_1
ISO-Bimodal/split-R3/rho0.01/n0/data/Sweep-Methods/TeaA_ISO-Bimodal_rho0.01_n0/Benchmark/RW_bench/TeaA_ISO-Bimodal_rho0.01_n0_BV-RW1_fit_RW_bench_R3_k_sequence/train_TeaA_ISO-Bimodal_rho0.01_n0_BV-RW1_fit_1,figure_scripts/kinetic_simulation/_fits_peptide_calibration_gamma_m1,gamma=-1 sweep,0.01,BV-RW,4,-1,0.4,0.001626,0.040329,0.0011,figure_scripts/kinetic_simulation/_fits_peptide_calibration_gamma_m1/ISO-Bimodal/split-R3/rho0.01/n0/data/Sweep-Methods/TeaA_ISO-Bimodal_rho0.01_n0/Benchmark/RW_bench/TeaA_ISO-Bimodal_rho0.01_n0_BV-RW1_fit_RW_bench_R3_k_sequence/train_TeaA_ISO-Bimodal_rho0.01_n0_BV-RW1_fit_1
ISO-Bimodal/split-R3/rho0.01/n0/data/Sweep-Methods/TeaA_ISO-Bimodal_rho0.01_n0/Benchmark/BV_bench/TeaA_ISO-Bimodal_rho0.01_n0_RW-BV1_fit_BV_bench_R3_k_sequence/train_TeaA_ISO-Bimodal_rho0.01_n0_RW-BV1_fit_2,figure_scripts/kinetic_simulation/_fits_peptide_calibration_gamma_m1,gamma=-1 sweep,0.01,RW-BV,3,0,3.0,0.002769,0.052619,0.0,figure_scripts/kinetic_simulation/_fits_peptide_calibration_gamma_m1/ISO-Bimodal/split-R3/rho0.01/n0/data/Sweep-Methods/TeaA_ISO-Bimodal_rho0.01_n0/Benchmark/BV_bench/TeaA_ISO-Bimodal_rho0.01_n0_RW-BV1_fit_BV_bench_R3_k_sequence/train_TeaA_ISO-Bimodal_rho0.01_n0_RW-BV1_fit_2
ISO-Bimodal/split-R3/rho0.01/n0/data/Sweep-Methods/TeaA_ISO-Bimodal_rho0.01_n0/Benchmark/BV_bench/TeaA_ISO-Bimodal_rho0.01_n0_RW-BV1_fit_BV_bench_R3_k_sequence/train_TeaA_ISO-Bimodal_rho0.01_n0_RW-BV1_fit_1,figure_scripts/kinetic_simulation/_fits_peptide_calibration_gamma_m1,gamma=-1 sweep,0.01,RW-BV,3,0,3.0,0.001621,0.040259,0.0,figure_scripts/kinetic_simulation/_fits_peptide_calibration_gamma_m1/ISO-Bimodal/split-R3/rho0.01/n0/data/Sweep-Methods/TeaA_ISO-Bimodal_rho0.01_n0/Benchmark/BV_bench/TeaA_ISO-Bimodal_rho0.01_n0_RW-BV1_fit_BV_bench_R3_k_sequence/train_TeaA_ISO-Bimodal_rho0.01_n0_RW-BV1_fit_1
ISO-Bimodal/split-R3/rho0.01/n0/data/Sweep-Methods/TeaA_ISO-Bimodal_rho0.01_n0/Benchmark/BV_bench/TeaA_ISO-Bimodal_rho0.01_n0_RW-BV1_fit_BV_bench_R3_k_sequence/train_TeaA_ISO-Bimodal_rho0.01_n0_RW-BV1_fit_3,figure_scripts/kinetic_simulation/_fits_peptide_calibration_gamma_m1,gamma=-1 sweep,0.01,RW-BV,3,0,3.0,0.002398,0.048969,0.0,figure_scripts/kinetic_simulation/_fits_peptide_calibration_gamma_m1/ISO-Bimodal/split-R3/rho0.01/n0/data/Sweep-Methods/TeaA_ISO-Bimodal_rho0.01_n0/Benchmark/BV_bench/TeaA_ISO-Bimodal_rho0.01_n0_RW-BV1_fit_BV_bench_R3_k_sequence/train_TeaA_ISO-Bimodal_rho0.01_n0_RW-BV1_fit_3
ISO-Bimodal/split-R3/rho0.01/n0/data/Sweep-Methods/TeaA_ISO-Bimodal_rho0.01_n0/Benchmark/BV_bench/TeaA_ISO-Bimodal_rho0.01_n0_BV-RW0_fit_BV_bench_R3_k_sequence/train_TeaA_ISO-Bimodal_rho0.01_n0_BV-RW0_fit_3,figure_scripts/kinetic_simulation/_fits_peptide_calibration_gamma_m1,gamma=-1 sweep,0.01,BV-RW,3,0,3.0,0.002409,0.049082,0.0,figure_scripts/kinetic_simulation/_fits_peptide_calibration_gamma_m1/ISO-Bimodal/split-R3/rho0.01/n0/data/Sweep-Methods/TeaA_ISO-Bimodal_rho0.01_n0/Benchmark/BV_bench/TeaA_ISO-Bimodal_rho0.01_n0_BV-RW0_fit_BV_bench_R3_k_sequence/train_TeaA_ISO-Bimodal_rho0.01_n0_BV-RW0_fit_3
ISO-Bimodal/split-R3/rho0.01/n0/data/Sweep-Methods/TeaA_ISO-Bimodal_rho0.01_n0/Benchmark/BV_bench/TeaA_ISO-Bimodal_rho0.01_n0_BV-RW0_fit_BV_bench_R3_k_sequence/train_TeaA_ISO-Bimodal_rho0.01_n0_BV-RW0_fit_1,figure_scripts/kinetic_simulation/_fits_peptide_calibration_gamma_m1,gamma=-1 sweep,0.01,BV-RW,3,0,3.0,0.001611,0.040143,0.0,figure_scripts/kinetic_simulation/_fits_peptide_calibration_gamma_m1/ISO-Bimodal/split-R3/rho0.01/n0/data/Sweep-Methods/TeaA_ISO-Bimodal_rho0.01_n0/Benchmark/BV_bench/TeaA_ISO-Bimodal_rho0.01_n0_BV-RW0_fit_BV_bench_R3_k_sequence/train_TeaA_ISO-Bimodal_rho0.01_n0_BV-RW0_fit_1
ISO-Bimodal/split-R3/rho0.01/n0/data/Sweep-Methods/TeaA_ISO-Bimodal_rho0.01_n0/Benchmark/BV_bench/TeaA_ISO-Bimodal_rho0.01_n0_BV-RW0_fit_BV_bench_R3_k_sequence/train_TeaA_ISO-Bimodal_rho0.01_n0_BV-RW0_fit_2,figure_scripts/kinetic_simulation/_fits_peptide_calibration_gamma_m1,gamma=-1 sweep,0.01,BV-RW,3,0,3.0,0.002778,0.052703,0.0,figure_scripts/kinetic_simulation/_fits_peptide_calibration_gamma_m1/ISO-Bimodal/split-R3/rho0.01/n0/data/Sweep-Methods/TeaA_ISO-Bimodal_rho0.01_n0/Benchmark/BV_bench/TeaA_ISO-Bimodal_rho0.01_n0_BV-RW0_fit_BV_bench_R3_k_sequence/train_TeaA_ISO-Bimodal_rho0.01_n0_BV-RW0_fit_2
ISO-Bimodal/split-R3/rho1/n0/data/Sweep-Methods/TeaA_ISO-Bimodal_rho1_n0/Benchmark/RW_bench/TeaA_ISO-Bimodal_rho1_n0_BV-RW1_fit_RW_bench_R3_k_sequence/train_TeaA_ISO-Bimodal_rho1_n0_BV-RW1_fit_1,figure_scripts/kinetic_simulation/_fits_peptide_calibration_gamma_m1,gamma=-1 sweep,1,BV-RW,7,-1,0.7000000000000001,0.00197,0.044389,0.01044,figure_scripts/kinetic_simulation/_fits_peptide_calibration_gamma_m1/ISO-Bimodal/split-R3/rho1/n0/data/Sweep-Methods/TeaA_ISO-Bimodal_rho1_n0/Benchmark/RW_bench/TeaA_ISO-Bimodal_rho1_n0_BV-RW1_fit_RW_bench_R3_k_sequence/train_TeaA_ISO-Bimodal_rho1_n0_BV-RW1_fit_1
ISO-Bimodal/split-R3/rho1/n0/data/Sweep-Methods/TeaA_ISO-Bimodal_rho1_n0/Benchmark/RW_bench/TeaA_ISO-Bimodal_rho1_n0_BV-RW1_fit_RW_bench_R3_k_sequence/train_TeaA_ISO-Bimodal_rho1_n0_BV-RW1_fit_1,figure_scripts/kinetic_simulation/_fits_peptide_calibration_gamma_m1,gamma=-1 sweep,1,BV-RW,5,-1,0.5,0.002,0.044725,0.00547,figure_scripts/kinetic_simulation/_fits_peptide_calibration_gamma_m1/ISO-Bimodal/split-R3/rho1/n0/data/Sweep-Methods/TeaA_ISO-Bimodal_rho1_n0/Benchmark/RW_bench/TeaA_ISO-Bimodal_rho1_n0_BV-RW1_fit_RW_bench_R3_k_sequence/train_TeaA_ISO-Bimodal_rho1_n0_BV-RW1_fit_1
ISO-Bimodal/split-R3/rho1/n0/data/Sweep-Methods/TeaA_ISO-Bimodal_rho1_n0/Benchmark/RW_bench/TeaA_ISO-Bimodal_rho1_n0_BV-RW1_fit_RW_bench_R3_k_sequence/train_TeaA_ISO-Bimodal_rho1_n0_BV-RW1_fit_1,figure_scripts/kinetic_simulation/_fits_peptide_calibration_gamma_m1,gamma=-1 sweep,1,BV-RW,1,-1,0.1,0.002064,0.045432,0.00023,figure_scripts/kinetic_simulation/_fits_peptide_calibration_gamma_m1/ISO-Bimodal/split-R3/rho1/n0/data/Sweep-Methods/TeaA_ISO-Bimodal_rho1_n0/Benchmark/RW_bench/TeaA_ISO-Bimodal_rho1_n0_BV-RW1_fit_RW_bench_R3_k_sequence/train_TeaA_ISO-Bimodal_rho1_n0_BV-RW1_fit_1
ISO-Bimodal/split-R3/rho1/n0/data/Sweep-Methods/TeaA_ISO-Bimodal_rho1_n0/Benchmark/RW_bench/TeaA_ISO-Bimodal_rho1_n0_BV-RW1_fit_RW_bench_R3_k_sequence/train_TeaA_ISO-Bimodal_rho1_n0_BV-RW1_fit_1,figure_scripts/kinetic_simulation/_fits_peptide_calibration_gamma_m1,gamma=-1 sweep,1,BV-RW,8,-1,0.8,0.001956,0.044224,0.01346,figure_scripts/kinetic_simulation/_fits_peptide_calibration_gamma_m1/ISO-Bimodal/split-R3/rho1/n0/data/Sweep-Methods/TeaA_ISO-Bimodal_rho1_n0/Benchmark/RW_bench/TeaA_ISO-Bimodal_rho1_n0_BV-RW1_fit_RW_bench_R3_k_sequence/train_TeaA_ISO-Bimodal_rho1_n0_BV-RW1_fit_1
ISO-Bimodal/split-R3/rho1/n0/data/Sweep-Methods/TeaA_ISO-Bimodal_rho1_n0/Benchmark/RW_bench/TeaA_ISO-Bimodal_rho1_n0_BV-RW1_fit_RW_bench_R3_k_sequence/train_TeaA_ISO-Bimodal_rho1_n0_BV-RW1_fit_1,figure_scripts/kinetic_simulation/_fits_peptide_calibration_gamma_m1,gamma=-1 sweep,1,BV-RW,2,-1,0.2,0.002048,0.045251,0.00091,figure_scripts/kinetic_simulation/_fits_peptide_calibration_gamma_m1/ISO-Bimodal/split-R3/rho1/n0/data/Sweep-Methods/TeaA_ISO-Bimodal_rho1_n0/Benchmark/RW_bench/TeaA_ISO-Bimodal_rho1_n0_BV-RW1_fit_RW_bench_R3_k_sequence/train_TeaA_ISO-Bimodal_rho1_n0_BV-RW1_fit_1
ISO-Bimodal/split-R3/rho1/n0/data/Sweep-Methods/TeaA_ISO-Bimodal_rho1_n0/Benchmark/RW_bench/TeaA_ISO-Bimodal_rho1_n0_BV-RW1_fit_RW_bench_R3_k_sequence/train_TeaA_ISO-Bimodal_rho1_n0_BV-RW1_fit_1,figure_scripts/kinetic_simulation/_fits_peptide_calibration_gamma_m1,gamma=-1 sweep,1,BV-RW,6,-1,0.6000000000000001,0.001985,0.044556,0.00777,figure_scripts/kinetic_simulation/_fits_peptide_calibration_gamma_m1/ISO-Bimodal/split-R3/rho1/n0/data/Sweep-Methods/TeaA_ISO-Bimodal_rho1_n0/Benchmark/RW_bench/TeaA_ISO-Bimodal_rho1_n0_BV-RW1_fit_RW_bench_R3_k_sequence/train_TeaA_ISO-Bimodal_rho1_n0_BV-RW1_fit_1
ISO-Bimodal/split-R3/rho1/n0/data/Sweep-Methods/TeaA_ISO-Bimodal_rho1_n0/Benchmark/RW_bench/TeaA_ISO-Bimodal_rho1_n0_BV-RW1_fit_RW_bench_R3_k_sequence/train_TeaA_ISO-Bimodal_rho1_n0_BV-RW1_fit_1,figure_scripts/kinetic_simulation/_fits_peptide_calibration_gamma_m1,gamma=-1 sweep,1,BV-RW,9,-1,0.9,0.001942,0.044063,0.01683,figure_scripts/kinetic_simulation/_fits_peptide_calibration_gamma_m1/ISO-Bimodal/split-R3/rho1/n0/data/Sweep-Methods/TeaA_ISO-Bimodal_rho1_n0/Benchmark/RW_bench/TeaA_ISO-Bimodal_rho1_n0_BV-RW1_fit_RW_bench_R3_k_sequence/train_TeaA_ISO-Bimodal_rho1_n0_BV-RW1_fit_1
ISO-Bimodal/split-R3/rho1/n0/data/Sweep-Methods/TeaA_ISO-Bimodal_rho1_n0/Benchmark/RW_bench/TeaA_ISO-Bimodal_rho1_n0_BV-RW1_fit_RW_bench_R3_k_sequence/train_TeaA_ISO-Bimodal_rho1_n0_BV-RW1_fit_1,figure_scripts/kinetic_simulation/_fits_peptide_calibration_gamma_m1,gamma=-1 sweep,1,BV-RW,3,-1,0.30000000000000004,0.002032,0.045073,0.00202,figure_scripts/kinetic_simulation/_fits_peptide_calibration_gamma_m1/ISO-Bimodal/split-R3/rho1/n0/data/Sweep-Methods/TeaA_ISO-Bimodal_rho1_n0/Benchmark/RW_bench/TeaA_ISO-Bimodal_rho1_n0_BV-RW1_fit_RW_bench_R3_k_sequence/train_TeaA_ISO-Bimodal_rho1_n0_BV-RW1_fit_1
ISO-Bimodal/split-R3/rho1/n0/data/Sweep-Methods/TeaA_ISO-Bimodal_rho1_n0/Benchmark/RW_bench/TeaA_ISO-Bimodal_rho1_n0_BV-RW1_fit_RW_bench_R3_k_sequence/train_TeaA_ISO-Bimodal_rho1_n0_BV-RW1_fit_1,figure_scripts/kinetic_simulation/_fits_peptide_calibration_gamma_m1,gamma=-1 sweep,1,BV-RW,4,-1,0.4,0.002016,0.044898,0.00354,figure_scripts/kinetic_simulation/_fits_peptide_calibration_gamma_m1/ISO-Bimodal/split-R3/rho1/n0/data/Sweep-Methods/TeaA_ISO-Bimodal_rho1_n0/Benchmark/RW_bench/TeaA_ISO-Bimodal_rho1_n0_BV-RW1_fit_RW_bench_R3_k_sequence/train_TeaA_ISO-Bimodal_rho1_n0_BV-RW1_fit_1
ISO-Bimodal/split-R3/rho1/n0/data/Sweep-Methods/TeaA_ISO-Bimodal_rho1_n0/Benchmark/RW_bench/TeaA_ISO-Bimodal_rho1_n0_BV-RW1_fit_RW_bench_R3_k_sequence/train_TeaA_ISO-Bimodal_rho1_n0_BV-RW1_fit_2,figure_scripts/kinetic_simulation/_fits_peptide_calibration_gamma_m1,gamma=-1 sweep,1,BV-RW,7,-1,0.7000000000000001,0.003414,0.058426,0.02074,figure_scripts/kinetic_simulation/_fits_peptide_calibration_gamma_m1/ISO-Bimodal/split-R3/rho1/n0/data/Sweep-Methods/TeaA_ISO-Bimodal_rho1_n0/Benchmark/RW_bench/TeaA_ISO-Bimodal_rho1_n0_BV-RW1_fit_RW_bench_R3_k_sequence/train_TeaA_ISO-Bimodal_rho1_n0_BV-RW1_fit_2
ISO-Bimodal/split-R3/rho1/n0/data/Sweep-Methods/TeaA_ISO-Bimodal_rho1_n0/Benchmark/RW_bench/TeaA_ISO-Bimodal_rho1_n0_BV-RW1_fit_RW_bench_R3_k_sequence/train_TeaA_ISO-Bimodal_rho1_n0_BV-RW1_fit_2,figure_scripts/kinetic_simulation/_fits_peptide_calibration_gamma_m1,gamma=-1 sweep,1,BV-RW,5,-1,0.5,0.003472,0.058926,0.01068,figure_scripts/kinetic_simulation/_fits_peptide_calibration_gamma_m1/ISO-Bimodal/split-R3/rho1/n0/data/Sweep-Methods/TeaA_ISO-Bimodal_rho1_n0/Benchmark/RW_bench/TeaA_ISO-Bimodal_rho1_n0_BV-RW1_fit_RW_bench_R3_k_sequence/train_TeaA_ISO-Bimodal_rho1_n0_BV-RW1_fit_2
ISO-Bimodal/split-R3/rho1/n0/data/Sweep-Methods/TeaA_ISO-Bimodal_rho1_n0/Benchmark/RW_bench/TeaA_ISO-Bimodal_rho1_n0_BV-RW1_fit_RW_bench_R3_k_sequence/train_TeaA_ISO-Bimodal_rho1_n0_BV-RW1_fit_2,figure_scripts/kinetic_simulation/_fits_peptide_calibration_gamma_m1,gamma=-1 sweep,1,BV-RW,1,-1,0.1,0.003592,0.059935,0.00044,figure_scripts/kinetic_simulation/_fits_peptide_calibration_gamma_m1/ISO-Bimodal/split-R3/rho1/n0/data/Sweep-Methods/TeaA_ISO-Bimodal_rho1_n0/Benchmark/RW_bench/TeaA_ISO-Bimodal_rho1_n0_BV-RW1_fit_RW_bench_R3_k_sequence/train_TeaA_ISO-Bimodal_rho1_n0_BV-RW1_fit_2
ISO-Bimodal/split-R3/rho1/n0/data/Sweep-Methods/TeaA_ISO-Bimodal_rho1_n0/Benchmark/RW_bench/TeaA_ISO-Bimodal_rho1_n0_BV-RW1_fit_RW_bench_R3_k_sequence/train_TeaA_ISO-Bimodal_rho1_n0_BV-RW1_fit_2,figure_scripts/kinetic_simulation/_fits_peptide_calibration_gamma_m1,gamma=-1 sweep,1,BV-RW,8,-1,0.8,0.003385,0.058177,0.02696,figure_scripts/kinetic_simulation/_fits_peptide_calibration_gamma_m1/ISO-Bimodal/split-R3/rho1/n0/data/Sweep-Methods/TeaA_ISO-Bimodal_rho1_n0/Benchmark/RW_bench/TeaA_ISO-Bimodal_rho1_n0_BV-RW1_fit_RW_bench_R3_k_sequence/train_TeaA_ISO-Bimodal_rho1_n0_BV-RW1_fit_2
ISO-Bimodal/split-R3/rho1/n0/data/Sweep-Methods/TeaA_ISO-Bimodal_rho1_n0/Benchmark/RW_bench/TeaA_ISO-Bimodal_rho1_n0_BV-RW1_fit_RW_bench_R3_k_sequence/train_TeaA_ISO-Bimodal_rho1_n0_BV-RW1_fit_2,figure_scripts/kinetic_simulation/_fits_peptide_calibration_gamma_m1,gamma=-1 sweep,1,BV-RW,2,-1,0.2,0.003562,0.059682,0.00174,figure_scripts/kinetic_simulation/_fits_peptide_calibration_gamma_m1/ISO-Bimodal/split-R3/rho1/n0/data/Sweep-Methods/TeaA_ISO-Bimodal_rho1_n0/Benchmark/RW_bench/TeaA_ISO-Bimodal_rho1_n0_BV-RW1_fit_RW_bench_R3_k_sequence/train_TeaA_ISO-Bimodal_rho1_n0_BV-RW1_fit_2
ISO-Bimodal/split-R3/rho1/n0/data/Sweep-Methods/TeaA_ISO-Bimodal_rho1_n0/Benchmark/RW_bench/TeaA_ISO-Bimodal_rho1_n0_BV-RW1_fit_RW_bench_R3_k_sequence/train_TeaA_ISO-Bimodal_rho1_n0_BV-RW1_fit_2,figure_scripts/kinetic_simulation/_fits_peptide_calibration_gamma_m1,gamma=-1 sweep,1,BV-RW,6,-1,0.6000000000000001,0.003443,0.058676,0.01531,figure_scripts/kinetic_simulation/_fits_peptide_calibration_gamma_m1/ISO-Bimodal/split-R3/rho1/n0/data/Sweep-Methods/TeaA_ISO-Bimodal_rho1_n0/Benchmark/RW_bench/TeaA_ISO-Bimodal_rho1_n0_BV-RW1_fit_RW_bench_R3_k_sequence/train_TeaA_ISO-Bimodal_rho1_n0_BV-RW1_fit_2
ISO-Bimodal/split-R3/rho1/n0/data/Sweep-Methods/TeaA_ISO-Bimodal_rho1_n0/Benchmark/RW_bench/TeaA_ISO-Bimodal_rho1_n0_BV-RW1_fit_RW_bench_R3_k_sequence/train_TeaA_ISO-Bimodal_rho1_n0_BV-RW1_fit_2,figure_scripts/kinetic_simulation/_fits_peptide_calibration_gamma_m1,gamma=-1 sweep,1,BV-RW,9,-1,0.9,0.003356,0.057929,0.03396,figure_scripts/kinetic_simulation/_fits_peptide_calibration_gamma_m1/ISO-Bimodal/split-R3/rho1/n0/data/Sweep-Methods/TeaA_ISO-Bimodal_rho1_n0/Benchmark/RW_bench/TeaA_ISO-Bimodal_rho1_n0_BV-RW1_fit_RW_bench_R3_k_sequence/train_TeaA_ISO-Bimodal_rho1_n0_BV-RW1_fit_2
ISO-Bimodal/split-R3/rho1/n0/data/Sweep-Methods/TeaA_ISO-Bimodal_rho1_n0/Benchmark/RW_bench/TeaA_ISO-Bimodal_rho1_n0_BV-RW1_fit_RW_bench_R3_k_sequence/train_TeaA_ISO-Bimodal_rho1_n0_BV-RW1_fit_2,figure_scripts/kinetic_simulation/_fits_peptide_calibration_gamma_m1,gamma=-1 sweep,1,BV-RW,3,-1,0.30000000000000004,0.003532,0.059429,0.00389,figure_scripts/kinetic_simulation/_fits_peptide_calibration_gamma_m1/ISO-Bimodal/split-R3/rho1/n0/data/Sweep-Methods/TeaA_ISO-Bimodal_rho1_n0/Benchmark/RW_bench/TeaA_ISO-Bimodal_rho1_n0_BV-RW1_fit_RW_bench_R3_k_sequence/train_TeaA_ISO-Bimodal_rho1_n0_BV-RW1_fit_2
ISO-Bimodal/split-R3/rho1/n0/data/Sweep-Methods/TeaA_ISO-Bimodal_rho1_n0/Benchmark/RW_bench/TeaA_ISO-Bimodal_rho1_n0_BV-RW1_fit_RW_bench_R3_k_sequence/train_TeaA_ISO-Bimodal_rho1_n0_BV-RW1_fit_2,figure_scripts/kinetic_simulation/_fits_peptide_calibration_gamma_m1,gamma=-1 sweep,1,BV-RW,4,-1,0.4,0.003502,0.059177,0.00687,figure_scripts/kinetic_simulation/_fits_peptide_calibration_gamma_m1/ISO-Bimodal/split-R3/rho1/n0/data/Sweep-Methods/TeaA_ISO-Bimodal_rho1_n0/Benchmark/RW_bench/TeaA_ISO-Bimodal_rho1_n0_BV-RW1_fit_RW_bench_R3_k_sequence/train_TeaA_ISO-Bimodal_rho1_n0_BV-RW1_fit_2
ISO-Bimodal/split-R3/rho1/n0/data/Sweep-Methods/TeaA_ISO-Bimodal_rho1_n0/Benchmark/RW_bench/TeaA_ISO-Bimodal_rho1_n0_BV-RW1_fit_RW_bench_R3_k_sequence/train_TeaA_ISO-Bimodal_rho1_n0_BV-RW1_fit_3,figure_scripts/kinetic_simulation/_fits_peptide_calibration_gamma_m1,gamma=-1 sweep,1,BV-RW,7,-1,0.7000000000000001,0.002395,0.048939,0.01569,figure_scripts/kinetic_simulation/_fits_peptide_calibration_gamma_m1/ISO-Bimodal/split-R3/rho1/n0/data/Sweep-Methods/TeaA_ISO-Bimodal_rho1_n0/Benchmark/RW_bench/TeaA_ISO-Bimodal_rho1_n0_BV-RW1_fit_RW_bench_R3_k_sequence/train_TeaA_ISO-Bimodal_rho1_n0_BV-RW1_fit_3
ISO-Bimodal/split-R3/rho1/n0/data/Sweep-Methods/TeaA_ISO-Bimodal_rho1_n0/Benchmark/RW_bench/TeaA_ISO-Bimodal_rho1_n0_BV-RW1_fit_RW_bench_R3_k_sequence/train_TeaA_ISO-Bimodal_rho1_n0_BV-RW1_fit_3,figure_scripts/kinetic_simulation/_fits_peptide_calibration_gamma_m1,gamma=-1 sweep,1,BV-RW,5,-1,0.5,0.002434,0.049338,0.00811,figure_scripts/kinetic_simulation/_fits_peptide_calibration_gamma_m1/ISO-Bimodal/split-R3/rho1/n0/data/Sweep-Methods/TeaA_ISO-Bimodal_rho1_n0/Benchmark/RW_bench/TeaA_ISO-Bimodal_rho1_n0_BV-RW1_fit_RW_bench_R3_k_sequence/train_TeaA_ISO-Bimodal_rho1_n0_BV-RW1_fit_3
ISO-Bimodal/split-R3/rho1/n0/data/Sweep-Methods/TeaA_ISO-Bimodal_rho1_n0/Benchmark/RW_bench/TeaA_ISO-Bimodal_rho1_n0_BV-RW1_fit_RW_bench_R3_k_sequence/train_TeaA_ISO-Bimodal_rho1_n0_BV-RW1_fit_3,figure_scripts/kinetic_simulation/_fits_peptide_calibration_gamma_m1,gamma=-1 sweep,1,BV-RW,1,-1,0.1,0.002515,0.050148,0.00033,figure_scripts/kinetic_simulation/_fits_peptide_calibration_gamma_m1/ISO-Bimodal/split-R3/rho1/n0/data/Sweep-Methods/TeaA_ISO-Bimodal_rho1_n0/Benchmark/RW_bench/TeaA_ISO-Bimodal_rho1_n0_BV-RW1_fit_RW_bench_R3_k_sequence/train_TeaA_ISO-Bimodal_rho1_n0_BV-RW1_fit_3
ISO-Bimodal/split-R3/rho1/n0/data/Sweep-Methods/TeaA_ISO-Bimodal_rho1_n0/Benchmark/RW_bench/TeaA_ISO-Bimodal_rho1_n0_BV-RW1_fit_RW_bench_R3_k_sequence/train_TeaA_ISO-Bimodal_rho1_n0_BV-RW1_fit_3,figure_scripts/kinetic_simulation/_fits_peptide_calibration_gamma_m1,gamma=-1 sweep,1,BV-RW,8,-1,0.8,0.002376,0.048742,0.02036,figure_scripts/kinetic_simulation/_fits_peptide_calibration_gamma_m1/ISO-Bimodal/split-R3/rho1/n0/data/Sweep-Methods/TeaA_ISO-Bimodal_rho1_n0/Benchmark/RW_bench/TeaA_ISO-Bimodal_rho1_n0_BV-RW1_fit_RW_bench_R3_k_sequence/train_TeaA_ISO-Bimodal_rho1_n0_BV-RW1_fit_3
ISO-Bimodal/split-R3/rho1/n0/data/Sweep-Methods/TeaA_ISO-Bimodal_rho1_n0/Benchmark/RW_bench/TeaA_ISO-Bimodal_rho1_n0_BV-RW1_fit_RW_bench_R3_k_sequence/train_TeaA_ISO-Bimodal_rho1_n0_BV-RW1_fit_3,figure_scripts/kinetic_simulation/_fits_peptide_calibration_gamma_m1,gamma=-1 sweep,1,BV-RW,2,-1,0.2,0.002494,0.049944,0.00133,figure_scripts/kinetic_simulation/_fits_peptide_calibration_gamma_m1/ISO-Bimodal/split-R3/rho1/n0/data/Sweep-Methods/TeaA_ISO-Bimodal_rho1_n0/Benchmark/RW_bench/TeaA_ISO-Bimodal_rho1_n0_BV-RW1_fit_RW_bench_R3_k_sequence/train_TeaA_ISO-Bimodal_rho1_n0_BV-RW1_fit_3
ISO-Bimodal/split-R3/rho1/n0/data/Sweep-Methods/TeaA_ISO-Bimodal_rho1_n0/Benchmark/RW_bench/TeaA_ISO-Bimodal_rho1_n0_BV-RW1_fit_RW_bench_R3_k_sequence/train_TeaA_ISO-Bimodal_rho1_n0_BV-RW1_fit_3,figure_scripts/kinetic_simulation/_fits_peptide_calibration_gamma_m1,gamma=-1 sweep,1,BV-RW,6,-1,0.6000000000000001,0.002415,0.049138,0.0116,figure_scripts/kinetic_simulation/_fits_peptide_calibration_gamma_m1/ISO-Bimodal/split-R3/rho1/n0/data/Sweep-Methods/TeaA_ISO-Bimodal_rho1_n0/Benchmark/RW_bench/TeaA_ISO-Bimodal_rho1_n0_BV-RW1_fit_RW_bench_R3_k_sequence/train_TeaA_ISO-Bimodal_rho1_n0_BV-RW1_fit_3
ISO-Bimodal/split-R3/rho1/n0/data/Sweep-Methods/TeaA_ISO-Bimodal_rho1_n0/Benchmark/RW_bench/TeaA_ISO-Bimodal_rho1_n0_BV-RW1_fit_RW_bench_R3_k_sequence/train_TeaA_ISO-Bimodal_rho1_n0_BV-RW1_fit_3,figure_scripts/kinetic_simulation/_fits_peptide_calibration_gamma_m1,gamma=-1 sweep,1,BV-RW,9,-1,0.9,0.002357,0.048546,0.02559,figure_scripts/kinetic_simulation/_fits_peptide_calibration_gamma_m1/ISO-Bimodal/split-R3/rho1/n0/data/Sweep-Methods/TeaA_ISO-Bimodal_rho1_n0/Benchmark/RW_bench/TeaA_ISO-Bimodal_rho1_n0_BV-RW1_fit_RW_bench_R3_k_sequence/train_TeaA_ISO-Bimodal_rho1_n0_BV-RW1_fit_3
ISO-Bimodal/split-R3/rho1/n0/data/Sweep-Methods/TeaA_ISO-Bimodal_rho1_n0/Benchmark/RW_bench/TeaA_ISO-Bimodal_rho1_n0_BV-RW1_fit_RW_bench_R3_k_sequence/train_TeaA_ISO-Bimodal_rho1_n0_BV-RW1_fit_3,figure_scripts/kinetic_simulation/_fits_peptide_calibration_gamma_m1,gamma=-1 sweep,1,BV-RW,3,-1,0.30000000000000004,0.002474,0.04974,0.00296,figure_scripts/kinetic_simulation/_fits_peptide_calibration_gamma_m1/ISO-Bimodal/split-R3/rho1/n0/data/Sweep-Methods/TeaA_ISO-Bimodal_rho1_n0/Benchmark/RW_bench/TeaA_ISO-Bimodal_rho1_n0_BV-RW1_fit_RW_bench_R3_k_sequence/train_TeaA_ISO-Bimodal_rho1_n0_BV-RW1_fit_3
ISO-Bimodal/split-R3/rho1/n0/data/Sweep-Methods/TeaA_ISO-Bimodal_rho1_n0/Benchmark/RW_bench/TeaA_ISO-Bimodal_rho1_n0_BV-RW1_fit_RW_bench_R3_k_sequence/train_TeaA_ISO-Bimodal_rho1_n0_BV-RW1_fit_3,figure_scripts/kinetic_simulation/_fits_peptide_calibration_gamma_m1,gamma=-1 sweep,1,BV-RW,4,-1,0.4,0.002454,0.049538,0.00523,figure_scripts/kinetic_simulation/_fits_peptide_calibration_gamma_m1/ISO-Bimodal/split-R3/rho1/n0/data/Sweep-Methods/TeaA_ISO-Bimodal_rho1_n0/Benchmark/RW_bench/TeaA_ISO-Bimodal_rho1_n0_BV-RW1_fit_RW_bench_R3_k_sequence/train_TeaA_ISO-Bimodal_rho1_n0_BV-RW1_fit_3
ISO-Bimodal/split-R3/rho1/n0/data/Sweep-Methods/TeaA_ISO-Bimodal_rho1_n0/Benchmark/RW_bench/TeaA_ISO-Bimodal_rho1_n0_RW-BV0_fit_RW_bench_R3_k_sequence/train_TeaA_ISO-Bimodal_rho1_n0_RW-BV0_fit_2,figure_scripts/kinetic_simulation/_fits_peptide_calibration_gamma_m1,gamma=-1 sweep,1,RW-BV,7,-1,0.7000000000000001,0.011167,0.105676,0.05302,figure_scripts/kinetic_simulation/_fits_peptide_calibration_gamma_m1/ISO-Bimodal/split-R3/rho1/n0/data/Sweep-Methods/TeaA_ISO-Bimodal_rho1_n0/Benchmark/RW_bench/TeaA_ISO-Bimodal_rho1_n0_RW-BV0_fit_RW_bench_R3_k_sequence/train_TeaA_ISO-Bimodal_rho1_n0_RW-BV0_fit_2
ISO-Bimodal/split-R3/rho1/n0/data/Sweep-Methods/TeaA_ISO-Bimodal_rho1_n0/Benchmark/RW_bench/TeaA_ISO-Bimodal_rho1_n0_RW-BV0_fit_RW_bench_R3_k_sequence/train_TeaA_ISO-Bimodal_rho1_n0_RW-BV0_fit_2,figure_scripts/kinetic_simulation/_fits_peptide_calibration_gamma_m1,gamma=-1 sweep,1,RW-BV,5,-1,0.5,0.011328,0.106432,0.0276,figure_scripts/kinetic_simulation/_fits_peptide_calibration_gamma_m1/ISO-Bimodal/split-R3/rho1/n0/data/Sweep-Methods/TeaA_ISO-Bimodal_rho1_n0/Benchmark/RW_bench/TeaA_ISO-Bimodal_rho1_n0_RW-BV0_fit_RW_bench_R3_k_sequence/train_TeaA_ISO-Bimodal_rho1_n0_RW-BV0_fit_2
ISO-Bimodal/split-R3/rho1/n0/data/Sweep-Methods/TeaA_ISO-Bimodal_rho1_n0/Benchmark/RW_bench/TeaA_ISO-Bimodal_rho1_n0_RW-BV0_fit_RW_bench_R3_k_sequence/train_TeaA_ISO-Bimodal_rho1_n0_RW-BV0_fit_2,figure_scripts/kinetic_simulation/_fits_peptide_calibration_gamma_m1,gamma=-1 sweep,1,RW-BV,1,-1,0.1,0.011662,0.107991,0.00115,figure_scripts/kinetic_simulation/_fits_peptide_calibration_gamma_m1/ISO-Bimodal/split-R3/rho1/n0/data/Sweep-Methods/TeaA_ISO-Bimodal_rho1_n0/Benchmark/RW_bench/TeaA_ISO-Bimodal_rho1_n0_RW-BV0_fit_RW_bench_R3_k_sequence/train_TeaA_ISO-Bimodal_rho1_n0_RW-BV0_fit_2
ISO-Bimodal/split-R3/rho1/n0/data/Sweep-Methods/TeaA_ISO-Bimodal_rho1_n0/Benchmark/RW_bench/TeaA_ISO-Bimodal_rho1_n0_RW-BV0_fit_RW_bench_R3_k_sequence/train_TeaA_ISO-Bimodal_rho1_n0_RW-BV0_fit_2,figure_scripts/kinetic_simulation/_fits_peptide_calibration_gamma_m1,gamma=-1 sweep,1,RW-BV,8,-1,0.8,0.011089,0.105304,0.06856,figure_scripts/kinetic_simulation/_fits_peptide_calibration_gamma_m1/ISO-Bimodal/split-R3/rho1/n0/data/Sweep-Methods/TeaA_ISO-Bimodal_rho1_n0/Benchmark/RW_bench/TeaA_ISO-Bimodal_rho1_n0_RW-BV0_fit_RW_bench_R3_k_sequence/train_TeaA_ISO-Bimodal_rho1_n0_RW-BV0_fit_2
ISO-Bimodal/split-R3/rho1/n0/data/Sweep-Methods/TeaA_ISO-Bimodal_rho1_n0/Benchmark/RW_bench/TeaA_ISO-Bimodal_rho1_n0_RW-BV0_fit_RW_bench_R3_k_sequence/train_TeaA_ISO-Bimodal_rho1_n0_RW-BV0_fit_2,figure_scripts/kinetic_simulation/_fits_peptide_calibration_gamma_m1,gamma=-1 sweep,1,RW-BV,2,-1,0.2,0.011577,0.107595,0.00456,figure_scripts/kinetic_simulation/_fits_peptide_calibration_gamma_m1/ISO-Bimodal/split-R3/rho1/n0/data/Sweep-Methods/TeaA_ISO-Bimodal_rho1_n0/Benchmark/RW_bench/TeaA_ISO-Bimodal_rho1_n0_RW-BV0_fit_RW_bench_R3_k_sequence/train_TeaA_ISO-Bimodal_rho1_n0_RW-BV0_fit_2
ISO-Bimodal/split-R3/rho1/n0/data/Sweep-Methods/TeaA_ISO-Bimodal_rho1_n0/Benchmark/RW_bench/TeaA_ISO-Bimodal_rho1_n0_RW-BV0_fit_RW_bench_R3_k_sequence/train_TeaA_ISO-Bimodal_rho1_n0_RW-BV0_fit_2,figure_scripts/kinetic_simulation/_fits_peptide_calibration_gamma_m1,gamma=-1 sweep,1,RW-BV,6,-1,0.6000000000000001,0.011247,0.106052,0.03935,figure_scripts/kinetic_simulation/_fits_peptide_calibration_gamma_m1/ISO-Bimodal/split-R3/rho1/n0/data/Sweep-Methods/TeaA_ISO-Bimodal_rho1_n0/Benchmark/RW_bench/TeaA_ISO-Bimodal_rho1_n0_RW-BV0_fit_RW_bench_R3_k_sequence/train_TeaA_ISO-Bimodal_rho1_n0_RW-BV0_fit_2
ISO-Bimodal/split-R3/rho1/n0/data/Sweep-Methods/TeaA_ISO-Bimodal_rho1_n0/Benchmark/RW_bench/TeaA_ISO-Bimodal_rho1_n0_RW-BV0_fit_RW_bench_R3_k_sequence/train_TeaA_ISO-Bimodal_rho1_n0_RW-BV0_fit_2,figure_scripts/kinetic_simulation/_fits_peptide_calibration_gamma_m1,gamma=-1 sweep,1,RW-BV,9,-1,0.9,0.011011,0.104935,0.08593,figure_scripts/kinetic_simulation/_fits_peptide_calibration_gamma_m1/ISO-Bimodal/split-R3/rho1/n0/data/Sweep-Methods/TeaA_ISO-Bimodal_rho1_n0/Benchmark/RW_bench/TeaA_ISO-Bimodal_rho1_n0_RW-BV0_fit_RW_bench_R3_k_sequence/train_TeaA_ISO-Bimodal_rho1_n0_RW-BV0_fit_2
ISO-Bimodal/split-R3/rho1/n0/data/Sweep-Methods/TeaA_ISO-Bimodal_rho1_n0/Benchmark/RW_bench/TeaA_ISO-Bimodal_rho1_n0_RW-BV0_fit_RW_bench_R3_k_sequence/train_TeaA_ISO-Bimodal_rho1_n0_RW-BV0_fit_2,figure_scripts/kinetic_simulation/_fits_peptide_calibration_gamma_m1,gamma=-1 sweep,1,RW-BV,3,-1,0.30000000000000004,0.011493,0.107203,0.01015,figure_scripts/kinetic_simulation/_fits_peptide_calibration_gamma_m1/ISO-Bimodal/split-R3/rho1/n0/data/Sweep-Methods/TeaA_ISO-Bimodal_rho1_n0/Benchmark/RW_bench/TeaA_ISO-Bimodal_rho1_n0_RW-BV0_fit_RW_bench_R3_k_sequence/train_TeaA_ISO-Bimodal_rho1_n0_RW-BV0_fit_2
ISO-Bimodal/split-R3/rho1/n0/data/Sweep-Methods/TeaA_ISO-Bimodal_rho1_n0/Benchmark/RW_bench/TeaA_ISO-Bimodal_rho1_n0_RW-BV0_fit_RW_bench_R3_k_sequence/train_TeaA_ISO-Bimodal_rho1_n0_RW-BV0_fit_2,figure_scripts/kinetic_simulation/_fits_peptide_calibration_gamma_m1,gamma=-1 sweep,1,RW-BV,4,-1,0.4,0.01141,0.106816,0.01785,figure_scripts/kinetic_simulation/_fits_peptide_calibration_gamma_m1/ISO-Bimodal/split-R3/rho1/n0/data/Sweep-Methods/TeaA_ISO-Bimodal_rho1_n0/Benchmark/RW_bench/TeaA_ISO-Bimodal_rho1_n0_RW-BV0_fit_RW_bench_R3_k_sequence/train_TeaA_ISO-Bimodal_rho1_n0_RW-BV0_fit_2
ISO-Bimodal/split-R3/rho1/n0/data/Sweep-Methods/TeaA_ISO-Bimodal_rho1_n0/Benchmark/RW_bench/TeaA_ISO-Bimodal_rho1_n0_RW-BV0_fit_RW_bench_R3_k_sequence/train_TeaA_ISO-Bimodal_rho1_n0_RW-BV0_fit_1,figure_scripts/kinetic_simulation/_fits_peptide_calibration_gamma_m1,gamma=-1 sweep,1,RW-BV,7,-1,0.7000000000000001,0.010126,0.100626,0.09241,figure_scripts/kinetic_simulation/_fits_peptide_calibration_gamma_m1/ISO-Bimodal/split-R3/rho1/n0/data/Sweep-Methods/TeaA_ISO-Bimodal_rho1_n0/Benchmark/RW_bench/TeaA_ISO-Bimodal_rho1_n0_RW-BV0_fit_RW_bench_R3_k_sequence/train_TeaA_ISO-Bimodal_rho1_n0_RW-BV0_fit_1
ISO-Bimodal/split-R3/rho1/n0/data/Sweep-Methods/TeaA_ISO-Bimodal_rho1_n0/Benchmark/RW_bench/TeaA_ISO-Bimodal_rho1_n0_RW-BV0_fit_RW_bench_R3_k_sequence/train_TeaA_ISO-Bimodal_rho1_n0_RW-BV0_fit_1,figure_scripts/kinetic_simulation/_fits_peptide_calibration_gamma_m1,gamma=-1 sweep,1,RW-BV,5,-1,0.5,0.010393,0.101944,0.05002,figure_scripts/kinetic_simulation/_fits_peptide_calibration_gamma_m1/ISO-Bimodal/split-R3/rho1/n0/data/Sweep-Methods/TeaA_ISO-Bimodal_rho1_n0/Benchmark/RW_bench/TeaA_ISO-Bimodal_rho1_n0_RW-BV0_fit_RW_bench_R3_k_sequence/train_TeaA_ISO-Bimodal_rho1_n0_RW-BV0_fit_1
ISO-Bimodal/split-R3/rho1/n0/data/Sweep-Methods/TeaA_ISO-Bimodal_rho1_n0/Benchmark/RW_bench/TeaA_ISO-Bimodal_rho1_n0_RW-BV0_fit_RW_bench_R3_k_sequence/train_TeaA_ISO-Bimodal_rho1_n0_RW-BV0_fit_1,figure_scripts/kinetic_simulation/_fits_peptide_calibration_gamma_m1,gamma=-1 sweep,1,RW-BV,1,-1,0.1,0.011006,0.104908,0.00228,figure_scripts/kinetic_simulation/_fits_peptide_calibration_gamma_m1/ISO-Bimodal/split-R3/rho1/n0/data/Sweep-Methods/TeaA_ISO-Bimodal_rho1_n0/Benchmark/RW_bench/TeaA_ISO-Bimodal_rho1_n0_RW-BV0_fit_RW_bench_R3_k_sequence/train_TeaA_ISO-Bimodal_rho1_n0_RW-BV0_fit_1
ISO-Bimodal/split-R3/rho1/n0/data/Sweep-Methods/TeaA_ISO-Bimodal_rho1_n0/Benchmark/RW_bench/TeaA_ISO-Bimodal_rho1_n0_RW-BV0_fit_RW_bench_R3_k_sequence/train_TeaA_ISO-Bimodal_rho1_n0_RW-BV0_fit_1,figure_scripts/kinetic_simulation/_fits_peptide_calibration_gamma_m1,gamma=-1 sweep,1,RW-BV,8,-1,0.8,0.01,0.100001,0.11734,figure_scripts/kinetic_simulation/_fits_peptide_calibration_gamma_m1/ISO-Bimodal/split-R3/rho1/n0/data/Sweep-Methods/TeaA_ISO-Bimodal_rho1_n0/Benchmark/RW_bench/TeaA_ISO-Bimodal_rho1_n0_RW-BV0_fit_RW_bench_R3_k_sequence/train_TeaA_ISO-Bimodal_rho1_n0_RW-BV0_fit_1
ISO-Bimodal/split-R3/rho1/n0/data/Sweep-Methods/TeaA_ISO-Bimodal_rho1_n0/Benchmark/RW_bench/TeaA_ISO-Bimodal_rho1_n0_RW-BV0_fit_RW_bench_R3_k_sequence/train_TeaA_ISO-Bimodal_rho1_n0_RW-BV0_fit_1,figure_scripts/kinetic_simulation/_fits_peptide_calibration_gamma_m1,gamma=-1 sweep,1,RW-BV,2,-1,0.2,0.010841,0.104121,0.0088,figure_scripts/kinetic_simulation/_fits_peptide_calibration_gamma_m1/ISO-Bimodal/split-R3/rho1/n0/data/Sweep-Methods/TeaA_ISO-Bimodal_rho1_n0/Benchmark/RW_bench/TeaA_ISO-Bimodal_rho1_n0_RW-BV0_fit_RW_bench_R3_k_sequence/train_TeaA_ISO-Bimodal_rho1_n0_RW-BV0_fit_1
ISO-Bimodal/split-R3/rho1/n0/data/Sweep-Methods/TeaA_ISO-Bimodal_rho1_n0/Benchmark/RW_bench/TeaA_ISO-Bimodal_rho1_n0_RW-BV0_fit_RW_bench_R3_k_sequence/train_TeaA_ISO-Bimodal_rho1_n0_RW-BV0_fit_1,figure_scripts/kinetic_simulation/_fits_peptide_calibration_gamma_m1,gamma=-1 sweep,1,RW-BV,6,-1,0.6000000000000001,0.010256,0.101273,0.0699,figure_scripts/kinetic_simulation/_fits_peptide_calibration_gamma_m1/ISO-Bimodal/split-R3/rho1/n0/data/Sweep-Methods/TeaA_ISO-Bimodal_rho1_n0/Benchmark/RW_bench/TeaA_ISO-Bimodal_rho1_n0_RW-BV0_fit_RW_bench_R3_k_sequence/train_TeaA_ISO-Bimodal_rho1_n0_RW-BV0_fit_1
ISO-Bimodal/split-R3/rho1/n0/data/Sweep-Methods/TeaA_ISO-Bimodal_rho1_n0/Benchmark/RW_bench/TeaA_ISO-Bimodal_rho1_n0_RW-BV0_fit_RW_bench_R3_k_sequence/train_TeaA_ISO-Bimodal_rho1_n0_RW-BV0_fit_1,figure_scripts/kinetic_simulation/_fits_peptide_calibration_gamma_m1,gamma=-1 sweep,1,RW-BV,9,-1,0.9,0.00988,0.099397,0.14448,figure_scripts/kinetic_simulation/_fits_peptide_calibration_gamma_m1/ISO-Bimodal/split-R3/rho1/n0/data/Sweep-Methods/TeaA_ISO-Bimodal_rho1_n0/Benchmark/RW_bench/TeaA_ISO-Bimodal_rho1_n0_RW-BV0_fit_RW_bench_R3_k_sequence/train_TeaA_ISO-Bimodal_rho1_n0_RW-BV0_fit_1
ISO-Bimodal/split-R3/rho1/n0/data/Sweep-Methods/TeaA_ISO-Bimodal_rho1_n0/Benchmark/RW_bench/TeaA_ISO-Bimodal_rho1_n0_RW-BV0_fit_RW_bench_R3_k_sequence/train_TeaA_ISO-Bimodal_rho1_n0_RW-BV0_fit_1,figure_scripts/kinetic_simulation/_fits_peptide_calibration_gamma_m1,gamma=-1 sweep,1,RW-BV,3,-1,0.30000000000000004,0.010684,0.103366,0.01917,figure_scripts/kinetic_simulation/_fits_peptide_calibration_gamma_m1/ISO-Bimodal/split-R3/rho1/n0/data/Sweep-Methods/TeaA_ISO-Bimodal_rho1_n0/Benchmark/RW_bench/TeaA_ISO-Bimodal_rho1_n0_RW-BV0_fit_RW_bench_R3_k_sequence/train_TeaA_ISO-Bimodal_rho1_n0_RW-BV0_fit_1
ISO-Bimodal/split-R3/rho1/n0/data/Sweep-Methods/TeaA_ISO-Bimodal_rho1_n0/Benchmark/RW_bench/TeaA_ISO-Bimodal_rho1_n0_RW-BV0_fit_RW_bench_R3_k_sequence/train_TeaA_ISO-Bimodal_rho1_n0_RW-BV0_fit_1,figure_scripts/kinetic_simulation/_fits_peptide_calibration_gamma_m1,gamma=-1 sweep,1,RW-BV,4,-1,0.4,0.010535,0.102641,0.03302,figure_scripts/kinetic_simulation/_fits_peptide_calibration_gamma_m1/ISO-Bimodal/split-R3/rho1/n0/data/Sweep-Methods/TeaA_ISO-Bimodal_rho1_n0/Benchmark/RW_bench/TeaA_ISO-Bimodal_rho1_n0_RW-BV0_fit_RW_bench_R3_k_sequence/train_TeaA_ISO-Bimodal_rho1_n0_RW-BV0_fit_1
ISO-Bimodal/split-R3/rho1/n0/data/Sweep-Methods/TeaA_ISO-Bimodal_rho1_n0/Benchmark/RW_bench/TeaA_ISO-Bimodal_rho1_n0_RW-BV0_fit_RW_bench_R3_k_sequence/train_TeaA_ISO-Bimodal_rho1_n0_RW-BV0_fit_3,figure_scripts/kinetic_simulation/_fits_peptide_calibration_gamma_m1,gamma=-1 sweep,1,RW-BV,7,-1,0.7000000000000001,0.009229,0.096069,0.0686,figure_scripts/kinetic_simulation/_fits_peptide_calibration_gamma_m1/ISO-Bimodal/split-R3/rho1/n0/data/Sweep-Methods/TeaA_ISO-Bimodal_rho1_n0/Benchmark/RW_bench/TeaA_ISO-Bimodal_rho1_n0_RW-BV0_fit_RW_bench_R3_k_sequence/train_TeaA_ISO-Bimodal_rho1_n0_RW-BV0_fit_3
ISO-Bimodal/split-R3/rho1/n0/data/Sweep-Methods/TeaA_ISO-Bimodal_rho1_n0/Benchmark/RW_bench/TeaA_ISO-Bimodal_rho1_n0_RW-BV0_fit_RW_bench_R3_k_sequence/train_TeaA_ISO-Bimodal_rho1_n0_RW-BV0_fit_3,figure_scripts/kinetic_simulation/_fits_peptide_calibration_gamma_m1,gamma=-1 sweep,1,RW-BV,5,-1,0.5,0.009411,0.097012,0.03592,figure_scripts/kinetic_simulation/_fits_peptide_calibration_gamma_m1/ISO-Bimodal/split-R3/rho1/n0/data/Sweep-Methods/TeaA_ISO-Bimodal_rho1_n0/Benchmark/RW_bench/TeaA_ISO-Bimodal_rho1_n0_RW-BV0_fit_RW_bench_R3_k_sequence/train_TeaA_ISO-Bimodal_rho1_n0_RW-BV0_fit_3
ISO-Bimodal/split-R3/rho1/n0/data/Sweep-Methods/TeaA_ISO-Bimodal_rho1_n0/Benchmark/RW_bench/TeaA_ISO-Bimodal_rho1_n0_RW-BV0_fit_RW_bench_R3_k_sequence/train_TeaA_ISO-Bimodal_rho1_n0_RW-BV0_fit_3,figure_scripts/kinetic_simulation/_fits_peptide_calibration_gamma_m1,gamma=-1 sweep,1,RW-BV,1,-1,0.1,0.009797,0.098982,0.00152,figure_scripts/kinetic_simulation/_fits_peptide_calibration_gamma_m1/ISO-Bimodal/split-R3/rho1/n0/data/Sweep-Methods/TeaA_ISO-Bimodal_rho1_n0/Benchmark/RW_bench/TeaA_ISO-Bimodal_rho1_n0_RW-BV0_fit_RW_bench_R3_k_sequence/train_TeaA_ISO-Bimodal_rho1_n0_RW-BV0_fit_3
ISO-Bimodal/split-R3/rho1/n0/data/Sweep-Methods/TeaA_ISO-Bimodal_rho1_n0/Benchmark/RW_bench/TeaA_ISO-Bimodal_rho1_n0_RW-BV0_fit_RW_bench_R3_k_sequence/train_TeaA_ISO-Bimodal_rho1_n0_RW-BV0_fit_3,figure_scripts/kinetic_simulation/_fits_peptide_calibration_gamma_m1,gamma=-1 sweep,1,RW-BV,8,-1,0.8,0.009141,0.095606,0.08848,figure_scripts/kinetic_simulation/_fits_peptide_calibration_gamma_m1/ISO-Bimodal/split-R3/rho1/n0/data/Sweep-Methods/TeaA_ISO-Bimodal_rho1_n0/Benchmark/RW_bench/TeaA_ISO-Bimodal_rho1_n0_RW-BV0_fit_RW_bench_R3_k_sequence/train_TeaA_ISO-Bimodal_rho1_n0_RW-BV0_fit_3
ISO-Bimodal/split-R3/rho1/n0/data/Sweep-Methods/TeaA_ISO-Bimodal_rho1_n0/Benchmark/RW_bench/TeaA_ISO-Bimodal_rho1_n0_RW-BV0_fit_RW_bench_R3_k_sequence/train_TeaA_ISO-Bimodal_rho1_n0_RW-BV0_fit_3,figure_scripts/kinetic_simulation/_fits_peptide_calibration_gamma_m1,gamma=-1 sweep,1,RW-BV,2,-1,0.2,0.009698,0.098478,0.00599,figure_scripts/kinetic_simulation/_fits_peptide_calibration_gamma_m1/ISO-Bimodal/split-R3/rho1/n0/data/Sweep-Methods/TeaA_ISO-Bimodal_rho1_n0/Benchmark/RW_bench/TeaA_ISO-Bimodal_rho1_n0_RW-BV0_fit_RW_bench_R3_k_sequence/train_TeaA_ISO-Bimodal_rho1_n0_RW-BV0_fit_3
ISO-Bimodal/split-R3/rho1/n0/data/Sweep-Methods/TeaA_ISO-Bimodal_rho1_n0/Benchmark/RW_bench/TeaA_ISO-Bimodal_rho1_n0_RW-BV0_fit_RW_bench_R3_k_sequence/train_TeaA_ISO-Bimodal_rho1_n0_RW-BV0_fit_3,figure_scripts/kinetic_simulation/_fits_peptide_calibration_gamma_m1,gamma=-1 sweep,1,RW-BV,6,-1,0.6000000000000001,0.009319,0.096537,0.05105,figure_scripts/kinetic_simulation/_fits_peptide_calibration_gamma_m1/ISO-Bimodal/split-R3/rho1/n0/data/Sweep-Methods/TeaA_ISO-Bimodal_rho1_n0/Benchmark/RW_bench/TeaA_ISO-Bimodal_rho1_n0_RW-BV0_fit_RW_bench_R3_k_sequence/train_TeaA_ISO-Bimodal_rho1_n0_RW-BV0_fit_3
ISO-Bimodal/split-R3/rho1/n0/data/Sweep-Methods/TeaA_ISO-Bimodal_rho1_n0/Benchmark/RW_bench/TeaA_ISO-Bimodal_rho1_n0_RW-BV0_fit_RW_bench_R3_k_sequence/train_TeaA_ISO-Bimodal_rho1_n0_RW-BV0_fit_3,figure_scripts/kinetic_simulation/_fits_peptide_calibration_gamma_m1,gamma=-1 sweep,1,RW-BV,9,-1,0.9,0.009053,0.095149,0.11061,figure_scripts/kinetic_simulation/_fits_peptide_calibration_gamma_m1/ISO-Bimodal/split-R3/rho1/n0/data/Sweep-Methods/TeaA_ISO-Bimodal_rho1_n0/Benchmark/RW_bench/TeaA_ISO-Bimodal_rho1_n0_RW-BV0_fit_RW_bench_R3_k_sequence/train_TeaA_ISO-Bimodal_rho1_n0_RW-BV0_fit_3
ISO-Bimodal/split-R3/rho1/n0/data/Sweep-Methods/TeaA_ISO-Bimodal_rho1_n0/Benchmark/RW_bench/TeaA_ISO-Bimodal_rho1_n0_RW-BV0_fit_RW_bench_R3_k_sequence/train_TeaA_ISO-Bimodal_rho1_n0_RW-BV0_fit_3,figure_scripts/kinetic_simulation/_fits_peptide_calibration_gamma_m1,gamma=-1 sweep,1,RW-BV,3,-1,0.30000000000000004,0.009601,0.097982,0.01328,figure_scripts/kinetic_simulation/_fits_peptide_calibration_gamma_m1/ISO-Bimodal/split-R3/rho1/n0/data/Sweep-Methods/TeaA_ISO-Bimodal_rho1_n0/Benchmark/RW_bench/TeaA_ISO-Bimodal_rho1_n0_RW-BV0_fit_RW_bench_R3_k_sequence/train_TeaA_ISO-Bimodal_rho1_n0_RW-BV0_fit_3
ISO-Bimodal/split-R3/rho1/n0/data/Sweep-Methods/TeaA_ISO-Bimodal_rho1_n0/Benchmark/RW_bench/TeaA_ISO-Bimodal_rho1_n0_RW-BV0_fit_RW_bench_R3_k_sequence/train_TeaA_ISO-Bimodal_rho1_n0_RW-BV0_fit_3,figure_scripts/kinetic_simulation/_fits_peptide_calibration_gamma_m1,gamma=-1 sweep,1,RW-BV,4,-1,0.4,0.009505,0.097494,0.0233,figure_scripts/kinetic_simulation/_fits_peptide_calibration_gamma_m1/ISO-Bimodal/split-R3/rho1/n0/data/Sweep-Methods/TeaA_ISO-Bimodal_rho1_n0/Benchmark/RW_bench/TeaA_ISO-Bimodal_rho1_n0_RW-BV0_fit_RW_bench_R3_k_sequence/train_TeaA_ISO-Bimodal_rho1_n0_RW-BV0_fit_3
ISO-Bimodal/split-R3/rho1/n0/data/Sweep-Methods/TeaA_ISO-Bimodal_rho1_n0/Benchmark/RW_bench/TeaA_ISO-Bimodal_rho1_n0_RW-Only0_fit_RW_bench_R3_k_sequence/train_TeaA_ISO-Bimodal_rho1_n0_RW-Only0_fit_3,figure_scripts/kinetic_simulation/_fits_peptide_calibration_gamma_m1,gamma=-1 sweep,1,RW-Only,7,-1,0.7000000000000001,0.009229,0.096069,0.0686,figure_scripts/kinetic_simulation/_fits_peptide_calibration_gamma_m1/ISO-Bimodal/split-R3/rho1/n0/data/Sweep-Methods/TeaA_ISO-Bimodal_rho1_n0/Benchmark/RW_bench/TeaA_ISO-Bimodal_rho1_n0_RW-Only0_fit_RW_bench_R3_k_sequence/train_TeaA_ISO-Bimodal_rho1_n0_RW-Only0_fit_3
ISO-Bimodal/split-R3/rho1/n0/data/Sweep-Methods/TeaA_ISO-Bimodal_rho1_n0/Benchmark/RW_bench/TeaA_ISO-Bimodal_rho1_n0_RW-Only0_fit_RW_bench_R3_k_sequence/train_TeaA_ISO-Bimodal_rho1_n0_RW-Only0_fit_3,figure_scripts/kinetic_simulation/_fits_peptide_calibration_gamma_m1,gamma=-1 sweep,1,RW-Only,5,-1,0.5,0.009411,0.097012,0.03592,figure_scripts/kinetic_simulation/_fits_peptide_calibration_gamma_m1/ISO-Bimodal/split-R3/rho1/n0/data/Sweep-Methods/TeaA_ISO-Bimodal_rho1_n0/Benchmark/RW_bench/TeaA_ISO-Bimodal_rho1_n0_RW-Only0_fit_RW_bench_R3_k_sequence/train_TeaA_ISO-Bimodal_rho1_n0_RW-Only0_fit_3
ISO-Bimodal/split-R3/rho1/n0/data/Sweep-Methods/TeaA_ISO-Bimodal_rho1_n0/Benchmark/RW_bench/TeaA_ISO-Bimodal_rho1_n0_RW-Only0_fit_RW_bench_R3_k_sequence/train_TeaA_ISO-Bimodal_rho1_n0_RW-Only0_fit_3,figure_scripts/kinetic_simulation/_fits_peptide_calibration_gamma_m1,gamma=-1 sweep,1,RW-Only,1,-1,0.1,0.009797,0.098982,0.00152,figure_scripts/kinetic_simulation/_fits_peptide_calibration_gamma_m1/ISO-Bimodal/split-R3/rho1/n0/data/Sweep-Methods/TeaA_ISO-Bimodal_rho1_n0/Benchmark/RW_bench/TeaA_ISO-Bimodal_rho1_n0_RW-Only0_fit_RW_bench_R3_k_sequence/train_TeaA_ISO-Bimodal_rho1_n0_RW-Only0_fit_3
ISO-Bimodal/split-R3/rho1/n0/data/Sweep-Methods/TeaA_ISO-Bimodal_rho1_n0/Benchmark/RW_bench/TeaA_ISO-Bimodal_rho1_n0_RW-Only0_fit_RW_bench_R3_k_sequence/train_TeaA_ISO-Bimodal_rho1_n0_RW-Only0_fit_3,figure_scripts/kinetic_simulation/_fits_peptide_calibration_gamma_m1,gamma=-1 sweep,1,RW-Only,8,-1,0.8,0.009141,0.095606,0.08848,figure_scripts/kinetic_simulation/_fits_peptide_calibration_gamma_m1/ISO-Bimodal/split-R3/rho1/n0/data/Sweep-Methods/TeaA_ISO-Bimodal_rho1_n0/Benchmark/RW_bench/TeaA_ISO-Bimodal_rho1_n0_RW-Only0_fit_RW_bench_R3_k_sequence/train_TeaA_ISO-Bimodal_rho1_n0_RW-Only0_fit_3
ISO-Bimodal/split-R3/rho1/n0/data/Sweep-Methods/TeaA_ISO-Bimodal_rho1_n0/Benchmark/RW_bench/TeaA_ISO-Bimodal_rho1_n0_RW-Only0_fit_RW_bench_R3_k_sequence/train_TeaA_ISO-Bimodal_rho1_n0_RW-Only0_fit_3,figure_scripts/kinetic_simulation/_fits_peptide_calibration_gamma_m1,gamma=-1 sweep,1,RW-Only,2,-1,0.2,0.009698,0.098478,0.00599,figure_scripts/kinetic_simulation/_fits_peptide_calibration_gamma_m1/ISO-Bimodal/split-R3/rho1/n0/data/Sweep-Methods/TeaA_ISO-Bimodal_rho1_n0/Benchmark/RW_bench/TeaA_ISO-Bimodal_rho1_n0_RW-Only0_fit_RW_bench_R3_k_sequence/train_TeaA_ISO-Bimodal_rho1_n0_RW-Only0_fit_3
ISO-Bimodal/split-R3/rho1/n0/data/Sweep-Methods/TeaA_ISO-Bimodal_rho1_n0/Benchmark/RW_bench/TeaA_ISO-Bimodal_rho1_n0_RW-Only0_fit_RW_bench_R3_k_sequence/train_TeaA_ISO-Bimodal_rho1_n0_RW-Only0_fit_3,figure_scripts/kinetic_simulation/_fits_peptide_calibration_gamma_m1,gamma=-1 sweep,1,RW-Only,6,-1,0.6000000000000001,0.009319,0.096537,0.05105,figure_scripts/kinetic_simulation/_fits_peptide_calibration_gamma_m1/ISO-Bimodal/split-R3/rho1/n0/data/Sweep-Methods/TeaA_ISO-Bimodal_rho1_n0/Benchmark/RW_bench/TeaA_ISO-Bimodal_rho1_n0_RW-Only0_fit_RW_bench_R3_k_sequence/train_TeaA_ISO-Bimodal_rho1_n0_RW-Only0_fit_3
ISO-Bimodal/split-R3/rho1/n0/data/Sweep-Methods/TeaA_ISO-Bimodal_rho1_n0/Benchmark/RW_bench/TeaA_ISO-Bimodal_rho1_n0_RW-Only0_fit_RW_bench_R3_k_sequence/train_TeaA_ISO-Bimodal_rho1_n0_RW-Only0_fit_3,figure_scripts/kinetic_simulation/_fits_peptide_calibration_gamma_m1,gamma=-1 sweep,1,RW-Only,9,-1,0.9,0.009053,0.095149,0.11061,figure_scripts/kinetic_simulation/_fits_peptide_calibration_gamma_m1/ISO-Bimodal/split-R3/rho1/n0/data/Sweep-Methods/TeaA_ISO-Bimodal_rho1_n0/Benchmark/RW_bench/TeaA_ISO-Bimodal_rho1_n0_RW-Only0_fit_RW_bench_R3_k_sequence/train_TeaA_ISO-Bimodal_rho1_n0_RW-Only0_fit_3
ISO-Bimodal/split-R3/rho1/n0/data/Sweep-Methods/TeaA_ISO-Bimodal_rho1_n0/Benchmark/RW_bench/TeaA_ISO-Bimodal_rho1_n0_RW-Only0_fit_RW_bench_R3_k_sequence/train_TeaA_ISO-Bimodal_rho1_n0_RW-Only0_fit_3,figure_scripts/kinetic_simulation/_fits_peptide_calibration_gamma_m1,gamma=-1 sweep,1,RW-Only,3,-1,0.30000000000000004,0.009601,0.097982,0.01328,figure_scripts/kinetic_simulation/_fits_peptide_calibration_gamma_m1/ISO-Bimodal/split-R3/rho1/n0/data/Sweep-Methods/TeaA_ISO-Bimodal_rho1_n0/Benchmark/RW_bench/TeaA_ISO-Bimodal_rho1_n0_RW-Only0_fit_RW_bench_R3_k_sequence/train_TeaA_ISO-Bimodal_rho1_n0_RW-Only0_fit_3
ISO-Bimodal/split-R3/rho1/n0/data/Sweep-Methods/TeaA_ISO-Bimodal_rho1_n0/Benchmark/RW_bench/TeaA_ISO-Bimodal_rho1_n0_RW-Only0_fit_RW_bench_R3_k_sequence/train_TeaA_ISO-Bimodal_rho1_n0_RW-Only0_fit_3,figure_scripts/kinetic_simulation/_fits_peptide_calibration_gamma_m1,gamma=-1 sweep,1,RW-Only,4,-1,0.4,0.009505,0.097494,0.0233,figure_scripts/kinetic_simulation/_fits_peptide_calibration_gamma_m1/ISO-Bimodal/split-R3/rho1/n0/data/Sweep-Methods/TeaA_ISO-Bimodal_rho1_n0/Benchmark/RW_bench/TeaA_ISO-Bimodal_rho1_n0_RW-Only0_fit_RW_bench_R3_k_sequence/train_TeaA_ISO-Bimodal_rho1_n0_RW-Only0_fit_3
ISO-Bimodal/split-R3/rho1/n0/data/Sweep-Methods/TeaA_ISO-Bimodal_rho1_n0/Benchmark/RW_bench/TeaA_ISO-Bimodal_rho1_n0_RW-Only0_fit_RW_bench_R3_k_sequence/train_TeaA_ISO-Bimodal_rho1_n0_RW-Only0_fit_2,figure_scripts/kinetic_simulation/_fits_peptide_calibration_gamma_m1,gamma=-1 sweep,1,RW-Only,7,-1,0.7000000000000001,0.011167,0.105676,0.05302,figure_scripts/kinetic_simulation/_fits_peptide_calibration_gamma_m1/ISO-Bimodal/split-R3/rho1/n0/data/Sweep-Methods/TeaA_ISO-Bimodal_rho1_n0/Benchmark/RW_bench/TeaA_ISO-Bimodal_rho1_n0_RW-Only0_fit_RW_bench_R3_k_sequence/train_TeaA_ISO-Bimodal_rho1_n0_RW-Only0_fit_2
ISO-Bimodal/split-R3/rho1/n0/data/Sweep-Methods/TeaA_ISO-Bimodal_rho1_n0/Benchmark/RW_bench/TeaA_ISO-Bimodal_rho1_n0_RW-Only0_fit_RW_bench_R3_k_sequence/train_TeaA_ISO-Bimodal_rho1_n0_RW-Only0_fit_2,figure_scripts/kinetic_simulation/_fits_peptide_calibration_gamma_m1,gamma=-1 sweep,1,RW-Only,5,-1,0.5,0.011328,0.106432,0.0276,figure_scripts/kinetic_simulation/_fits_peptide_calibration_gamma_m1/ISO-Bimodal/split-R3/rho1/n0/data/Sweep-Methods/TeaA_ISO-Bimodal_rho1_n0/Benchmark/RW_bench/TeaA_ISO-Bimodal_rho1_n0_RW-Only0_fit_RW_bench_R3_k_sequence/train_TeaA_ISO-Bimodal_rho1_n0_RW-Only0_fit_2
ISO-Bimodal/split-R3/rho1/n0/data/Sweep-Methods/TeaA_ISO-Bimodal_rho1_n0/Benchmark/RW_bench/TeaA_ISO-Bimodal_rho1_n0_RW-Only0_fit_RW_bench_R3_k_sequence/train_TeaA_ISO-Bimodal_rho1_n0_RW-Only0_fit_2,figure_scripts/kinetic_simulation/_fits_peptide_calibration_gamma_m1,gamma=-1 sweep,1,RW-Only,1,-1,0.1,0.011662,0.107991,0.00115,figure_scripts/kinetic_simulation/_fits_peptide_calibration_gamma_m1/ISO-Bimodal/split-R3/rho1/n0/data/Sweep-Methods/TeaA_ISO-Bimodal_rho1_n0/Benchmark/RW_bench/TeaA_ISO-Bimodal_rho1_n0_RW-Only0_fit_RW_bench_R3_k_sequence/train_TeaA_ISO-Bimodal_rho1_n0_RW-Only0_fit_2
ISO-Bimodal/split-R3/rho1/n0/data/Sweep-Methods/TeaA_ISO-Bimodal_rho1_n0/Benchmark/RW_bench/TeaA_ISO-Bimodal_rho1_n0_RW-Only0_fit_RW_bench_R3_k_sequence/train_TeaA_ISO-Bimodal_rho1_n0_RW-Only0_fit_2,figure_scripts/kinetic_simulation/_fits_peptide_calibration_gamma_m1,gamma=-1 sweep,1,RW-Only,8,-1,0.8,0.011089,0.105304,0.06856,figure_scripts/kinetic_simulation/_fits_peptide_calibration_gamma_m1/ISO-Bimodal/split-R3/rho1/n0/data/Sweep-Methods/TeaA_ISO-Bimodal_rho1_n0/Benchmark/RW_bench/TeaA_ISO-Bimodal_rho1_n0_RW-Only0_fit_RW_bench_R3_k_sequence/train_TeaA_ISO-Bimodal_rho1_n0_RW-Only0_fit_2
ISO-Bimodal/split-R3/rho1/n0/data/Sweep-Methods/TeaA_ISO-Bimodal_rho1_n0/Benchmark/RW_bench/TeaA_ISO-Bimodal_rho1_n0_RW-Only0_fit_RW_bench_R3_k_sequence/train_TeaA_ISO-Bimodal_rho1_n0_RW-Only0_fit_2,figure_scripts/kinetic_simulation/_fits_peptide_calibration_gamma_m1,gamma=-1 sweep,1,RW-Only,2,-1,0.2,0.011577,0.107595,0.00456,figure_scripts/kinetic_simulation/_fits_peptide_calibration_gamma_m1/ISO-Bimodal/split-R3/rho1/n0/data/Sweep-Methods/TeaA_ISO-Bimodal_rho1_n0/Benchmark/RW_bench/TeaA_ISO-Bimodal_rho1_n0_RW-Only0_fit_RW_bench_R3_k_sequence/train_TeaA_ISO-Bimodal_rho1_n0_RW-Only0_fit_2
ISO-Bimodal/split-R3/rho1/n0/data/Sweep-Methods/TeaA_ISO-Bimodal_rho1_n0/Benchmark/RW_bench/TeaA_ISO-Bimodal_rho1_n0_RW-Only0_fit_RW_bench_R3_k_sequence/train_TeaA_ISO-Bimodal_rho1_n0_RW-Only0_fit_2,figure_scripts/kinetic_simulation/_fits_peptide_calibration_gamma_m1,gamma=-1 sweep,1,RW-Only,6,-1,0.6000000000000001,0.011247,0.106052,0.03935,figure_scripts/kinetic_simulation/_fits_peptide_calibration_gamma_m1/ISO-Bimodal/split-R3/rho1/n0/data/Sweep-Methods/TeaA_ISO-Bimodal_rho1_n0/Benchmark/RW_bench/TeaA_ISO-Bimodal_rho1_n0_RW-Only0_fit_RW_bench_R3_k_sequence/train_TeaA_ISO-Bimodal_rho1_n0_RW-Only0_fit_2
ISO-Bimodal/split-R3/rho1/n0/data/Sweep-Methods/TeaA_ISO-Bimodal_rho1_n0/Benchmark/RW_bench/TeaA_ISO-Bimodal_rho1_n0_RW-Only0_fit_RW_bench_R3_k_sequence/train_TeaA_ISO-Bimodal_rho1_n0_RW-Only0_fit_2,figure_scripts/kinetic_simulation/_fits_peptide_calibration_gamma_m1,gamma=-1 sweep,1,RW-Only,9,-1,0.9,0.011011,0.104935,0.08593,figure_scripts/kinetic_simulation/_fits_peptide_calibration_gamma_m1/ISO-Bimodal/split-R3/rho1/n0/data/Sweep-Methods/TeaA_ISO-Bimodal_rho1_n0/Benchmark/RW_bench/TeaA_ISO-Bimodal_rho1_n0_RW-Only0_fit_RW_bench_R3_k_sequence/train_TeaA_ISO-Bimodal_rho1_n0_RW-Only0_fit_2
ISO-Bimodal/split-R3/rho1/n0/data/Sweep-Methods/TeaA_ISO-Bimodal_rho1_n0/Benchmark/RW_bench/TeaA_ISO-Bimodal_rho1_n0_RW-Only0_fit_RW_bench_R3_k_sequence/train_TeaA_ISO-Bimodal_rho1_n0_RW-Only0_fit_2,figure_scripts/kinetic_simulation/_fits_peptide_calibration_gamma_m1,gamma=-1 sweep,1,RW-Only,3,-1,0.30000000000000004,0.011493,0.107203,0.01015,figure_scripts/kinetic_simulation/_fits_peptide_calibration_gamma_m1/ISO-Bimodal/split-R3/rho1/n0/data/Sweep-Methods/TeaA_ISO-Bimodal_rho1_n0/Benchmark/RW_bench/TeaA_ISO-Bimodal_rho1_n0_RW-Only0_fit_RW_bench_R3_k_sequence/train_TeaA_ISO-Bimodal_rho1_n0_RW-Only0_fit_2
ISO-Bimodal/split-R3/rho1/n0/data/Sweep-Methods/TeaA_ISO-Bimodal_rho1_n0/Benchmark/RW_bench/TeaA_ISO-Bimodal_rho1_n0_RW-Only0_fit_RW_bench_R3_k_sequence/train_TeaA_ISO-Bimodal_rho1_n0_RW-Only0_fit_2,figure_scripts/kinetic_simulation/_fits_peptide_calibration_gamma_m1,gamma=-1 sweep,1,RW-Only,4,-1,0.4,0.01141,0.106816,0.01785,figure_scripts/kinetic_simulation/_fits_peptide_calibration_gamma_m1/ISO-Bimodal/split-R3/rho1/n0/data/Sweep-Methods/TeaA_ISO-Bimodal_rho1_n0/Benchmark/RW_bench/TeaA_ISO-Bimodal_rho1_n0_RW-Only0_fit_RW_bench_R3_k_sequence/train_TeaA_ISO-Bimodal_rho1_n0_RW-Only0_fit_2
ISO-Bimodal/split-R3/rho1/n0/data/Sweep-Methods/TeaA_ISO-Bimodal_rho1_n0/Benchmark/RW_bench/TeaA_ISO-Bimodal_rho1_n0_RW-Only0_fit_RW_bench_R3_k_sequence/train_TeaA_ISO-Bimodal_rho1_n0_RW-Only0_fit_1,figure_scripts/kinetic_simulation/_fits_peptide_calibration_gamma_m1,gamma=-1 sweep,1,RW-Only,7,-1,0.7000000000000001,0.010126,0.100626,0.09241,figure_scripts/kinetic_simulation/_fits_peptide_calibration_gamma_m1/ISO-Bimodal/split-R3/rho1/n0/data/Sweep-Methods/TeaA_ISO-Bimodal_rho1_n0/Benchmark/RW_bench/TeaA_ISO-Bimodal_rho1_n0_RW-Only0_fit_RW_bench_R3_k_sequence/train_TeaA_ISO-Bimodal_rho1_n0_RW-Only0_fit_1
ISO-Bimodal/split-R3/rho1/n0/data/Sweep-Methods/TeaA_ISO-Bimodal_rho1_n0/Benchmark/RW_bench/TeaA_ISO-Bimodal_rho1_n0_RW-Only0_fit_RW_bench_R3_k_sequence/train_TeaA_ISO-Bimodal_rho1_n0_RW-Only0_fit_1,figure_scripts/kinetic_simulation/_fits_peptide_calibration_gamma_m1,gamma=-1 sweep,1,RW-Only,5,-1,0.5,0.010393,0.101944,0.05002,figure_scripts/kinetic_simulation/_fits_peptide_calibration_gamma_m1/ISO-Bimodal/split-R3/rho1/n0/data/Sweep-Methods/TeaA_ISO-Bimodal_rho1_n0/Benchmark/RW_bench/TeaA_ISO-Bimodal_rho1_n0_RW-Only0_fit_RW_bench_R3_k_sequence/train_TeaA_ISO-Bimodal_rho1_n0_RW-Only0_fit_1
ISO-Bimodal/split-R3/rho1/n0/data/Sweep-Methods/TeaA_ISO-Bimodal_rho1_n0/Benchmark/RW_bench/TeaA_ISO-Bimodal_rho1_n0_RW-Only0_fit_RW_bench_R3_k_sequence/train_TeaA_ISO-Bimodal_rho1_n0_RW-Only0_fit_1,figure_scripts/kinetic_simulation/_fits_peptide_calibration_gamma_m1,gamma=-1 sweep,1,RW-Only,1,-1,0.1,0.011006,0.104908,0.00228,figure_scripts/kinetic_simulation/_fits_peptide_calibration_gamma_m1/ISO-Bimodal/split-R3/rho1/n0/data/Sweep-Methods/TeaA_ISO-Bimodal_rho1_n0/Benchmark/RW_bench/TeaA_ISO-Bimodal_rho1_n0_RW-Only0_fit_RW_bench_R3_k_sequence/train_TeaA_ISO-Bimodal_rho1_n0_RW-Only0_fit_1
ISO-Bimodal/split-R3/rho1/n0/data/Sweep-Methods/TeaA_ISO-Bimodal_rho1_n0/Benchmark/RW_bench/TeaA_ISO-Bimodal_rho1_n0_RW-Only0_fit_RW_bench_R3_k_sequence/train_TeaA_ISO-Bimodal_rho1_n0_RW-Only0_fit_1,figure_scripts/kinetic_simulation/_fits_peptide_calibration_gamma_m1,gamma=-1 sweep,1,RW-Only,8,-1,0.8,0.01,0.100001,0.11734,figure_scripts/kinetic_simulation/_fits_peptide_calibration_gamma_m1/ISO-Bimodal/split-R3/rho1/n0/data/Sweep-Methods/TeaA_ISO-Bimodal_rho1_n0/Benchmark/RW_bench/TeaA_ISO-Bimodal_rho1_n0_RW-Only0_fit_RW_bench_R3_k_sequence/train_TeaA_ISO-Bimodal_rho1_n0_RW-Only0_fit_1
ISO-Bimodal/split-R3/rho1/n0/data/Sweep-Methods/TeaA_ISO-Bimodal_rho1_n0/Benchmark/RW_bench/TeaA_ISO-Bimodal_rho1_n0_RW-Only0_fit_RW_bench_R3_k_sequence/train_TeaA_ISO-Bimodal_rho1_n0_RW-Only0_fit_1,figure_scripts/kinetic_simulation/_fits_peptide_calibration_gamma_m1,gamma=-1 sweep,1,RW-Only,2,-1,0.2,0.010841,0.104121,0.0088,figure_scripts/kinetic_simulation/_fits_peptide_calibration_gamma_m1/ISO-Bimodal/split-R3/rho1/n0/data/Sweep-Methods/TeaA_ISO-Bimodal_rho1_n0/Benchmark/RW_bench/TeaA_ISO-Bimodal_rho1_n0_RW-Only0_fit_RW_bench_R3_k_sequence/train_TeaA_ISO-Bimodal_rho1_n0_RW-Only0_fit_1
ISO-Bimodal/split-R3/rho1/n0/data/Sweep-Methods/TeaA_ISO-Bimodal_rho1_n0/Benchmark/RW_bench/TeaA_ISO-Bimodal_rho1_n0_RW-Only0_fit_RW_bench_R3_k_sequence/train_TeaA_ISO-Bimodal_rho1_n0_RW-Only0_fit_1,figure_scripts/kinetic_simulation/_fits_peptide_calibration_gamma_m1,gamma=-1 sweep,1,RW-Only,6,-1,0.6000000000000001,0.010256,0.101273,0.0699,figure_scripts/kinetic_simulation/_fits_peptide_calibration_gamma_m1/ISO-Bimodal/split-R3/rho1/n0/data/Sweep-Methods/TeaA_ISO-Bimodal_rho1_n0/Benchmark/RW_bench/TeaA_ISO-Bimodal_rho1_n0_RW-Only0_fit_RW_bench_R3_k_sequence/train_TeaA_ISO-Bimodal_rho1_n0_RW-Only0_fit_1
ISO-Bimodal/split-R3/rho1/n0/data/Sweep-Methods/TeaA_ISO-Bimodal_rho1_n0/Benchmark/RW_bench/TeaA_ISO-Bimodal_rho1_n0_RW-Only0_fit_RW_bench_R3_k_sequence/train_TeaA_ISO-Bimodal_rho1_n0_RW-Only0_fit_1,figure_scripts/kinetic_simulation/_fits_peptide_calibration_gamma_m1,gamma=-1 sweep,1,RW-Only,9,-1,0.9,0.00988,0.099397,0.14448,figure_scripts/kinetic_simulation/_fits_peptide_calibration_gamma_m1/ISO-Bimodal/split-R3/rho1/n0/data/Sweep-Methods/TeaA_ISO-Bimodal_rho1_n0/Benchmark/RW_bench/TeaA_ISO-Bimodal_rho1_n0_RW-Only0_fit_RW_bench_R3_k_sequence/train_TeaA_ISO-Bimodal_rho1_n0_RW-Only0_fit_1
ISO-Bimodal/split-R3/rho1/n0/data/Sweep-Methods/TeaA_ISO-Bimodal_rho1_n0/Benchmark/RW_bench/TeaA_ISO-Bimodal_rho1_n0_RW-Only0_fit_RW_bench_R3_k_sequence/train_TeaA_ISO-Bimodal_rho1_n0_RW-Only0_fit_1,figure_scripts/kinetic_simulation/_fits_peptide_calibration_gamma_m1,gamma=-1 sweep,1,RW-Only,3,-1,0.30000000000000004,0.010684,0.103366,0.01917,figure_scripts/kinetic_simulation/_fits_peptide_calibration_gamma_m1/ISO-Bimodal/split-R3/rho1/n0/data/Sweep-Methods/TeaA_ISO-Bimodal_rho1_n0/Benchmark/RW_bench/TeaA_ISO-Bimodal_rho1_n0_RW-Only0_fit_RW_bench_R3_k_sequence/train_TeaA_ISO-Bimodal_rho1_n0_RW-Only0_fit_1
ISO-Bimodal/split-R3/rho1/n0/data/Sweep-Methods/TeaA_ISO-Bimodal_rho1_n0/Benchmark/RW_bench/TeaA_ISO-Bimodal_rho1_n0_RW-Only0_fit_RW_bench_R3_k_sequence/train_TeaA_ISO-Bimodal_rho1_n0_RW-Only0_fit_1,figure_scripts/kinetic_simulation/_fits_peptide_calibration_gamma_m1,gamma=-1 sweep,1,RW-Only,4,-1,0.4,0.010535,0.102641,0.03302,figure_scripts/kinetic_simulation/_fits_peptide_calibration_gamma_m1/ISO-Bimodal/split-R3/rho1/n0/data/Sweep-Methods/TeaA_ISO-Bimodal_rho1_n0/Benchmark/RW_bench/TeaA_ISO-Bimodal_rho1_n0_RW-Only0_fit_RW_bench_R3_k_sequence/train_TeaA_ISO-Bimodal_rho1_n0_RW-Only0_fit_1
ISO-Bimodal/split-R3/rho1/n0/data/Sweep-Methods/TeaA_ISO-Bimodal_rho1_n0/Benchmark/BV_bench/TeaA_ISO-Bimodal_rho1_n0_RW-BV1_fit_BV_bench_R3_k_sequence/train_TeaA_ISO-Bimodal_rho1_n0_RW-BV1_fit_1,figure_scripts/kinetic_simulation/_fits_peptide_calibration_gamma_m1,gamma=-1 sweep,1,RW-BV,3,0,3.0,0.001818,0.042633,-0.0,figure_scripts/kinetic_simulation/_fits_peptide_calibration_gamma_m1/ISO-Bimodal/split-R3/rho1/n0/data/Sweep-Methods/TeaA_ISO-Bimodal_rho1_n0/Benchmark/BV_bench/TeaA_ISO-Bimodal_rho1_n0_RW-BV1_fit_BV_bench_R3_k_sequence/train_TeaA_ISO-Bimodal_rho1_n0_RW-BV1_fit_1
ISO-Bimodal/split-R3/rho1/n0/data/Sweep-Methods/TeaA_ISO-Bimodal_rho1_n0/Benchmark/BV_bench/TeaA_ISO-Bimodal_rho1_n0_RW-BV1_fit_BV_bench_R3_k_sequence/train_TeaA_ISO-Bimodal_rho1_n0_RW-BV1_fit_2,figure_scripts/kinetic_simulation/_fits_peptide_calibration_gamma_m1,gamma=-1 sweep,1,RW-BV,3,0,3.0,0.002799,0.052902,-0.0,figure_scripts/kinetic_simulation/_fits_peptide_calibration_gamma_m1/ISO-Bimodal/split-R3/rho1/n0/data/Sweep-Methods/TeaA_ISO-Bimodal_rho1_n0/Benchmark/BV_bench/TeaA_ISO-Bimodal_rho1_n0_RW-BV1_fit_BV_bench_R3_k_sequence/train_TeaA_ISO-Bimodal_rho1_n0_RW-BV1_fit_2
ISO-Bimodal/split-R3/rho1/n0/data/Sweep-Methods/TeaA_ISO-Bimodal_rho1_n0/Benchmark/BV_bench/TeaA_ISO-Bimodal_rho1_n0_RW-BV1_fit_BV_bench_R3_k_sequence/train_TeaA_ISO-Bimodal_rho1_n0_RW-BV1_fit_3,figure_scripts/kinetic_simulation/_fits_peptide_calibration_gamma_m1,gamma=-1 sweep,1,RW-BV,3,0,3.0,0.00229,0.047854,-0.0,figure_scripts/kinetic_simulation/_fits_peptide_calibration_gamma_m1/ISO-Bimodal/split-R3/rho1/n0/data/Sweep-Methods/TeaA_ISO-Bimodal_rho1_n0/Benchmark/BV_bench/TeaA_ISO-Bimodal_rho1_n0_RW-BV1_fit_BV_bench_R3_k_sequence/train_TeaA_ISO-Bimodal_rho1_n0_RW-BV1_fit_3
ISO-Bimodal/split-R3/rho1/n0/data/Sweep-Methods/TeaA_ISO-Bimodal_rho1_n0/Benchmark/BV_bench/TeaA_ISO-Bimodal_rho1_n0_BV-RW0_fit_BV_bench_R3_k_sequence/train_TeaA_ISO-Bimodal_rho1_n0_BV-RW0_fit_1,figure_scripts/kinetic_simulation/_fits_peptide_calibration_gamma_m1,gamma=-1 sweep,1,BV-RW,3,0,3.0,0.001825,0.042716,0.0,figure_scripts/kinetic_simulation/_fits_peptide_calibration_gamma_m1/ISO-Bimodal/split-R3/rho1/n0/data/Sweep-Methods/TeaA_ISO-Bimodal_rho1_n0/Benchmark/BV_bench/TeaA_ISO-Bimodal_rho1_n0_BV-RW0_fit_BV_bench_R3_k_sequence/train_TeaA_ISO-Bimodal_rho1_n0_BV-RW0_fit_1
ISO-Bimodal/split-R3/rho1/n0/data/Sweep-Methods/TeaA_ISO-Bimodal_rho1_n0/Benchmark/BV_bench/TeaA_ISO-Bimodal_rho1_n0_BV-RW0_fit_BV_bench_R3_k_sequence/train_TeaA_ISO-Bimodal_rho1_n0_BV-RW0_fit_2,figure_scripts/kinetic_simulation/_fits_peptide_calibration_gamma_m1,gamma=-1 sweep,1,BV-RW,3,0,3.0,0.002803,0.052946,0.0,figure_scripts/kinetic_simulation/_fits_peptide_calibration_gamma_m1/ISO-Bimodal/split-R3/rho1/n0/data/Sweep-Methods/TeaA_ISO-Bimodal_rho1_n0/Benchmark/BV_bench/TeaA_ISO-Bimodal_rho1_n0_BV-RW0_fit_BV_bench_R3_k_sequence/train_TeaA_ISO-Bimodal_rho1_n0_BV-RW0_fit_2
ISO-Bimodal/split-R3/rho1/n0/data/Sweep-Methods/TeaA_ISO-Bimodal_rho1_n0/Benchmark/BV_bench/TeaA_ISO-Bimodal_rho1_n0_BV-RW0_fit_BV_bench_R3_k_sequence/train_TeaA_ISO-Bimodal_rho1_n0_BV-RW0_fit_3,figure_scripts/kinetic_simulation/_fits_peptide_calibration_gamma_m1,gamma=-1 sweep,1,BV-RW,3,0,3.0,0.002295,0.047909,0.0,figure_scripts/kinetic_simulation/_fits_peptide_calibration_gamma_m1/ISO-Bimodal/split-R3/rho1/n0/data/Sweep-Methods/TeaA_ISO-Bimodal_rho1_n0/Benchmark/BV_bench/TeaA_ISO-Bimodal_rho1_n0_BV-RW0_fit_BV_bench_R3_k_sequence/train_TeaA_ISO-Bimodal_rho1_n0_BV-RW0_fit_3
ISO-Bimodal/split-R3/rho1000/n0/data/Sweep-Methods/TeaA_ISO-Bimodal_rho1000_n00/Benchmark/RW_bench/TeaA_ISO-Bimodal_rho1000_n0_BV-RW1_fit_RW_bench_R3_k_sequence/train_TeaA_ISO-Bimodal_rho1000_n0_BV-RW1_fit_1,figure_scripts/kinetic_simulation/_fits_peptide_calibration_gamma_m1,gamma=-1 sweep,1000,BV-RW,7,-1,0.7000000000000001,0.001505,0.038797,0.00919,figure_scripts/kinetic_simulation/_fits_peptide_calibration_gamma_m1/ISO-Bimodal/split-R3/rho1000/n0/data/Sweep-Methods/TeaA_ISO-Bimodal_rho1000_n00/Benchmark/RW_bench/TeaA_ISO-Bimodal_rho1000_n0_BV-RW1_fit_RW_bench_R3_k_sequence/train_TeaA_ISO-Bimodal_rho1000_n0_BV-RW1_fit_1
ISO-Bimodal/split-R3/rho1000/n0/data/Sweep-Methods/TeaA_ISO-Bimodal_rho1000_n00/Benchmark/RW_bench/TeaA_ISO-Bimodal_rho1000_n0_BV-RW1_fit_RW_bench_R3_k_sequence/train_TeaA_ISO-Bimodal_rho1000_n0_BV-RW1_fit_1,figure_scripts/kinetic_simulation/_fits_peptide_calibration_gamma_m1,gamma=-1 sweep,1000,BV-RW,5,-1,0.5,0.001531,0.039122,0.00482,figure_scripts/kinetic_simulation/_fits_peptide_calibration_gamma_m1/ISO-Bimodal/split-R3/rho1000/n0/data/Sweep-Methods/TeaA_ISO-Bimodal_rho1000_n00/Benchmark/RW_bench/TeaA_ISO-Bimodal_rho1000_n0_BV-RW1_fit_RW_bench_R3_k_sequence/train_TeaA_ISO-Bimodal_rho1000_n0_BV-RW1_fit_1
ISO-Bimodal/split-R3/rho1000/n0/data/Sweep-Methods/TeaA_ISO-Bimodal_rho1000_n00/Benchmark/RW_bench/TeaA_ISO-Bimodal_rho1000_n0_BV-RW1_fit_RW_bench_R3_k_sequence/train_TeaA_ISO-Bimodal_rho1000_n0_BV-RW1_fit_1,figure_scripts/kinetic_simulation/_fits_peptide_calibration_gamma_m1,gamma=-1 sweep,1000,BV-RW,1,-1,0.1,0.001585,0.039807,0.0002,figure_scripts/kinetic_simulation/_fits_peptide_calibration_gamma_m1/ISO-Bimodal/split-R3/rho1000/n0/data/Sweep-Methods/TeaA_ISO-Bimodal_rho1000_n00/Benchmark/RW_bench/TeaA_ISO-Bimodal_rho1000_n0_BV-RW1_fit_RW_bench_R3_k_sequence/train_TeaA_ISO-Bimodal_rho1000_n0_BV-RW1_fit_1
ISO-Bimodal/split-R3/rho1000/n0/data/Sweep-Methods/TeaA_ISO-Bimodal_rho1000_n00/Benchmark/RW_bench/TeaA_ISO-Bimodal_rho1000_n0_BV-RW1_fit_RW_bench_R3_k_sequence/train_TeaA_ISO-Bimodal_rho1000_n0_BV-RW1_fit_1,figure_scripts/kinetic_simulation/_fits_peptide_calibration_gamma_m1,gamma=-1 sweep,1000,BV-RW,8,-1,0.8,0.001493,0.038638,0.01184,figure_scripts/kinetic_simulation/_fits_peptide_calibration_gamma_m1/ISO-Bimodal/split-R3/rho1000/n0/data/Sweep-Methods/TeaA_ISO-Bimodal_rho1000_n00/Benchmark/RW_bench/TeaA_ISO-Bimodal_rho1000_n0_BV-RW1_fit_RW_bench_R3_k_sequence/train_TeaA_ISO-Bimodal_rho1000_n0_BV-RW1_fit_1
ISO-Bimodal/split-R3/rho1000/n0/data/Sweep-Methods/TeaA_ISO-Bimodal_rho1000_n00/Benchmark/RW_bench/TeaA_ISO-Bimodal_rho1000_n0_BV-RW1_fit_RW_bench_R3_k_sequence/train_TeaA_ISO-Bimodal_rho1000_n0_BV-RW1_fit_1,figure_scripts/kinetic_simulation/_fits_peptide_calibration_gamma_m1,gamma=-1 sweep,1000,BV-RW,2,-1,0.2,0.001571,0.039631,0.00081,figure_scripts/kinetic_simulation/_fits_peptide_calibration_gamma_m1/ISO-Bimodal/split-R3/rho1000/n0/data/Sweep-Methods/TeaA_ISO-Bimodal_rho1000_n00/Benchmark/RW_bench/TeaA_ISO-Bimodal_rho1000_n0_BV-RW1_fit_RW_bench_R3_k_sequence/train_TeaA_ISO-Bimodal_rho1000_n0_BV-RW1_fit_1
ISO-Bimodal/split-R3/rho1000/n0/data/Sweep-Methods/TeaA_ISO-Bimodal_rho1000_n00/Benchmark/RW_bench/TeaA_ISO-Bimodal_rho1000_n0_BV-RW1_fit_RW_bench_R3_k_sequence/train_TeaA_ISO-Bimodal_rho1000_n0_BV-RW1_fit_1,figure_scripts/kinetic_simulation/_fits_peptide_calibration_gamma_m1,gamma=-1 sweep,1000,BV-RW,6,-1,0.6000000000000001,0.001518,0.038958,0.00685,figure_scripts/kinetic_simulation/_fits_peptide_calibration_gamma_m1/ISO-Bimodal/split-R3/rho1000/n0/data/Sweep-Methods/TeaA_ISO-Bimodal_rho1000_n00/Benchmark/RW_bench/TeaA_ISO-Bimodal_rho1000_n0_BV-RW1_fit_RW_bench_R3_k_sequence/train_TeaA_ISO-Bimodal_rho1000_n0_BV-RW1_fit_1
ISO-Bimodal/split-R3/rho1000/n0/data/Sweep-Methods/TeaA_ISO-Bimodal_rho1000_n00/Benchmark/RW_bench/TeaA_ISO-Bimodal_rho1000_n0_BV-RW1_fit_RW_bench_R3_k_sequence/train_TeaA_ISO-Bimodal_rho1000_n0_BV-RW1_fit_1,figure_scripts/kinetic_simulation/_fits_peptide_calibration_gamma_m1,gamma=-1 sweep,1000,BV-RW,9,-1,0.9,0.001481,0.038482,0.01478,figure_scripts/kinetic_simulation/_fits_peptide_calibration_gamma_m1/ISO-Bimodal/split-R3/rho1000/n0/data/Sweep-Methods/TeaA_ISO-Bimodal_rho1000_n00/Benchmark/RW_bench/TeaA_ISO-Bimodal_rho1000_n0_BV-RW1_fit_RW_bench_R3_k_sequence/train_TeaA_ISO-Bimodal_rho1000_n0_BV-RW1_fit_1
ISO-Bimodal/split-R3/rho1000/n0/data/Sweep-Methods/TeaA_ISO-Bimodal_rho1000_n00/Benchmark/RW_bench/TeaA_ISO-Bimodal_rho1000_n0_BV-RW1_fit_RW_bench_R3_k_sequence/train_TeaA_ISO-Bimodal_rho1000_n0_BV-RW1_fit_1,figure_scripts/kinetic_simulation/_fits_peptide_calibration_gamma_m1,gamma=-1 sweep,1000,BV-RW,3,-1,0.30000000000000004,0.001557,0.039458,0.00179,figure_scripts/kinetic_simulation/_fits_peptide_calibration_gamma_m1/ISO-Bimodal/split-R3/rho1000/n0/data/Sweep-Methods/TeaA_ISO-Bimodal_rho1000_n00/Benchmark/RW_bench/TeaA_ISO-Bimodal_rho1000_n0_BV-RW1_fit_RW_bench_R3_k_sequence/train_TeaA_ISO-Bimodal_rho1000_n0_BV-RW1_fit_1
ISO-Bimodal/split-R3/rho1000/n0/data/Sweep-Methods/TeaA_ISO-Bimodal_rho1000_n00/Benchmark/RW_bench/TeaA_ISO-Bimodal_rho1000_n0_BV-RW1_fit_RW_bench_R3_k_sequence/train_TeaA_ISO-Bimodal_rho1000_n0_BV-RW1_fit_1,figure_scripts/kinetic_simulation/_fits_peptide_calibration_gamma_m1,gamma=-1 sweep,1000,BV-RW,4,-1,0.4,0.001544,0.039289,0.00313,figure_scripts/kinetic_simulation/_fits_peptide_calibration_gamma_m1/ISO-Bimodal/split-R3/rho1000/n0/data/Sweep-Methods/TeaA_ISO-Bimodal_rho1000_n00/Benchmark/RW_bench/TeaA_ISO-Bimodal_rho1000_n0_BV-RW1_fit_RW_bench_R3_k_sequence/train_TeaA_ISO-Bimodal_rho1000_n0_BV-RW1_fit_1
ISO-Bimodal/split-R3/rho1000/n0/data/Sweep-Methods/TeaA_ISO-Bimodal_rho1000_n00/Benchmark/RW_bench/TeaA_ISO-Bimodal_rho1000_n0_BV-RW1_fit_RW_bench_R3_k_sequence/train_TeaA_ISO-Bimodal_rho1000_n0_BV-RW1_fit_3,figure_scripts/kinetic_simulation/_fits_peptide_calibration_gamma_m1,gamma=-1 sweep,1000,BV-RW,7,-1,0.7000000000000001,0.0016,0.039999,0.01004,figure_scripts/kinetic_simulation/_fits_peptide_calibration_gamma_m1/ISO-Bimodal/split-R3/rho1000/n0/data/Sweep-Methods/TeaA_ISO-Bimodal_rho1000_n00/Benchmark/RW_bench/TeaA_ISO-Bimodal_rho1000_n0_BV-RW1_fit_RW_bench_R3_k_sequence/train_TeaA_ISO-Bimodal_rho1000_n0_BV-RW1_fit_3
ISO-Bimodal/split-R3/rho1000/n0/data/Sweep-Methods/TeaA_ISO-Bimodal_rho1000_n00/Benchmark/RW_bench/TeaA_ISO-Bimodal_rho1000_n0_BV-RW1_fit_RW_bench_R3_k_sequence/train_TeaA_ISO-Bimodal_rho1000_n0_BV-RW1_fit_3,figure_scripts/kinetic_simulation/_fits_peptide_calibration_gamma_m1,gamma=-1 sweep,1000,BV-RW,5,-1,0.5,0.001625,0.040307,0.0052,figure_scripts/kinetic_simulation/_fits_peptide_calibration_gamma_m1/ISO-Bimodal/split-R3/rho1000/n0/data/Sweep-Methods/TeaA_ISO-Bimodal_rho1000_n00/Benchmark/RW_bench/TeaA_ISO-Bimodal_rho1000_n0_BV-RW1_fit_RW_bench_R3_k_sequence/train_TeaA_ISO-Bimodal_rho1000_n0_BV-RW1_fit_3
ISO-Bimodal/split-R3/rho1000/n0/data/Sweep-Methods/TeaA_ISO-Bimodal_rho1000_n00/Benchmark/RW_bench/TeaA_ISO-Bimodal_rho1000_n0_BV-RW1_fit_RW_bench_R3_k_sequence/train_TeaA_ISO-Bimodal_rho1000_n0_BV-RW1_fit_3,figure_scripts/kinetic_simulation/_fits_peptide_calibration_gamma_m1,gamma=-1 sweep,1000,BV-RW,1,-1,0.1,0.001676,0.040939,0.00021,figure_scripts/kinetic_simulation/_fits_peptide_calibration_gamma_m1/ISO-Bimodal/split-R3/rho1000/n0/data/Sweep-Methods/TeaA_ISO-Bimodal_rho1000_n00/Benchmark/RW_bench/TeaA_ISO-Bimodal_rho1000_n0_BV-RW1_fit_RW_bench_R3_k_sequence/train_TeaA_ISO-Bimodal_rho1000_n0_BV-RW1_fit_3
ISO-Bimodal/split-R3/rho1000/n0/data/Sweep-Methods/TeaA_ISO-Bimodal_rho1000_n00/Benchmark/RW_bench/TeaA_ISO-Bimodal_rho1000_n0_BV-RW1_fit_RW_bench_R3_k_sequence/train_TeaA_ISO-Bimodal_rho1000_n0_BV-RW1_fit_3,figure_scripts/kinetic_simulation/_fits_peptide_calibration_gamma_m1,gamma=-1 sweep,1000,BV-RW,8,-1,0.8,0.001588,0.039847,0.01301,figure_scripts/kinetic_simulation/_fits_peptide_calibration_gamma_m1/ISO-Bimodal/split-R3/rho1000/n0/data/Sweep-Methods/TeaA_ISO-Bimodal_rho1000_n00/Benchmark/RW_bench/TeaA_ISO-Bimodal_rho1000_n0_BV-RW1_fit_RW_bench_R3_k_sequence/train_TeaA_ISO-Bimodal_rho1000_n0_BV-RW1_fit_3
ISO-Bimodal/split-R3/rho1000/n0/data/Sweep-Methods/TeaA_ISO-Bimodal_rho1000_n00/Benchmark/RW_bench/TeaA_ISO-Bimodal_rho1000_n0_BV-RW1_fit_RW_bench_R3_k_sequence/train_TeaA_ISO-Bimodal_rho1000_n0_BV-RW1_fit_3,figure_scripts/kinetic_simulation/_fits_peptide_calibration_gamma_m1,gamma=-1 sweep,1000,BV-RW,2,-1,0.2,0.001663,0.040779,0.00085,figure_scripts/kinetic_simulation/_fits_peptide_calibration_gamma_m1/ISO-Bimodal/split-R3/rho1000/n0/data/Sweep-Methods/TeaA_ISO-Bimodal_rho1000_n00/Benchmark/RW_bench/TeaA_ISO-Bimodal_rho1000_n0_BV-RW1_fit_RW_bench_R3_k_sequence/train_TeaA_ISO-Bimodal_rho1000_n0_BV-RW1_fit_3
ISO-Bimodal/split-R3/rho1000/n0/data/Sweep-Methods/TeaA_ISO-Bimodal_rho1000_n00/Benchmark/RW_bench/TeaA_ISO-Bimodal_rho1000_n0_BV-RW1_fit_RW_bench_R3_k_sequence/train_TeaA_ISO-Bimodal_rho1000_n0_BV-RW1_fit_3,figure_scripts/kinetic_simulation/_fits_peptide_calibration_gamma_m1,gamma=-1 sweep,1000,BV-RW,6,-1,0.6000000000000001,0.001612,0.040153,0.00743,figure_scripts/kinetic_simulation/_fits_peptide_calibration_gamma_m1/ISO-Bimodal/split-R3/rho1000/n0/data/Sweep-Methods/TeaA_ISO-Bimodal_rho1000_n00/Benchmark/RW_bench/TeaA_ISO-Bimodal_rho1000_n0_BV-RW1_fit_RW_bench_R3_k_sequence/train_TeaA_ISO-Bimodal_rho1000_n0_BV-RW1_fit_3
ISO-Bimodal/split-R3/rho1000/n0/data/Sweep-Methods/TeaA_ISO-Bimodal_rho1000_n00/Benchmark/RW_bench/TeaA_ISO-Bimodal_rho1000_n0_BV-RW1_fit_RW_bench_R3_k_sequence/train_TeaA_ISO-Bimodal_rho1000_n0_BV-RW1_fit_3,figure_scripts/kinetic_simulation/_fits_peptide_calibration_gamma_m1,gamma=-1 sweep,1000,BV-RW,9,-1,0.9,0.001576,0.039696,0.01633,figure_scripts/kinetic_simulation/_fits_peptide_calibration_gamma_m1/ISO-Bimodal/split-R3/rho1000/n0/data/Sweep-Methods/TeaA_ISO-Bimodal_rho1000_n00/Benchmark/RW_bench/TeaA_ISO-Bimodal_rho1000_n0_BV-RW1_fit_RW_bench_R3_k_sequence/train_TeaA_ISO-Bimodal_rho1000_n0_BV-RW1_fit_3
ISO-Bimodal/split-R3/rho1000/n0/data/Sweep-Methods/TeaA_ISO-Bimodal_rho1000_n00/Benchmark/RW_bench/TeaA_ISO-Bimodal_rho1000_n0_BV-RW1_fit_RW_bench_R3_k_sequence/train_TeaA_ISO-Bimodal_rho1000_n0_BV-RW1_fit_3,figure_scripts/kinetic_simulation/_fits_peptide_calibration_gamma_m1,gamma=-1 sweep,1000,BV-RW,3,-1,0.30000000000000004,0.00165,0.040621,0.0019,figure_scripts/kinetic_simulation/_fits_peptide_calibration_gamma_m1/ISO-Bimodal/split-R3/rho1000/n0/data/Sweep-Methods/TeaA_ISO-Bimodal_rho1000_n00/Benchmark/RW_bench/TeaA_ISO-Bimodal_rho1000_n0_BV-RW1_fit_RW_bench_R3_k_sequence/train_TeaA_ISO-Bimodal_rho1000_n0_BV-RW1_fit_3
ISO-Bimodal/split-R3/rho1000/n0/data/Sweep-Methods/TeaA_ISO-Bimodal_rho1000_n00/Benchmark/RW_bench/TeaA_ISO-Bimodal_rho1000_n0_BV-RW1_fit_RW_bench_R3_k_sequence/train_TeaA_ISO-Bimodal_rho1000_n0_BV-RW1_fit_3,figure_scripts/kinetic_simulation/_fits_peptide_calibration_gamma_m1,gamma=-1 sweep,1000,BV-RW,4,-1,0.4,0.001637,0.040463,0.00336,figure_scripts/kinetic_simulation/_fits_peptide_calibration_gamma_m1/ISO-Bimodal/split-R3/rho1000/n0/data/Sweep-Methods/TeaA_ISO-Bimodal_rho1000_n00/Benchmark/RW_bench/TeaA_ISO-Bimodal_rho1000_n0_BV-RW1_fit_RW_bench_R3_k_sequence/train_TeaA_ISO-Bimodal_rho1000_n0_BV-RW1_fit_3
ISO-Bimodal/split-R3/rho1000/n0/data/Sweep-Methods/TeaA_ISO-Bimodal_rho1000_n00/Benchmark/RW_bench/TeaA_ISO-Bimodal_rho1000_n0_BV-RW1_fit_RW_bench_R3_k_sequence/train_TeaA_ISO-Bimodal_rho1000_n0_BV-RW1_fit_2,figure_scripts/kinetic_simulation/_fits_peptide_calibration_gamma_m1,gamma=-1 sweep,1000,BV-RW,7,-1,0.7000000000000001,0.002202,0.046929,0.01189,figure_scripts/kinetic_simulation/_fits_peptide_calibration_gamma_m1/ISO-Bimodal/split-R3/rho1000/n0/data/Sweep-Methods/TeaA_ISO-Bimodal_rho1000_n00/Benchmark/RW_bench/TeaA_ISO-Bimodal_rho1000_n0_BV-RW1_fit_RW_bench_R3_k_sequence/train_TeaA_ISO-Bimodal_rho1000_n0_BV-RW1_fit_2
ISO-Bimodal/split-R3/rho1000/n0/data/Sweep-Methods/TeaA_ISO-Bimodal_rho1000_n00/Benchmark/RW_bench/TeaA_ISO-Bimodal_rho1000_n0_BV-RW1_fit_RW_bench_R3_k_sequence/train_TeaA_ISO-Bimodal_rho1000_n0_BV-RW1_fit_2,figure_scripts/kinetic_simulation/_fits_peptide_calibration_gamma_m1,gamma=-1 sweep,1000,BV-RW,5,-1,0.5,0.002236,0.047287,0.00616,figure_scripts/kinetic_simulation/_fits_peptide_calibration_gamma_m1/ISO-Bimodal/split-R3/rho1000/n0/data/Sweep-Methods/TeaA_ISO-Bimodal_rho1000_n00/Benchmark/RW_bench/TeaA_ISO-Bimodal_rho1000_n0_BV-RW1_fit_RW_bench_R3_k_sequence/train_TeaA_ISO-Bimodal_rho1000_n0_BV-RW1_fit_2
ISO-Bimodal/split-R3/rho1000/n0/data/Sweep-Methods/TeaA_ISO-Bimodal_rho1000_n00/Benchmark/RW_bench/TeaA_ISO-Bimodal_rho1000_n0_BV-RW1_fit_RW_bench_R3_k_sequence/train_TeaA_ISO-Bimodal_rho1000_n0_BV-RW1_fit_2,figure_scripts/kinetic_simulation/_fits_peptide_calibration_gamma_m1,gamma=-1 sweep,1000,BV-RW,1,-1,0.1,0.002306,0.048023,0.00025,figure_scripts/kinetic_simulation/_fits_peptide_calibration_gamma_m1/ISO-Bimodal/split-R3/rho1000/n0/data/Sweep-Methods/TeaA_ISO-Bimodal_rho1000_n00/Benchmark/RW_bench/TeaA_ISO-Bimodal_rho1000_n0_BV-RW1_fit_RW_bench_R3_k_sequence/train_TeaA_ISO-Bimodal_rho1000_n0_BV-RW1_fit_2
ISO-Bimodal/split-R3/rho1000/n0/data/Sweep-Methods/TeaA_ISO-Bimodal_rho1000_n00/Benchmark/RW_bench/TeaA_ISO-Bimodal_rho1000_n0_BV-RW1_fit_RW_bench_R3_k_sequence/train_TeaA_ISO-Bimodal_rho1000_n0_BV-RW1_fit_2,figure_scripts/kinetic_simulation/_fits_peptide_calibration_gamma_m1,gamma=-1 sweep,1000,BV-RW,8,-1,0.8,0.002186,0.046752,0.01541,figure_scripts/kinetic_simulation/_fits_peptide_calibration_gamma_m1/ISO-Bimodal/split-R3/rho1000/n0/data/Sweep-Methods/TeaA_ISO-Bimodal_rho1000_n00/Benchmark/RW_bench/TeaA_ISO-Bimodal_rho1000_n0_BV-RW1_fit_RW_bench_R3_k_sequence/train_TeaA_ISO-Bimodal_rho1000_n0_BV-RW1_fit_2
ISO-Bimodal/split-R3/rho1000/n0/data/Sweep-Methods/TeaA_ISO-Bimodal_rho1000_n00/Benchmark/RW_bench/TeaA_ISO-Bimodal_rho1000_n0_BV-RW1_fit_RW_bench_R3_k_sequence/train_TeaA_ISO-Bimodal_rho1000_n0_BV-RW1_fit_2,figure_scripts/kinetic_simulation/_fits_peptide_calibration_gamma_m1,gamma=-1 sweep,1000,BV-RW,2,-1,0.2,0.002288,0.047836,0.00101,figure_scripts/kinetic_simulation/_fits_peptide_calibration_gamma_m1/ISO-Bimodal/split-R3/rho1000/n0/data/Sweep-Methods/TeaA_ISO-Bimodal_rho1000_n00/Benchmark/RW_bench/TeaA_ISO-Bimodal_rho1000_n0_BV-RW1_fit_RW_bench_R3_k_sequence/train_TeaA_ISO-Bimodal_rho1000_n0_BV-RW1_fit_2
ISO-Bimodal/split-R3/rho1000/n0/data/Sweep-Methods/TeaA_ISO-Bimodal_rho1000_n00/Benchmark/RW_bench/TeaA_ISO-Bimodal_rho1000_n0_BV-RW1_fit_RW_bench_R3_k_sequence/train_TeaA_ISO-Bimodal_rho1000_n0_BV-RW1_fit_2,figure_scripts/kinetic_simulation/_fits_peptide_calibration_gamma_m1,gamma=-1 sweep,1000,BV-RW,6,-1,0.6000000000000001,0.002219,0.047107,0.00881,figure_scripts/kinetic_simulation/_fits_peptide_calibration_gamma_m1/ISO-Bimodal/split-R3/rho1000/n0/data/Sweep-Methods/TeaA_ISO-Bimodal_rho1000_n00/Benchmark/RW_bench/TeaA_ISO-Bimodal_rho1000_n0_BV-RW1_fit_RW_bench_R3_k_sequence/train_TeaA_ISO-Bimodal_rho1000_n0_BV-RW1_fit_2
ISO-Bimodal/split-R3/rho1000/n0/data/Sweep-Methods/TeaA_ISO-Bimodal_rho1000_n00/Benchmark/RW_bench/TeaA_ISO-Bimodal_rho1000_n0_BV-RW1_fit_RW_bench_R3_k_sequence/train_TeaA_ISO-Bimodal_rho1000_n0_BV-RW1_fit_2,figure_scripts/kinetic_simulation/_fits_peptide_calibration_gamma_m1,gamma=-1 sweep,1000,BV-RW,9,-1,0.9,0.002169,0.046576,0.01934,figure_scripts/kinetic_simulation/_fits_peptide_calibration_gamma_m1/ISO-Bimodal/split-R3/rho1000/n0/data/Sweep-Methods/TeaA_ISO-Bimodal_rho1000_n00/Benchmark/RW_bench/TeaA_ISO-Bimodal_rho1000_n0_BV-RW1_fit_RW_bench_R3_k_sequence/train_TeaA_ISO-Bimodal_rho1000_n0_BV-RW1_fit_2
ISO-Bimodal/split-R3/rho1000/n0/data/Sweep-Methods/TeaA_ISO-Bimodal_rho1000_n00/Benchmark/RW_bench/TeaA_ISO-Bimodal_rho1000_n0_BV-RW1_fit_RW_bench_R3_k_sequence/train_TeaA_ISO-Bimodal_rho1000_n0_BV-RW1_fit_2,figure_scripts/kinetic_simulation/_fits_peptide_calibration_gamma_m1,gamma=-1 sweep,1000,BV-RW,3,-1,0.30000000000000004,0.002271,0.047652,0.00225,figure_scripts/kinetic_simulation/_fits_peptide_calibration_gamma_m1/ISO-Bimodal/split-R3/rho1000/n0/data/Sweep-Methods/TeaA_ISO-Bimodal_rho1000_n00/Benchmark/RW_bench/TeaA_ISO-Bimodal_rho1000_n0_BV-RW1_fit_RW_bench_R3_k_sequence/train_TeaA_ISO-Bimodal_rho1000_n0_BV-RW1_fit_2
ISO-Bimodal/split-R3/rho1000/n0/data/Sweep-Methods/TeaA_ISO-Bimodal_rho1000_n00/Benchmark/RW_bench/TeaA_ISO-Bimodal_rho1000_n0_BV-RW1_fit_RW_bench_R3_k_sequence/train_TeaA_ISO-Bimodal_rho1000_n0_BV-RW1_fit_2,figure_scripts/kinetic_simulation/_fits_peptide_calibration_gamma_m1,gamma=-1 sweep,1000,BV-RW,4,-1,0.4,0.002253,0.047469,0.00398,figure_scripts/kinetic_simulation/_fits_peptide_calibration_gamma_m1/ISO-Bimodal/split-R3/rho1000/n0/data/Sweep-Methods/TeaA_ISO-Bimodal_rho1000_n00/Benchmark/RW_bench/TeaA_ISO-Bimodal_rho1000_n0_BV-RW1_fit_RW_bench_R3_k_sequence/train_TeaA_ISO-Bimodal_rho1000_n0_BV-RW1_fit_2
ISO-Bimodal/split-R3/rho1000/n0/data/Sweep-Methods/TeaA_ISO-Bimodal_rho1000_n00/Benchmark/RW_bench/TeaA_ISO-Bimodal_rho1000_n0_RW-BV0_fit_RW_bench_R3_k_sequence/train_TeaA_ISO-Bimodal_rho1000_n0_RW-BV0_fit_2,figure_scripts/kinetic_simulation/_fits_peptide_calibration_gamma_m1,gamma=-1 sweep,1000,RW-BV,7,-1,0.7000000000000001,0.003051,0.055238,0.01407,figure_scripts/kinetic_simulation/_fits_peptide_calibration_gamma_m1/ISO-Bimodal/split-R3/rho1000/n0/data/Sweep-Methods/TeaA_ISO-Bimodal_rho1000_n00/Benchmark/RW_bench/TeaA_ISO-Bimodal_rho1000_n0_RW-BV0_fit_RW_bench_R3_k_sequence/train_TeaA_ISO-Bimodal_rho1000_n0_RW-BV0_fit_2
ISO-Bimodal/split-R3/rho1000/n0/data/Sweep-Methods/TeaA_ISO-Bimodal_rho1000_n00/Benchmark/RW_bench/TeaA_ISO-Bimodal_rho1000_n0_RW-BV0_fit_RW_bench_R3_k_sequence/train_TeaA_ISO-Bimodal_rho1000_n0_RW-BV0_fit_2,figure_scripts/kinetic_simulation/_fits_peptide_calibration_gamma_m1,gamma=-1 sweep,1000,RW-BV,5,-1,0.5,0.003092,0.055604,0.0073,figure_scripts/kinetic_simulation/_fits_peptide_calibration_gamma_m1/ISO-Bimodal/split-R3/rho1000/n0/data/Sweep-Methods/TeaA_ISO-Bimodal_rho1000_n00/Benchmark/RW_bench/TeaA_ISO-Bimodal_rho1000_n0_RW-BV0_fit_RW_bench_R3_k_sequence/train_TeaA_ISO-Bimodal_rho1000_n0_RW-BV0_fit_2
ISO-Bimodal/split-R3/rho1000/n0/data/Sweep-Methods/TeaA_ISO-Bimodal_rho1000_n00/Benchmark/RW_bench/TeaA_ISO-Bimodal_rho1000_n0_RW-BV0_fit_RW_bench_R3_k_sequence/train_TeaA_ISO-Bimodal_rho1000_n0_RW-BV0_fit_2,figure_scripts/kinetic_simulation/_fits_peptide_calibration_gamma_m1,gamma=-1 sweep,1000,RW-BV,1,-1,0.1,0.003176,0.056356,0.0003,figure_scripts/kinetic_simulation/_fits_peptide_calibration_gamma_m1/ISO-Bimodal/split-R3/rho1000/n0/data/Sweep-Methods/TeaA_ISO-Bimodal_rho1000_n00/Benchmark/RW_bench/TeaA_ISO-Bimodal_rho1000_n0_RW-BV0_fit_RW_bench_R3_k_sequence/train_TeaA_ISO-Bimodal_rho1000_n0_RW-BV0_fit_2
ISO-Bimodal/split-R3/rho1000/n0/data/Sweep-Methods/TeaA_ISO-Bimodal_rho1000_n00/Benchmark/RW_bench/TeaA_ISO-Bimodal_rho1000_n0_RW-BV0_fit_RW_bench_R3_k_sequence/train_TeaA_ISO-Bimodal_rho1000_n0_RW-BV0_fit_2,figure_scripts/kinetic_simulation/_fits_peptide_calibration_gamma_m1,gamma=-1 sweep,1000,RW-BV,8,-1,0.8,0.003031,0.055057,0.01823,figure_scripts/kinetic_simulation/_fits_peptide_calibration_gamma_m1/ISO-Bimodal/split-R3/rho1000/n0/data/Sweep-Methods/TeaA_ISO-Bimodal_rho1000_n00/Benchmark/RW_bench/TeaA_ISO-Bimodal_rho1000_n0_RW-BV0_fit_RW_bench_R3_k_sequence/train_TeaA_ISO-Bimodal_rho1000_n0_RW-BV0_fit_2
ISO-Bimodal/split-R3/rho1000/n0/data/Sweep-Methods/TeaA_ISO-Bimodal_rho1000_n00/Benchmark/RW_bench/TeaA_ISO-Bimodal_rho1000_n0_RW-BV0_fit_RW_bench_R3_k_sequence/train_TeaA_ISO-Bimodal_rho1000_n0_RW-BV0_fit_2,figure_scripts/kinetic_simulation/_fits_peptide_calibration_gamma_m1,gamma=-1 sweep,1000,RW-BV,2,-1,0.2,0.003155,0.056166,0.0012,figure_scripts/kinetic_simulation/_fits_peptide_calibration_gamma_m1/ISO-Bimodal/split-R3/rho1000/n0/data/Sweep-Methods/TeaA_ISO-Bimodal_rho1000_n00/Benchmark/RW_bench/TeaA_ISO-Bimodal_rho1000_n0_RW-BV0_fit_RW_bench_R3_k_sequence/train_TeaA_ISO-Bimodal_rho1000_n0_RW-BV0_fit_2
ISO-Bimodal/split-R3/rho1000/n0/data/Sweep-Methods/TeaA_ISO-Bimodal_rho1000_n00/Benchmark/RW_bench/TeaA_ISO-Bimodal_rho1000_n0_RW-BV0_fit_RW_bench_R3_k_sequence/train_TeaA_ISO-Bimodal_rho1000_n0_RW-BV0_fit_2,figure_scripts/kinetic_simulation/_fits_peptide_calibration_gamma_m1,gamma=-1 sweep,1000,RW-BV,6,-1,0.6000000000000001,0.003071,0.05542,0.01042,figure_scripts/kinetic_simulation/_fits_peptide_calibration_gamma_m1/ISO-Bimodal/split-R3/rho1000/n0/data/Sweep-Methods/TeaA_ISO-Bimodal_rho1000_n00/Benchmark/RW_bench/TeaA_ISO-Bimodal_rho1000_n0_RW-BV0_fit_RW_bench_R3_k_sequence/train_TeaA_ISO-Bimodal_rho1000_n0_RW-BV0_fit_2
ISO-Bimodal/split-R3/rho1000/n0/data/Sweep-Methods/TeaA_ISO-Bimodal_rho1000_n00/Benchmark/RW_bench/TeaA_ISO-Bimodal_rho1000_n0_RW-BV0_fit_RW_bench_R3_k_sequence/train_TeaA_ISO-Bimodal_rho1000_n0_RW-BV0_fit_2,figure_scripts/kinetic_simulation/_fits_peptide_calibration_gamma_m1,gamma=-1 sweep,1000,RW-BV,9,-1,0.9,0.003012,0.054878,0.02288,figure_scripts/kinetic_simulation/_fits_peptide_calibration_gamma_m1/ISO-Bimodal/split-R3/rho1000/n0/data/Sweep-Methods/TeaA_ISO-Bimodal_rho1000_n00/Benchmark/RW_bench/TeaA_ISO-Bimodal_rho1000_n0_RW-BV0_fit_RW_bench_R3_k_sequence/train_TeaA_ISO-Bimodal_rho1000_n0_RW-BV0_fit_2
ISO-Bimodal/split-R3/rho1000/n0/data/Sweep-Methods/TeaA_ISO-Bimodal_rho1000_n00/Benchmark/RW_bench/TeaA_ISO-Bimodal_rho1000_n0_RW-BV0_fit_RW_bench_R3_k_sequence/train_TeaA_ISO-Bimodal_rho1000_n0_RW-BV0_fit_2,figure_scripts/kinetic_simulation/_fits_peptide_calibration_gamma_m1,gamma=-1 sweep,1000,RW-BV,3,-1,0.30000000000000004,0.003133,0.055977,0.00267,figure_scripts/kinetic_simulation/_fits_peptide_calibration_gamma_m1/ISO-Bimodal/split-R3/rho1000/n0/data/Sweep-Methods/TeaA_ISO-Bimodal_rho1000_n00/Benchmark/RW_bench/TeaA_ISO-Bimodal_rho1000_n0_RW-BV0_fit_RW_bench_R3_k_sequence/train_TeaA_ISO-Bimodal_rho1000_n0_RW-BV0_fit_2
ISO-Bimodal/split-R3/rho1000/n0/data/Sweep-Methods/TeaA_ISO-Bimodal_rho1000_n00/Benchmark/RW_bench/TeaA_ISO-Bimodal_rho1000_n0_RW-BV0_fit_RW_bench_R3_k_sequence/train_TeaA_ISO-Bimodal_rho1000_n0_RW-BV0_fit_2,figure_scripts/kinetic_simulation/_fits_peptide_calibration_gamma_m1,gamma=-1 sweep,1000,RW-BV,4,-1,0.4,0.003112,0.05579,0.00471,figure_scripts/kinetic_simulation/_fits_peptide_calibration_gamma_m1/ISO-Bimodal/split-R3/rho1000/n0/data/Sweep-Methods/TeaA_ISO-Bimodal_rho1000_n00/Benchmark/RW_bench/TeaA_ISO-Bimodal_rho1000_n0_RW-BV0_fit_RW_bench_R3_k_sequence/train_TeaA_ISO-Bimodal_rho1000_n0_RW-BV0_fit_2
ISO-Bimodal/split-R3/rho1000/n0/data/Sweep-Methods/TeaA_ISO-Bimodal_rho1000_n00/Benchmark/RW_bench/TeaA_ISO-Bimodal_rho1000_n0_RW-BV0_fit_RW_bench_R3_k_sequence/train_TeaA_ISO-Bimodal_rho1000_n0_RW-BV0_fit_3,figure_scripts/kinetic_simulation/_fits_peptide_calibration_gamma_m1,gamma=-1 sweep,1000,RW-BV,7,-1,0.7000000000000001,0.002058,0.045361,0.01107,figure_scripts/kinetic_simulation/_fits_peptide_calibration_gamma_m1/ISO-Bimodal/split-R3/rho1000/n0/data/Sweep-Methods/TeaA_ISO-Bimodal_rho1000_n00/Benchmark/RW_bench/TeaA_ISO-Bimodal_rho1000_n0_RW-BV0_fit_RW_bench_R3_k_sequence/train_TeaA_ISO-Bimodal_rho1000_n0_RW-BV0_fit_3
ISO-Bimodal/split-R3/rho1000/n0/data/Sweep-Methods/TeaA_ISO-Bimodal_rho1000_n00/Benchmark/RW_bench/TeaA_ISO-Bimodal_rho1000_n0_RW-BV0_fit_RW_bench_R3_k_sequence/train_TeaA_ISO-Bimodal_rho1000_n0_RW-BV0_fit_3,figure_scripts/kinetic_simulation/_fits_peptide_calibration_gamma_m1,gamma=-1 sweep,1000,RW-BV,5,-1,0.5,0.002086,0.045671,0.00575,figure_scripts/kinetic_simulation/_fits_peptide_calibration_gamma_m1/ISO-Bimodal/split-R3/rho1000/n0/data/Sweep-Methods/TeaA_ISO-Bimodal_rho1000_n00/Benchmark/RW_bench/TeaA_ISO-Bimodal_rho1000_n0_RW-BV0_fit_RW_bench_R3_k_sequence/train_TeaA_ISO-Bimodal_rho1000_n0_RW-BV0_fit_3
ISO-Bimodal/split-R3/rho1000/n0/data/Sweep-Methods/TeaA_ISO-Bimodal_rho1000_n00/Benchmark/RW_bench/TeaA_ISO-Bimodal_rho1000_n0_RW-BV0_fit_RW_bench_R3_k_sequence/train_TeaA_ISO-Bimodal_rho1000_n0_RW-BV0_fit_3,figure_scripts/kinetic_simulation/_fits_peptide_calibration_gamma_m1,gamma=-1 sweep,1000,RW-BV,1,-1,0.1,0.002144,0.046307,0.00024,figure_scripts/kinetic_simulation/_fits_peptide_calibration_gamma_m1/ISO-Bimodal/split-R3/rho1000/n0/data/Sweep-Methods/TeaA_ISO-Bimodal_rho1000_n00/Benchmark/RW_bench/TeaA_ISO-Bimodal_rho1000_n0_RW-BV0_fit_RW_bench_R3_k_sequence/train_TeaA_ISO-Bimodal_rho1000_n0_RW-BV0_fit_3
ISO-Bimodal/split-R3/rho1000/n0/data/Sweep-Methods/TeaA_ISO-Bimodal_rho1000_n00/Benchmark/RW_bench/TeaA_ISO-Bimodal_rho1000_n0_RW-BV0_fit_RW_bench_R3_k_sequence/train_TeaA_ISO-Bimodal_rho1000_n0_RW-BV0_fit_3,figure_scripts/kinetic_simulation/_fits_peptide_calibration_gamma_m1,gamma=-1 sweep,1000,RW-BV,8,-1,0.8,0.002044,0.045208,0.01434,figure_scripts/kinetic_simulation/_fits_peptide_calibration_gamma_m1/ISO-Bimodal/split-R3/rho1000/n0/data/Sweep-Methods/TeaA_ISO-Bimodal_rho1000_n00/Benchmark/RW_bench/TeaA_ISO-Bimodal_rho1000_n0_RW-BV0_fit_RW_bench_R3_k_sequence/train_TeaA_ISO-Bimodal_rho1000_n0_RW-BV0_fit_3
ISO-Bimodal/split-R3/rho1000/n0/data/Sweep-Methods/TeaA_ISO-Bimodal_rho1000_n00/Benchmark/RW_bench/TeaA_ISO-Bimodal_rho1000_n0_RW-BV0_fit_RW_bench_R3_k_sequence/train_TeaA_ISO-Bimodal_rho1000_n0_RW-BV0_fit_3,figure_scripts/kinetic_simulation/_fits_peptide_calibration_gamma_m1,gamma=-1 sweep,1000,RW-BV,2,-1,0.2,0.002129,0.046146,0.00094,figure_scripts/kinetic_simulation/_fits_peptide_calibration_gamma_m1/ISO-Bimodal/split-R3/rho1000/n0/data/Sweep-Methods/TeaA_ISO-Bimodal_rho1000_n00/Benchmark/RW_bench/TeaA_ISO-Bimodal_rho1000_n0_RW-BV0_fit_RW_bench_R3_k_sequence/train_TeaA_ISO-Bimodal_rho1000_n0_RW-BV0_fit_3
ISO-Bimodal/split-R3/rho1000/n0/data/Sweep-Methods/TeaA_ISO-Bimodal_rho1000_n00/Benchmark/RW_bench/TeaA_ISO-Bimodal_rho1000_n0_RW-BV0_fit_RW_bench_R3_k_sequence/train_TeaA_ISO-Bimodal_rho1000_n0_RW-BV0_fit_3,figure_scripts/kinetic_simulation/_fits_peptide_calibration_gamma_m1,gamma=-1 sweep,1000,RW-BV,6,-1,0.6000000000000001,0.002072,0.045515,0.0082,figure_scripts/kinetic_simulation/_fits_peptide_calibration_gamma_m1/ISO-Bimodal/split-R3/rho1000/n0/data/Sweep-Methods/TeaA_ISO-Bimodal_rho1000_n00/Benchmark/RW_bench/TeaA_ISO-Bimodal_rho1000_n0_RW-BV0_fit_RW_bench_R3_k_sequence/train_TeaA_ISO-Bimodal_rho1000_n0_RW-BV0_fit_3
ISO-Bimodal/split-R3/rho1000/n0/data/Sweep-Methods/TeaA_ISO-Bimodal_rho1000_n00/Benchmark/RW_bench/TeaA_ISO-Bimodal_rho1000_n0_RW-BV0_fit_RW_bench_R3_k_sequence/train_TeaA_ISO-Bimodal_rho1000_n0_RW-BV0_fit_3,figure_scripts/kinetic_simulation/_fits_peptide_calibration_gamma_m1,gamma=-1 sweep,1000,RW-BV,9,-1,0.9,0.00203,0.045057,0.01799,figure_scripts/kinetic_simulation/_fits_peptide_calibration_gamma_m1/ISO-Bimodal/split-R3/rho1000/n0/data/Sweep-Methods/TeaA_ISO-Bimodal_rho1000_n00/Benchmark/RW_bench/TeaA_ISO-Bimodal_rho1000_n0_RW-BV0_fit_RW_bench_R3_k_sequence/train_TeaA_ISO-Bimodal_rho1000_n0_RW-BV0_fit_3
ISO-Bimodal/split-R3/rho1000/n0/data/Sweep-Methods/TeaA_ISO-Bimodal_rho1000_n00/Benchmark/RW_bench/TeaA_ISO-Bimodal_rho1000_n0_RW-BV0_fit_RW_bench_R3_k_sequence/train_TeaA_ISO-Bimodal_rho1000_n0_RW-BV0_fit_3,figure_scripts/kinetic_simulation/_fits_peptide_calibration_gamma_m1,gamma=-1 sweep,1000,RW-BV,3,-1,0.30000000000000004,0.002115,0.045986,0.00211,figure_scripts/kinetic_simulation/_fits_peptide_calibration_gamma_m1/ISO-Bimodal/split-R3/rho1000/n0/data/Sweep-Methods/TeaA_ISO-Bimodal_rho1000_n00/Benchmark/RW_bench/TeaA_ISO-Bimodal_rho1000_n0_RW-BV0_fit_RW_bench_R3_k_sequence/train_TeaA_ISO-Bimodal_rho1000_n0_RW-BV0_fit_3
ISO-Bimodal/split-R3/rho1000/n0/data/Sweep-Methods/TeaA_ISO-Bimodal_rho1000_n00/Benchmark/RW_bench/TeaA_ISO-Bimodal_rho1000_n0_RW-BV0_fit_RW_bench_R3_k_sequence/train_TeaA_ISO-Bimodal_rho1000_n0_RW-BV0_fit_3,figure_scripts/kinetic_simulation/_fits_peptide_calibration_gamma_m1,gamma=-1 sweep,1000,RW-BV,4,-1,0.4,0.0021,0.045828,0.00371,figure_scripts/kinetic_simulation/_fits_peptide_calibration_gamma_m1/ISO-Bimodal/split-R3/rho1000/n0/data/Sweep-Methods/TeaA_ISO-Bimodal_rho1000_n00/Benchmark/RW_bench/TeaA_ISO-Bimodal_rho1000_n0_RW-BV0_fit_RW_bench_R3_k_sequence/train_TeaA_ISO-Bimodal_rho1000_n0_RW-BV0_fit_3
ISO-Bimodal/split-R3/rho1000/n0/data/Sweep-Methods/TeaA_ISO-Bimodal_rho1000_n00/Benchmark/RW_bench/TeaA_ISO-Bimodal_rho1000_n0_RW-BV0_fit_RW_bench_R3_k_sequence/train_TeaA_ISO-Bimodal_rho1000_n0_RW-BV0_fit_1,figure_scripts/kinetic_simulation/_fits_peptide_calibration_gamma_m1,gamma=-1 sweep,1000,RW-BV,7,-1,0.7000000000000001,0.002032,0.045079,0.01152,figure_scripts/kinetic_simulation/_fits_peptide_calibration_gamma_m1/ISO-Bimodal/split-R3/rho1000/n0/data/Sweep-Methods/TeaA_ISO-Bimodal_rho1000_n00/Benchmark/RW_bench/TeaA_ISO-Bimodal_rho1000_n0_RW-BV0_fit_RW_bench_R3_k_sequence/train_TeaA_ISO-Bimodal_rho1000_n0_RW-BV0_fit_1
ISO-Bimodal/split-R3/rho1000/n0/data/Sweep-Methods/TeaA_ISO-Bimodal_rho1000_n00/Benchmark/RW_bench/TeaA_ISO-Bimodal_rho1000_n0_RW-BV0_fit_RW_bench_R3_k_sequence/train_TeaA_ISO-Bimodal_rho1000_n0_RW-BV0_fit_1,figure_scripts/kinetic_simulation/_fits_peptide_calibration_gamma_m1,gamma=-1 sweep,1000,RW-BV,5,-1,0.5,0.002066,0.045454,0.00606,figure_scripts/kinetic_simulation/_fits_peptide_calibration_gamma_m1/ISO-Bimodal/split-R3/rho1000/n0/data/Sweep-Methods/TeaA_ISO-Bimodal_rho1000_n00/Benchmark/RW_bench/TeaA_ISO-Bimodal_rho1000_n0_RW-BV0_fit_RW_bench_R3_k_sequence/train_TeaA_ISO-Bimodal_rho1000_n0_RW-BV0_fit_1
ISO-Bimodal/split-R3/rho1000/n0/data/Sweep-Methods/TeaA_ISO-Bimodal_rho1000_n00/Benchmark/RW_bench/TeaA_ISO-Bimodal_rho1000_n0_RW-BV0_fit_RW_bench_R3_k_sequence/train_TeaA_ISO-Bimodal_rho1000_n0_RW-BV0_fit_1,figure_scripts/kinetic_simulation/_fits_peptide_calibration_gamma_m1,gamma=-1 sweep,1000,RW-BV,1,-1,0.1,0.002139,0.046248,0.00026,figure_scripts/kinetic_simulation/_fits_peptide_calibration_gamma_m1/ISO-Bimodal/split-R3/rho1000/n0/data/Sweep-Methods/TeaA_ISO-Bimodal_rho1000_n00/Benchmark/RW_bench/TeaA_ISO-Bimodal_rho1000_n0_RW-BV0_fit_RW_bench_R3_k_sequence/train_TeaA_ISO-Bimodal_rho1000_n0_RW-BV0_fit_1
ISO-Bimodal/split-R3/rho1000/n0/data/Sweep-Methods/TeaA_ISO-Bimodal_rho1000_n00/Benchmark/RW_bench/TeaA_ISO-Bimodal_rho1000_n0_RW-BV0_fit_RW_bench_R3_k_sequence/train_TeaA_ISO-Bimodal_rho1000_n0_RW-BV0_fit_1,figure_scripts/kinetic_simulation/_fits_peptide_calibration_gamma_m1,gamma=-1 sweep,1000,RW-BV,8,-1,0.8,0.002016,0.044897,0.01482,figure_scripts/kinetic_simulation/_fits_peptide_calibration_gamma_m1/ISO-Bimodal/split-R3/rho1000/n0/data/Sweep-Methods/TeaA_ISO-Bimodal_rho1000_n00/Benchmark/RW_bench/TeaA_ISO-Bimodal_rho1000_n0_RW-BV0_fit_RW_bench_R3_k_sequence/train_TeaA_ISO-Bimodal_rho1000_n0_RW-BV0_fit_1
ISO-Bimodal/split-R3/rho1000/n0/data/Sweep-Methods/TeaA_ISO-Bimodal_rho1000_n00/Benchmark/RW_bench/TeaA_ISO-Bimodal_rho1000_n0_RW-BV0_fit_RW_bench_R3_k_sequence/train_TeaA_ISO-Bimodal_rho1000_n0_RW-BV0_fit_1,figure_scripts/kinetic_simulation/_fits_peptide_calibration_gamma_m1,gamma=-1 sweep,1000,RW-BV,2,-1,0.2,0.00212,0.046044,0.00102,figure_scripts/kinetic_simulation/_fits_peptide_calibration_gamma_m1/ISO-Bimodal/split-R3/rho1000/n0/data/Sweep-Methods/TeaA_ISO-Bimodal_rho1000_n00/Benchmark/RW_bench/TeaA_ISO-Bimodal_rho1000_n0_RW-BV0_fit_RW_bench_R3_k_sequence/train_TeaA_ISO-Bimodal_rho1000_n0_RW-BV0_fit_1
ISO-Bimodal/split-R3/rho1000/n0/data/Sweep-Methods/TeaA_ISO-Bimodal_rho1000_n00/Benchmark/RW_bench/TeaA_ISO-Bimodal_rho1000_n0_RW-BV0_fit_RW_bench_R3_k_sequence/train_TeaA_ISO-Bimodal_rho1000_n0_RW-BV0_fit_1,figure_scripts/kinetic_simulation/_fits_peptide_calibration_gamma_m1,gamma=-1 sweep,1000,RW-BV,6,-1,0.6000000000000001,0.002049,0.045264,0.00859,figure_scripts/kinetic_simulation/_fits_peptide_calibration_gamma_m1/ISO-Bimodal/split-R3/rho1000/n0/data/Sweep-Methods/TeaA_ISO-Bimodal_rho1000_n00/Benchmark/RW_bench/TeaA_ISO-Bimodal_rho1000_n0_RW-BV0_fit_RW_bench_R3_k_sequence/train_TeaA_ISO-Bimodal_rho1000_n0_RW-BV0_fit_1
ISO-Bimodal/split-R3/rho1000/n0/data/Sweep-Methods/TeaA_ISO-Bimodal_rho1000_n00/Benchmark/RW_bench/TeaA_ISO-Bimodal_rho1000_n0_RW-BV0_fit_RW_bench_R3_k_sequence/train_TeaA_ISO-Bimodal_rho1000_n0_RW-BV0_fit_1,figure_scripts/kinetic_simulation/_fits_peptide_calibration_gamma_m1,gamma=-1 sweep,1000,RW-BV,9,-1,0.9,0.002,0.044718,0.01847,figure_scripts/kinetic_simulation/_fits_peptide_calibration_gamma_m1/ISO-Bimodal/split-R3/rho1000/n0/data/Sweep-Methods/TeaA_ISO-Bimodal_rho1000_n00/Benchmark/RW_bench/TeaA_ISO-Bimodal_rho1000_n0_RW-BV0_fit_RW_bench_R3_k_sequence/train_TeaA_ISO-Bimodal_rho1000_n0_RW-BV0_fit_1
ISO-Bimodal/split-R3/rho1000/n0/data/Sweep-Methods/TeaA_ISO-Bimodal_rho1000_n00/Benchmark/RW_bench/TeaA_ISO-Bimodal_rho1000_n0_RW-BV0_fit_RW_bench_R3_k_sequence/train_TeaA_ISO-Bimodal_rho1000_n0_RW-BV0_fit_1,figure_scripts/kinetic_simulation/_fits_peptide_calibration_gamma_m1,gamma=-1 sweep,1000,RW-BV,3,-1,0.30000000000000004,0.002102,0.045843,0.00225,figure_scripts/kinetic_simulation/_fits_peptide_calibration_gamma_m1/ISO-Bimodal/split-R3/rho1000/n0/data/Sweep-Methods/TeaA_ISO-Bimodal_rho1000_n00/Benchmark/RW_bench/TeaA_ISO-Bimodal_rho1000_n0_RW-BV0_fit_RW_bench_R3_k_sequence/train_TeaA_ISO-Bimodal_rho1000_n0_RW-BV0_fit_1
ISO-Bimodal/split-R3/rho1000/n0/data/Sweep-Methods/TeaA_ISO-Bimodal_rho1000_n00/Benchmark/RW_bench/TeaA_ISO-Bimodal_rho1000_n0_RW-BV0_fit_RW_bench_R3_k_sequence/train_TeaA_ISO-Bimodal_rho1000_n0_RW-BV0_fit_1,figure_scripts/kinetic_simulation/_fits_peptide_calibration_gamma_m1,gamma=-1 sweep,1000,RW-BV,4,-1,0.4,0.002084,0.045646,0.00394,figure_scripts/kinetic_simulation/_fits_peptide_calibration_gamma_m1/ISO-Bimodal/split-R3/rho1000/n0/data/Sweep-Methods/TeaA_ISO-Bimodal_rho1000_n00/Benchmark/RW_bench/TeaA_ISO-Bimodal_rho1000_n0_RW-BV0_fit_RW_bench_R3_k_sequence/train_TeaA_ISO-Bimodal_rho1000_n0_RW-BV0_fit_1
ISO-Bimodal/split-R3/rho1000/n0/data/Sweep-Methods/TeaA_ISO-Bimodal_rho1000_n00/Benchmark/RW_bench/TeaA_ISO-Bimodal_rho1000_n0_RW-Only0_fit_RW_bench_R3_k_sequence/train_TeaA_ISO-Bimodal_rho1000_n0_RW-Only0_fit_1,figure_scripts/kinetic_simulation/_fits_peptide_calibration_gamma_m1,gamma=-1 sweep,1000,RW-Only,7,-1,0.7000000000000001,0.002032,0.045079,0.01152,figure_scripts/kinetic_simulation/_fits_peptide_calibration_gamma_m1/ISO-Bimodal/split-R3/rho1000/n0/data/Sweep-Methods/TeaA_ISO-Bimodal_rho1000_n00/Benchmark/RW_bench/TeaA_ISO-Bimodal_rho1000_n0_RW-Only0_fit_RW_bench_R3_k_sequence/train_TeaA_ISO-Bimodal_rho1000_n0_RW-Only0_fit_1
ISO-Bimodal/split-R3/rho1000/n0/data/Sweep-Methods/TeaA_ISO-Bimodal_rho1000_n00/Benchmark/RW_bench/TeaA_ISO-Bimodal_rho1000_n0_RW-Only0_fit_RW_bench_R3_k_sequence/train_TeaA_ISO-Bimodal_rho1000_n0_RW-Only0_fit_1,figure_scripts/kinetic_simulation/_fits_peptide_calibration_gamma_m1,gamma=-1 sweep,1000,RW-Only,5,-1,0.5,0.002066,0.045454,0.00606,figure_scripts/kinetic_simulation/_fits_peptide_calibration_gamma_m1/ISO-Bimodal/split-R3/rho1000/n0/data/Sweep-Methods/TeaA_ISO-Bimodal_rho1000_n00/Benchmark/RW_bench/TeaA_ISO-Bimodal_rho1000_n0_RW-Only0_fit_RW_bench_R3_k_sequence/train_TeaA_ISO-Bimodal_rho1000_n0_RW-Only0_fit_1
ISO-Bimodal/split-R3/rho1000/n0/data/Sweep-Methods/TeaA_ISO-Bimodal_rho1000_n00/Benchmark/RW_bench/TeaA_ISO-Bimodal_rho1000_n0_RW-Only0_fit_RW_bench_R3_k_sequence/train_TeaA_ISO-Bimodal_rho1000_n0_RW-Only0_fit_1,figure_scripts/kinetic_simulation/_fits_peptide_calibration_gamma_m1,gamma=-1 sweep,1000,RW-Only,1,-1,0.1,0.002139,0.046248,0.00026,figure_scripts/kinetic_simulation/_fits_peptide_calibration_gamma_m1/ISO-Bimodal/split-R3/rho1000/n0/data/Sweep-Methods/TeaA_ISO-Bimodal_rho1000_n00/Benchmark/RW_bench/TeaA_ISO-Bimodal_rho1000_n0_RW-Only0_fit_RW_bench_R3_k_sequence/train_TeaA_ISO-Bimodal_rho1000_n0_RW-Only0_fit_1
ISO-Bimodal/split-R3/rho1000/n0/data/Sweep-Methods/TeaA_ISO-Bimodal_rho1000_n00/Benchmark/RW_bench/TeaA_ISO-Bimodal_rho1000_n0_RW-Only0_fit_RW_bench_R3_k_sequence/train_TeaA_ISO-Bimodal_rho1000_n0_RW-Only0_fit_1,figure_scripts/kinetic_simulation/_fits_peptide_calibration_gamma_m1,gamma=-1 sweep,1000,RW-Only,8,-1,0.8,0.002016,0.044897,0.01482,figure_scripts/kinetic_simulation/_fits_peptide_calibration_gamma_m1/ISO-Bimodal/split-R3/rho1000/n0/data/Sweep-Methods/TeaA_ISO-Bimodal_rho1000_n00/Benchmark/RW_bench/TeaA_ISO-Bimodal_rho1000_n0_RW-Only0_fit_RW_bench_R3_k_sequence/train_TeaA_ISO-Bimodal_rho1000_n0_RW-Only0_fit_1
ISO-Bimodal/split-R3/rho1000/n0/data/Sweep-Methods/TeaA_ISO-Bimodal_rho1000_n00/Benchmark/RW_bench/TeaA_ISO-Bimodal_rho1000_n0_RW-Only0_fit_RW_bench_R3_k_sequence/train_TeaA_ISO-Bimodal_rho1000_n0_RW-Only0_fit_1,figure_scripts/kinetic_simulation/_fits_peptide_calibration_gamma_m1,gamma=-1 sweep,1000,RW-Only,2,-1,0.2,0.00212,0.046044,0.00102,figure_scripts/kinetic_simulation/_fits_peptide_calibration_gamma_m1/ISO-Bimodal/split-R3/rho1000/n0/data/Sweep-Methods/TeaA_ISO-Bimodal_rho1000_n00/Benchmark/RW_bench/TeaA_ISO-Bimodal_rho1000_n0_RW-Only0_fit_RW_bench_R3_k_sequence/train_TeaA_ISO-Bimodal_rho1000_n0_RW-Only0_fit_1
ISO-Bimodal/split-R3/rho1000/n0/data/Sweep-Methods/TeaA_ISO-Bimodal_rho1000_n00/Benchmark/RW_bench/TeaA_ISO-Bimodal_rho1000_n0_RW-Only0_fit_RW_bench_R3_k_sequence/train_TeaA_ISO-Bimodal_rho1000_n0_RW-Only0_fit_1,figure_scripts/kinetic_simulation/_fits_peptide_calibration_gamma_m1,gamma=-1 sweep,1000,RW-Only,6,-1,0.6000000000000001,0.002049,0.045264,0.00859,figure_scripts/kinetic_simulation/_fits_peptide_calibration_gamma_m1/ISO-Bimodal/split-R3/rho1000/n0/data/Sweep-Methods/TeaA_ISO-Bimodal_rho1000_n00/Benchmark/RW_bench/TeaA_ISO-Bimodal_rho1000_n0_RW-Only0_fit_RW_bench_R3_k_sequence/train_TeaA_ISO-Bimodal_rho1000_n0_RW-Only0_fit_1
ISO-Bimodal/split-R3/rho1000/n0/data/Sweep-Methods/TeaA_ISO-Bimodal_rho1000_n00/Benchmark/RW_bench/TeaA_ISO-Bimodal_rho1000_n0_RW-Only0_fit_RW_bench_R3_k_sequence/train_TeaA_ISO-Bimodal_rho1000_n0_RW-Only0_fit_1,figure_scripts/kinetic_simulation/_fits_peptide_calibration_gamma_m1,gamma=-1 sweep,1000,RW-Only,9,-1,0.9,0.002,0.044718,0.01847,figure_scripts/kinetic_simulation/_fits_peptide_calibration_gamma_m1/ISO-Bimodal/split-R3/rho1000/n0/data/Sweep-Methods/TeaA_ISO-Bimodal_rho1000_n00/Benchmark/RW_bench/TeaA_ISO-Bimodal_rho1000_n0_RW-Only0_fit_RW_bench_R3_k_sequence/train_TeaA_ISO-Bimodal_rho1000_n0_RW-Only0_fit_1
ISO-Bimodal/split-R3/rho1000/n0/data/Sweep-Methods/TeaA_ISO-Bimodal_rho1000_n00/Benchmark/RW_bench/TeaA_ISO-Bimodal_rho1000_n0_RW-Only0_fit_RW_bench_R3_k_sequence/train_TeaA_ISO-Bimodal_rho1000_n0_RW-Only0_fit_1,figure_scripts/kinetic_simulation/_fits_peptide_calibration_gamma_m1,gamma=-1 sweep,1000,RW-Only,3,-1,0.30000000000000004,0.002102,0.045843,0.00225,figure_scripts/kinetic_simulation/_fits_peptide_calibration_gamma_m1/ISO-Bimodal/split-R3/rho1000/n0/data/Sweep-Methods/TeaA_ISO-Bimodal_rho1000_n00/Benchmark/RW_bench/TeaA_ISO-Bimodal_rho1000_n0_RW-Only0_fit_RW_bench_R3_k_sequence/train_TeaA_ISO-Bimodal_rho1000_n0_RW-Only0_fit_1
ISO-Bimodal/split-R3/rho1000/n0/data/Sweep-Methods/TeaA_ISO-Bimodal_rho1000_n00/Benchmark/RW_bench/TeaA_ISO-Bimodal_rho1000_n0_RW-Only0_fit_RW_bench_R3_k_sequence/train_TeaA_ISO-Bimodal_rho1000_n0_RW-Only0_fit_1,figure_scripts/kinetic_simulation/_fits_peptide_calibration_gamma_m1,gamma=-1 sweep,1000,RW-Only,4,-1,0.4,0.002084,0.045646,0.00394,figure_scripts/kinetic_simulation/_fits_peptide_calibration_gamma_m1/ISO-Bimodal/split-R3/rho1000/n0/data/Sweep-Methods/TeaA_ISO-Bimodal_rho1000_n00/Benchmark/RW_bench/TeaA_ISO-Bimodal_rho1000_n0_RW-Only0_fit_RW_bench_R3_k_sequence/train_TeaA_ISO-Bimodal_rho1000_n0_RW-Only0_fit_1
ISO-Bimodal/split-R3/rho1000/n0/data/Sweep-Methods/TeaA_ISO-Bimodal_rho1000_n00/Benchmark/RW_bench/TeaA_ISO-Bimodal_rho1000_n0_RW-Only0_fit_RW_bench_R3_k_sequence/train_TeaA_ISO-Bimodal_rho1000_n0_RW-Only0_fit_2,figure_scripts/kinetic_simulation/_fits_peptide_calibration_gamma_m1,gamma=-1 sweep,1000,RW-Only,7,-1,0.7000000000000001,0.003051,0.055238,0.01407,figure_scripts/kinetic_simulation/_fits_peptide_calibration_gamma_m1/ISO-Bimodal/split-R3/rho1000/n0/data/Sweep-Methods/TeaA_ISO-Bimodal_rho1000_n00/Benchmark/RW_bench/TeaA_ISO-Bimodal_rho1000_n0_RW-Only0_fit_RW_bench_R3_k_sequence/train_TeaA_ISO-Bimodal_rho1000_n0_RW-Only0_fit_2
ISO-Bimodal/split-R3/rho1000/n0/data/Sweep-Methods/TeaA_ISO-Bimodal_rho1000_n00/Benchmark/RW_bench/TeaA_ISO-Bimodal_rho1000_n0_RW-Only0_fit_RW_bench_R3_k_sequence/train_TeaA_ISO-Bimodal_rho1000_n0_RW-Only0_fit_2,figure_scripts/kinetic_simulation/_fits_peptide_calibration_gamma_m1,gamma=-1 sweep,1000,RW-Only,5,-1,0.5,0.003092,0.055604,0.0073,figure_scripts/kinetic_simulation/_fits_peptide_calibration_gamma_m1/ISO-Bimodal/split-R3/rho1000/n0/data/Sweep-Methods/TeaA_ISO-Bimodal_rho1000_n00/Benchmark/RW_bench/TeaA_ISO-Bimodal_rho1000_n0_RW-Only0_fit_RW_bench_R3_k_sequence/train_TeaA_ISO-Bimodal_rho1000_n0_RW-Only0_fit_2
ISO-Bimodal/split-R3/rho1000/n0/data/Sweep-Methods/TeaA_ISO-Bimodal_rho1000_n00/Benchmark/RW_bench/TeaA_ISO-Bimodal_rho1000_n0_RW-Only0_fit_RW_bench_R3_k_sequence/train_TeaA_ISO-Bimodal_rho1000_n0_RW-Only0_fit_2,figure_scripts/kinetic_simulation/_fits_peptide_calibration_gamma_m1,gamma=-1 sweep,1000,RW-Only,1,-1,0.1,0.003176,0.056356,0.0003,figure_scripts/kinetic_simulation/_fits_peptide_calibration_gamma_m1/ISO-Bimodal/split-R3/rho1000/n0/data/Sweep-Methods/TeaA_ISO-Bimodal_rho1000_n00/Benchmark/RW_bench/TeaA_ISO-Bimodal_rho1000_n0_RW-Only0_fit_RW_bench_R3_k_sequence/train_TeaA_ISO-Bimodal_rho1000_n0_RW-Only0_fit_2
ISO-Bimodal/split-R3/rho1000/n0/data/Sweep-Methods/TeaA_ISO-Bimodal_rho1000_n00/Benchmark/RW_bench/TeaA_ISO-Bimodal_rho1000_n0_RW-Only0_fit_RW_bench_R3_k_sequence/train_TeaA_ISO-Bimodal_rho1000_n0_RW-Only0_fit_2,figure_scripts/kinetic_simulation/_fits_peptide_calibration_gamma_m1,gamma=-1 sweep,1000,RW-Only,8,-1,0.8,0.003031,0.055057,0.01823,figure_scripts/kinetic_simulation/_fits_peptide_calibration_gamma_m1/ISO-Bimodal/split-R3/rho1000/n0/data/Sweep-Methods/TeaA_ISO-Bimodal_rho1000_n00/Benchmark/RW_bench/TeaA_ISO-Bimodal_rho1000_n0_RW-Only0_fit_RW_bench_R3_k_sequence/train_TeaA_ISO-Bimodal_rho1000_n0_RW-Only0_fit_2
ISO-Bimodal/split-R3/rho1000/n0/data/Sweep-Methods/TeaA_ISO-Bimodal_rho1000_n00/Benchmark/RW_bench/TeaA_ISO-Bimodal_rho1000_n0_RW-Only0_fit_RW_bench_R3_k_sequence/train_TeaA_ISO-Bimodal_rho1000_n0_RW-Only0_fit_2,figure_scripts/kinetic_simulation/_fits_peptide_calibration_gamma_m1,gamma=-1 sweep,1000,RW-Only,2,-1,0.2,0.003155,0.056166,0.0012,figure_scripts/kinetic_simulation/_fits_peptide_calibration_gamma_m1/ISO-Bimodal/split-R3/rho1000/n0/data/Sweep-Methods/TeaA_ISO-Bimodal_rho1000_n00/Benchmark/RW_bench/TeaA_ISO-Bimodal_rho1000_n0_RW-Only0_fit_RW_bench_R3_k_sequence/train_TeaA_ISO-Bimodal_rho1000_n0_RW-Only0_fit_2
ISO-Bimodal/split-R3/rho1000/n0/data/Sweep-Methods/TeaA_ISO-Bimodal_rho1000_n00/Benchmark/RW_bench/TeaA_ISO-Bimodal_rho1000_n0_RW-Only0_fit_RW_bench_R3_k_sequence/train_TeaA_ISO-Bimodal_rho1000_n0_RW-Only0_fit_2,figure_scripts/kinetic_simulation/_fits_peptide_calibration_gamma_m1,gamma=-1 sweep,1000,RW-Only,6,-1,0.6000000000000001,0.003071,0.05542,0.01042,figure_scripts/kinetic_simulation/_fits_peptide_calibration_gamma_m1/ISO-Bimodal/split-R3/rho1000/n0/data/Sweep-Methods/TeaA_ISO-Bimodal_rho1000_n00/Benchmark/RW_bench/TeaA_ISO-Bimodal_rho1000_n0_RW-Only0_fit_RW_bench_R3_k_sequence/train_TeaA_ISO-Bimodal_rho1000_n0_RW-Only0_fit_2
ISO-Bimodal/split-R3/rho1000/n0/data/Sweep-Methods/TeaA_ISO-Bimodal_rho1000_n00/Benchmark/RW_bench/TeaA_ISO-Bimodal_rho1000_n0_RW-Only0_fit_RW_bench_R3_k_sequence/train_TeaA_ISO-Bimodal_rho1000_n0_RW-Only0_fit_2,figure_scripts/kinetic_simulation/_fits_peptide_calibration_gamma_m1,gamma=-1 sweep,1000,RW-Only,9,-1,0.9,0.003012,0.054878,0.02288,figure_scripts/kinetic_simulation/_fits_peptide_calibration_gamma_m1/ISO-Bimodal/split-R3/rho1000/n0/data/Sweep-Methods/TeaA_ISO-Bimodal_rho1000_n00/Benchmark/RW_bench/TeaA_ISO-Bimodal_rho1000_n0_RW-Only0_fit_RW_bench_R3_k_sequence/train_TeaA_ISO-Bimodal_rho1000_n0_RW-Only0_fit_2
ISO-Bimodal/split-R3/rho1000/n0/data/Sweep-Methods/TeaA_ISO-Bimodal_rho1000_n00/Benchmark/RW_bench/TeaA_ISO-Bimodal_rho1000_n0_RW-Only0_fit_RW_bench_R3_k_sequence/train_TeaA_ISO-Bimodal_rho1000_n0_RW-Only0_fit_2,figure_scripts/kinetic_simulation/_fits_peptide_calibration_gamma_m1,gamma=-1 sweep,1000,RW-Only,3,-1,0.30000000000000004,0.003133,0.055977,0.00267,figure_scripts/kinetic_simulation/_fits_peptide_calibration_gamma_m1/ISO-Bimodal/split-R3/rho1000/n0/data/Sweep-Methods/TeaA_ISO-Bimodal_rho1000_n00/Benchmark/RW_bench/TeaA_ISO-Bimodal_rho1000_n0_RW-Only0_fit_RW_bench_R3_k_sequence/train_TeaA_ISO-Bimodal_rho1000_n0_RW-Only0_fit_2
ISO-Bimodal/split-R3/rho1000/n0/data/Sweep-Methods/TeaA_ISO-Bimodal_rho1000_n00/Benchmark/RW_bench/TeaA_ISO-Bimodal_rho1000_n0_RW-Only0_fit_RW_bench_R3_k_sequence/train_TeaA_ISO-Bimodal_rho1000_n0_RW-Only0_fit_2,figure_scripts/kinetic_simulation/_fits_peptide_calibration_gamma_m1,gamma=-1 sweep,1000,RW-Only,4,-1,0.4,0.003112,0.05579,0.00471,figure_scripts/kinetic_simulation/_fits_peptide_calibration_gamma_m1/ISO-Bimodal/split-R3/rho1000/n0/data/Sweep-Methods/TeaA_ISO-Bimodal_rho1000_n00/Benchmark/RW_bench/TeaA_ISO-Bimodal_rho1000_n0_RW-Only0_fit_RW_bench_R3_k_sequence/train_TeaA_ISO-Bimodal_rho1000_n0_RW-Only0_fit_2
ISO-Bimodal/split-R3/rho1000/n0/data/Sweep-Methods/TeaA_ISO-Bimodal_rho1000_n00/Benchmark/RW_bench/TeaA_ISO-Bimodal_rho1000_n0_RW-Only0_fit_RW_bench_R3_k_sequence/train_TeaA_ISO-Bimodal_rho1000_n0_RW-Only0_fit_3,figure_scripts/kinetic_simulation/_fits_peptide_calibration_gamma_m1,gamma=-1 sweep,1000,RW-Only,7,-1,0.7000000000000001,0.002058,0.045361,0.01107,figure_scripts/kinetic_simulation/_fits_peptide_calibration_gamma_m1/ISO-Bimodal/split-R3/rho1000/n0/data/Sweep-Methods/TeaA_ISO-Bimodal_rho1000_n00/Benchmark/RW_bench/TeaA_ISO-Bimodal_rho1000_n0_RW-Only0_fit_RW_bench_R3_k_sequence/train_TeaA_ISO-Bimodal_rho1000_n0_RW-Only0_fit_3
ISO-Bimodal/split-R3/rho1000/n0/data/Sweep-Methods/TeaA_ISO-Bimodal_rho1000_n00/Benchmark/RW_bench/TeaA_ISO-Bimodal_rho1000_n0_RW-Only0_fit_RW_bench_R3_k_sequence/train_TeaA_ISO-Bimodal_rho1000_n0_RW-Only0_fit_3,figure_scripts/kinetic_simulation/_fits_peptide_calibration_gamma_m1,gamma=-1 sweep,1000,RW-Only,5,-1,0.5,0.002086,0.045671,0.00575,figure_scripts/kinetic_simulation/_fits_peptide_calibration_gamma_m1/ISO-Bimodal/split-R3/rho1000/n0/data/Sweep-Methods/TeaA_ISO-Bimodal_rho1000_n00/Benchmark/RW_bench/TeaA_ISO-Bimodal_rho1000_n0_RW-Only0_fit_RW_bench_R3_k_sequence/train_TeaA_ISO-Bimodal_rho1000_n0_RW-Only0_fit_3
ISO-Bimodal/split-R3/rho1000/n0/data/Sweep-Methods/TeaA_ISO-Bimodal_rho1000_n00/Benchmark/RW_bench/TeaA_ISO-Bimodal_rho1000_n0_RW-Only0_fit_RW_bench_R3_k_sequence/train_TeaA_ISO-Bimodal_rho1000_n0_RW-Only0_fit_3,figure_scripts/kinetic_simulation/_fits_peptide_calibration_gamma_m1,gamma=-1 sweep,1000,RW-Only,1,-1,0.1,0.002144,0.046307,0.00024,figure_scripts/kinetic_simulation/_fits_peptide_calibration_gamma_m1/ISO-Bimodal/split-R3/rho1000/n0/data/Sweep-Methods/TeaA_ISO-Bimodal_rho1000_n00/Benchmark/RW_bench/TeaA_ISO-Bimodal_rho1000_n0_RW-Only0_fit_RW_bench_R3_k_sequence/train_TeaA_ISO-Bimodal_rho1000_n0_RW-Only0_fit_3
ISO-Bimodal/split-R3/rho1000/n0/data/Sweep-Methods/TeaA_ISO-Bimodal_rho1000_n00/Benchmark/RW_bench/TeaA_ISO-Bimodal_rho1000_n0_RW-Only0_fit_RW_bench_R3_k_sequence/train_TeaA_ISO-Bimodal_rho1000_n0_RW-Only0_fit_3,figure_scripts/kinetic_simulation/_fits_peptide_calibration_gamma_m1,gamma=-1 sweep,1000,RW-Only,8,-1,0.8,0.002044,0.045208,0.01434,figure_scripts/kinetic_simulation/_fits_peptide_calibration_gamma_m1/ISO-Bimodal/split-R3/rho1000/n0/data/Sweep-Methods/TeaA_ISO-Bimodal_rho1000_n00/Benchmark/RW_bench/TeaA_ISO-Bimodal_rho1000_n0_RW-Only0_fit_RW_bench_R3_k_sequence/train_TeaA_ISO-Bimodal_rho1000_n0_RW-Only0_fit_3
ISO-Bimodal/split-R3/rho1000/n0/data/Sweep-Methods/TeaA_ISO-Bimodal_rho1000_n00/Benchmark/RW_bench/TeaA_ISO-Bimodal_rho1000_n0_RW-Only0_fit_RW_bench_R3_k_sequence/train_TeaA_ISO-Bimodal_rho1000_n0_RW-Only0_fit_3,figure_scripts/kinetic_simulation/_fits_peptide_calibration_gamma_m1,gamma=-1 sweep,1000,RW-Only,2,-1,0.2,0.002129,0.046146,0.00094,figure_scripts/kinetic_simulation/_fits_peptide_calibration_gamma_m1/ISO-Bimodal/split-R3/rho1000/n0/data/Sweep-Methods/TeaA_ISO-Bimodal_rho1000_n00/Benchmark/RW_bench/TeaA_ISO-Bimodal_rho1000_n0_RW-Only0_fit_RW_bench_R3_k_sequence/train_TeaA_ISO-Bimodal_rho1000_n0_RW-Only0_fit_3
ISO-Bimodal/split-R3/rho1000/n0/data/Sweep-Methods/TeaA_ISO-Bimodal_rho1000_n00/Benchmark/RW_bench/TeaA_ISO-Bimodal_rho1000_n0_RW-Only0_fit_RW_bench_R3_k_sequence/train_TeaA_ISO-Bimodal_rho1000_n0_RW-Only0_fit_3,figure_scripts/kinetic_simulation/_fits_peptide_calibration_gamma_m1,gamma=-1 sweep,1000,RW-Only,6,-1,0.6000000000000001,0.002072,0.045515,0.0082,figure_scripts/kinetic_simulation/_fits_peptide_calibration_gamma_m1/ISO-Bimodal/split-R3/rho1000/n0/data/Sweep-Methods/TeaA_ISO-Bimodal_rho1000_n00/Benchmark/RW_bench/TeaA_ISO-Bimodal_rho1000_n0_RW-Only0_fit_RW_bench_R3_k_sequence/train_TeaA_ISO-Bimodal_rho1000_n0_RW-Only0_fit_3
ISO-Bimodal/split-R3/rho1000/n0/data/Sweep-Methods/TeaA_ISO-Bimodal_rho1000_n00/Benchmark/RW_bench/TeaA_ISO-Bimodal_rho1000_n0_RW-Only0_fit_RW_bench_R3_k_sequence/train_TeaA_ISO-Bimodal_rho1000_n0_RW-Only0_fit_3,figure_scripts/kinetic_simulation/_fits_peptide_calibration_gamma_m1,gamma=-1 sweep,1000,RW-Only,9,-1,0.9,0.00203,0.045057,0.01799,figure_scripts/kinetic_simulation/_fits_peptide_calibration_gamma_m1/ISO-Bimodal/split-R3/rho1000/n0/data/Sweep-Methods/TeaA_ISO-Bimodal_rho1000_n00/Benchmark/RW_bench/TeaA_ISO-Bimodal_rho1000_n0_RW-Only0_fit_RW_bench_R3_k_sequence/train_TeaA_ISO-Bimodal_rho1000_n0_RW-Only0_fit_3
ISO-Bimodal/split-R3/rho1000/n0/data/Sweep-Methods/TeaA_ISO-Bimodal_rho1000_n00/Benchmark/RW_bench/TeaA_ISO-Bimodal_rho1000_n0_RW-Only0_fit_RW_bench_R3_k_sequence/train_TeaA_ISO-Bimodal_rho1000_n0_RW-Only0_fit_3,figure_scripts/kinetic_simulation/_fits_peptide_calibration_gamma_m1,gamma=-1 sweep,1000,RW-Only,3,-1,0.30000000000000004,0.002115,0.045986,0.00211,figure_scripts/kinetic_simulation/_fits_peptide_calibration_gamma_m1/ISO-Bimodal/split-R3/rho1000/n0/data/Sweep-Methods/TeaA_ISO-Bimodal_rho1000_n00/Benchmark/RW_bench/TeaA_ISO-Bimodal_rho1000_n0_RW-Only0_fit_RW_bench_R3_k_sequence/train_TeaA_ISO-Bimodal_rho1000_n0_RW-Only0_fit_3
ISO-Bimodal/split-R3/rho1000/n0/data/Sweep-Methods/TeaA_ISO-Bimodal_rho1000_n00/Benchmark/RW_bench/TeaA_ISO-Bimodal_rho1000_n0_RW-Only0_fit_RW_bench_R3_k_sequence/train_TeaA_ISO-Bimodal_rho1000_n0_RW-Only0_fit_3,figure_scripts/kinetic_simulation/_fits_peptide_calibration_gamma_m1,gamma=-1 sweep,1000,RW-Only,4,-1,0.4,0.0021,0.045828,0.00371,figure_scripts/kinetic_simulation/_fits_peptide_calibration_gamma_m1/ISO-Bimodal/split-R3/rho1000/n0/data/Sweep-Methods/TeaA_ISO-Bimodal_rho1000_n00/Benchmark/RW_bench/TeaA_ISO-Bimodal_rho1000_n0_RW-Only0_fit_RW_bench_R3_k_sequence/train_TeaA_ISO-Bimodal_rho1000_n0_RW-Only0_fit_3
ISO-Bimodal/split-R3/rho1000/n0/data/Sweep-Methods/TeaA_ISO-Bimodal_rho1000_n00/Benchmark/BV_bench/TeaA_ISO-Bimodal_rho1000_n0_RW-BV1_fit_BV_bench_R3_k_sequence/train_TeaA_ISO-Bimodal_rho1000_n0_RW-BV1_fit_1,figure_scripts/kinetic_simulation/_fits_peptide_calibration_gamma_m1,gamma=-1 sweep,1000,RW-BV,3,0,3.0,0.001529,0.039103,0.0,figure_scripts/kinetic_simulation/_fits_peptide_calibration_gamma_m1/ISO-Bimodal/split-R3/rho1000/n0/data/Sweep-Methods/TeaA_ISO-Bimodal_rho1000_n00/Benchmark/BV_bench/TeaA_ISO-Bimodal_rho1000_n0_RW-BV1_fit_BV_bench_R3_k_sequence/train_TeaA_ISO-Bimodal_rho1000_n0_RW-BV1_fit_1
ISO-Bimodal/split-R3/rho1000/n0/data/Sweep-Methods/TeaA_ISO-Bimodal_rho1000_n00/Benchmark/BV_bench/TeaA_ISO-Bimodal_rho1000_n0_RW-BV1_fit_BV_bench_R3_k_sequence/train_TeaA_ISO-Bimodal_rho1000_n0_RW-BV1_fit_3,figure_scripts/kinetic_simulation/_fits_peptide_calibration_gamma_m1,gamma=-1 sweep,1000,RW-BV,3,0,3.0,0.001681,0.041003,0.0,figure_scripts/kinetic_simulation/_fits_peptide_calibration_gamma_m1/ISO-Bimodal/split-R3/rho1000/n0/data/Sweep-Methods/TeaA_ISO-Bimodal_rho1000_n00/Benchmark/BV_bench/TeaA_ISO-Bimodal_rho1000_n0_RW-BV1_fit_BV_bench_R3_k_sequence/train_TeaA_ISO-Bimodal_rho1000_n0_RW-BV1_fit_3
ISO-Bimodal/split-R3/rho1000/n0/data/Sweep-Methods/TeaA_ISO-Bimodal_rho1000_n00/Benchmark/BV_bench/TeaA_ISO-Bimodal_rho1000_n0_RW-BV1_fit_BV_bench_R3_k_sequence/train_TeaA_ISO-Bimodal_rho1000_n0_RW-BV1_fit_2,figure_scripts/kinetic_simulation/_fits_peptide_calibration_gamma_m1,gamma=-1 sweep,1000,RW-BV,3,0,3.0,0.002211,0.047018,0.0,figure_scripts/kinetic_simulation/_fits_peptide_calibration_gamma_m1/ISO-Bimodal/split-R3/rho1000/n0/data/Sweep-Methods/TeaA_ISO-Bimodal_rho1000_n00/Benchmark/BV_bench/TeaA_ISO-Bimodal_rho1000_n0_RW-BV1_fit_BV_bench_R3_k_sequence/train_TeaA_ISO-Bimodal_rho1000_n0_RW-BV1_fit_2
ISO-Bimodal/split-R3/rho1000/n0/data/Sweep-Methods/TeaA_ISO-Bimodal_rho1000_n00/Benchmark/BV_bench/TeaA_ISO-Bimodal_rho1000_n0_BV-RW0_fit_BV_bench_R3_k_sequence/train_TeaA_ISO-Bimodal_rho1000_n0_BV-RW0_fit_2,figure_scripts/kinetic_simulation/_fits_peptide_calibration_gamma_m1,gamma=-1 sweep,1000,BV-RW,3,0,3.0,0.00222,0.047118,0.0,figure_scripts/kinetic_simulation/_fits_peptide_calibration_gamma_m1/ISO-Bimodal/split-R3/rho1000/n0/data/Sweep-Methods/TeaA_ISO-Bimodal_rho1000_n00/Benchmark/BV_bench/TeaA_ISO-Bimodal_rho1000_n0_BV-RW0_fit_BV_bench_R3_k_sequence/train_TeaA_ISO-Bimodal_rho1000_n0_BV-RW0_fit_2
ISO-Bimodal/split-R3/rho1000/n0/data/Sweep-Methods/TeaA_ISO-Bimodal_rho1000_n00/Benchmark/BV_bench/TeaA_ISO-Bimodal_rho1000_n0_BV-RW0_fit_BV_bench_R3_k_sequence/train_TeaA_ISO-Bimodal_rho1000_n0_BV-RW0_fit_1,figure_scripts/kinetic_simulation/_fits_peptide_calibration_gamma_m1,gamma=-1 sweep,1000,BV-RW,3,0,3.0,0.001537,0.039209,0.0,figure_scripts/kinetic_simulation/_fits_peptide_calibration_gamma_m1/ISO-Bimodal/split-R3/rho1000/n0/data/Sweep-Methods/TeaA_ISO-Bimodal_rho1000_n00/Benchmark/BV_bench/TeaA_ISO-Bimodal_rho1000_n0_BV-RW0_fit_BV_bench_R3_k_sequence/train_TeaA_ISO-Bimodal_rho1000_n0_BV-RW0_fit_1
ISO-Bimodal/split-R3/rho1000/n0/data/Sweep-Methods/TeaA_ISO-Bimodal_rho1000_n00/Benchmark/BV_bench/TeaA_ISO-Bimodal_rho1000_n0_BV-RW0_fit_BV_bench_R3_k_sequence/train_TeaA_ISO-Bimodal_rho1000_n0_BV-RW0_fit_3,figure_scripts/kinetic_simulation/_fits_peptide_calibration_gamma_m1,gamma=-1 sweep,1000,BV-RW,3,0,3.0,0.001689,0.041099,0.0,figure_scripts/kinetic_simulation/_fits_peptide_calibration_gamma_m1/ISO-Bimodal/split-R3/rho1000/n0/data/Sweep-Methods/TeaA_ISO-Bimodal_rho1000_n00/Benchmark/BV_bench/TeaA_ISO-Bimodal_rho1000_n0_BV-RW0_fit_BV_bench_R3_k_sequence/train_TeaA_ISO-Bimodal_rho1000_n0_BV-RW0_fit_3
ISO-Bimodal/split-R3/rho0.01/n0/data/Sweep-Methods/TeaA_ISO-Bimodal_rho0.01_n0/Benchmark/RW_bench/TeaA_ISO-Bimodal_rho0.01_n0_RW-Only0_fit_RW_bench_R3_k_sequence/train_TeaA_ISO-Bimodal_rho0.01_n0_RW-Only0_fit_1,figure_scripts/kinetic_simulation/_fits_peptide_calibration_gamma_0,gamma=0 sweep,0.01,RW-Only,8,0,8.0,0.139063,0.372912,12.69138,figure_scripts/kinetic_simulation/_fits_peptide_calibration_gamma_0/ISO-Bimodal/split-R3/rho0.01/n0/data/Sweep-Methods/TeaA_ISO-Bimodal_rho0.01_n0/Benchmark/RW_bench/TeaA_ISO-Bimodal_rho0.01_n0_RW-Only0_fit_RW_bench_R3_k_sequence/train_TeaA_ISO-Bimodal_rho0.01_n0_RW-Only0_fit_1
ISO-Bimodal/split-R3/rho0.01/n0/data/Sweep-Methods/TeaA_ISO-Bimodal_rho0.01_n0/Benchmark/RW_bench/TeaA_ISO-Bimodal_rho0.01_n0_RW-Only0_fit_RW_bench_R3_k_sequence/train_TeaA_ISO-Bimodal_rho0.01_n0_RW-Only0_fit_1,figure_scripts/kinetic_simulation/_fits_peptide_calibration_gamma_0,gamma=0 sweep,0.01,RW-Only,6,0,6.0,0.139521,0.373525,11.89211,figure_scripts/kinetic_simulation/_fits_peptide_calibration_gamma_0/ISO-Bimodal/split-R3/rho0.01/n0/data/Sweep-Methods/TeaA_ISO-Bimodal_rho0.01_n0/Benchmark/RW_bench/TeaA_ISO-Bimodal_rho0.01_n0_RW-Only0_fit_RW_bench_R3_k_sequence/train_TeaA_ISO-Bimodal_rho0.01_n0_RW-Only0_fit_1
ISO-Bimodal/split-R3/rho0.01/n0/data/Sweep-Methods/TeaA_ISO-Bimodal_rho0.01_n0/Benchmark/RW_bench/TeaA_ISO-Bimodal_rho0.01_n0_RW-Only0_fit_RW_bench_R3_k_sequence/train_TeaA_ISO-Bimodal_rho0.01_n0_RW-Only0_fit_1,figure_scripts/kinetic_simulation/_fits_peptide_calibration_gamma_0,gamma=0 sweep,0.01,RW-Only,1,0,1.0,0.155332,0.394121,1.98929,figure_scripts/kinetic_simulation/_fits_peptide_calibration_gamma_0/ISO-Bimodal/split-R3/rho0.01/n0/data/Sweep-Methods/TeaA_ISO-Bimodal_rho0.01_n0/Benchmark/RW_bench/TeaA_ISO-Bimodal_rho0.01_n0_RW-Only0_fit_RW_bench_R3_k_sequence/train_TeaA_ISO-Bimodal_rho0.01_n0_RW-Only0_fit_1
ISO-Bimodal/split-R3/rho0.01/n0/data/Sweep-Methods/TeaA_ISO-Bimodal_rho0.01_n0/Benchmark/RW_bench/TeaA_ISO-Bimodal_rho0.01_n0_RW-Only0_fit_RW_bench_R3_k_sequence/train_TeaA_ISO-Bimodal_rho0.01_n0_RW-Only0_fit_1,figure_scripts/kinetic_simulation/_fits_peptide_calibration_gamma_0,gamma=0 sweep,0.01,RW-Only,7,0,7.0,0.139235,0.373143,12.38042,figure_scripts/kinetic_simulation/_fits_peptide_calibration_gamma_0/ISO-Bimodal/split-R3/rho0.01/n0/data/Sweep-Methods/TeaA_ISO-Bimodal_rho0.01_n0/Benchmark/RW_bench/TeaA_ISO-Bimodal_rho0.01_n0_RW-Only0_fit_RW_bench_R3_k_sequence/train_TeaA_ISO-Bimodal_rho0.01_n0_RW-Only0_fit_1
ISO-Bimodal/split-R3/rho0.01/n0/data/Sweep-Methods/TeaA_ISO-Bimodal_rho0.01_n0/Benchmark/RW_bench/TeaA_ISO-Bimodal_rho0.01_n0_RW-Only0_fit_RW_bench_R3_k_sequence/train_TeaA_ISO-Bimodal_rho0.01_n0_RW-Only0_fit_1,figure_scripts/kinetic_simulation/_fits_peptide_calibration_gamma_0,gamma=0 sweep,0.01,RW-Only,4,0,4.0,0.141088,0.375617,9.71172,figure_scripts/kinetic_simulation/_fits_peptide_calibration_gamma_0/ISO-Bimodal/split-R3/rho0.01/n0/data/Sweep-Methods/TeaA_ISO-Bimodal_rho0.01_n0/Benchmark/RW_bench/TeaA_ISO-Bimodal_rho0.01_n0_RW-Only0_fit_RW_bench_R3_k_sequence/train_TeaA_ISO-Bimodal_rho0.01_n0_RW-Only0_fit_1
ISO-Bimodal/split-R3/rho0.01/n0/data/Sweep-Methods/TeaA_ISO-Bimodal_rho0.01_n0/Benchmark/RW_bench/TeaA_ISO-Bimodal_rho0.01_n0_RW-Only0_fit_RW_bench_R3_k_sequence/train_TeaA_ISO-Bimodal_rho0.01_n0_RW-Only0_fit_1,figure_scripts/kinetic_simulation/_fits_peptide_calibration_gamma_0,gamma=0 sweep,0.01,RW-Only,2,0,2.0,0.147218,0.383691,5.02232,figure_scripts/kinetic_simulation/_fits_peptide_calibration_gamma_0/ISO-Bimodal/split-R3/rho0.01/n0/data/Sweep-Methods/TeaA_ISO-Bimodal_rho0.01_n0/Benchmark/RW_bench/TeaA_ISO-Bimodal_rho0.01_n0_RW-Only0_fit_RW_bench_R3_k_sequence/train_TeaA_ISO-Bimodal_rho0.01_n0_RW-Only0_fit_1
ISO-Bimodal/split-R3/rho0.01/n0/data/Sweep-Methods/TeaA_ISO-Bimodal_rho0.01_n0/Benchmark/RW_bench/TeaA_ISO-Bimodal_rho0.01_n0_RW-Only0_fit_RW_bench_R3_k_sequence/train_TeaA_ISO-Bimodal_rho0.01_n0_RW-Only0_fit_1,figure_scripts/kinetic_simulation/_fits_peptide_calibration_gamma_0,gamma=0 sweep,0.01,RW-Only,3,0,3.0,0.143074,0.378252,7.75212,figure_scripts/kinetic_simulation/_fits_peptide_calibration_gamma_0/ISO-Bimodal/split-R3/rho0.01/n0/data/Sweep-Methods/TeaA_ISO-Bimodal_rho0.01_n0/Benchmark/RW_bench/TeaA_ISO-Bimodal_rho0.01_n0_RW-Only0_fit_RW_bench_R3_k_sequence/train_TeaA_ISO-Bimodal_rho0.01_n0_RW-Only0_fit_1
ISO-Bimodal/split-R3/rho0.01/n0/data/Sweep-Methods/TeaA_ISO-Bimodal_rho0.01_n0/Benchmark/RW_bench/TeaA_ISO-Bimodal_rho0.01_n0_RW-Only0_fit_RW_bench_R3_k_sequence/train_TeaA_ISO-Bimodal_rho0.01_n0_RW-Only0_fit_1,figure_scripts/kinetic_simulation/_fits_peptide_calibration_gamma_0,gamma=0 sweep,0.01,RW-Only,5,0,5.0,0.140071,0.37426,11.04365,figure_scripts/kinetic_simulation/_fits_peptide_calibration_gamma_0/ISO-Bimodal/split-R3/rho0.01/n0/data/Sweep-Methods/TeaA_ISO-Bimodal_rho0.01_n0/Benchmark/RW_bench/TeaA_ISO-Bimodal_rho0.01_n0_RW-Only0_fit_RW_bench_R3_k_sequence/train_TeaA_ISO-Bimodal_rho0.01_n0_RW-Only0_fit_1
ISO-Bimodal/split-R3/rho0.01/n0/data/Sweep-Methods/TeaA_ISO-Bimodal_rho0.01_n0/Benchmark/RW_bench/TeaA_ISO-Bimodal_rho0.01_n0_RW-Only0_fit_RW_bench_R3_k_sequence/train_TeaA_ISO-Bimodal_rho0.01_n0_RW-Only0_fit_1,figure_scripts/kinetic_simulation/_fits_peptide_calibration_gamma_0,gamma=0 sweep,0.01,RW-Only,9,0,9.0,0.138945,0.372753,12.90663,figure_scripts/kinetic_simulation/_fits_peptide_calibration_gamma_0/ISO-Bimodal/split-R3/rho0.01/n0/data/Sweep-Methods/TeaA_ISO-Bimodal_rho0.01_n0/Benchmark/RW_bench/TeaA_ISO-Bimodal_rho0.01_n0_RW-Only0_fit_RW_bench_R3_k_sequence/train_TeaA_ISO-Bimodal_rho0.01_n0_RW-Only0_fit_1
ISO-Bimodal/split-R3/rho0.01/n0/data/Sweep-Methods/TeaA_ISO-Bimodal_rho0.01_n0/Benchmark/RW_bench/TeaA_ISO-Bimodal_rho0.01_n0_RW-Only0_fit_RW_bench_R3_k_sequence/train_TeaA_ISO-Bimodal_rho0.01_n0_RW-Only0_fit_2,figure_scripts/kinetic_simulation/_fits_peptide_calibration_gamma_0,gamma=0 sweep,0.01,RW-Only,8,0,8.0,0.124288,0.352545,12.28926,figure_scripts/kinetic_simulation/_fits_peptide_calibration_gamma_0/ISO-Bimodal/split-R3/rho0.01/n0/data/Sweep-Methods/TeaA_ISO-Bimodal_rho0.01_n0/Benchmark/RW_bench/TeaA_ISO-Bimodal_rho0.01_n0_RW-Only0_fit_RW_bench_R3_k_sequence/train_TeaA_ISO-Bimodal_rho0.01_n0_RW-Only0_fit_2
ISO-Bimodal/split-R3/rho0.01/n0/data/Sweep-Methods/TeaA_ISO-Bimodal_rho0.01_n0/Benchmark/RW_bench/TeaA_ISO-Bimodal_rho0.01_n0_RW-Only0_fit_RW_bench_R3_k_sequence/train_TeaA_ISO-Bimodal_rho0.01_n0_RW-Only0_fit_2,figure_scripts/kinetic_simulation/_fits_peptide_calibration_gamma_0,gamma=0 sweep,0.01,RW-Only,6,0,6.0,0.1246,0.352988,11.90772,figure_scripts/kinetic_simulation/_fits_peptide_calibration_gamma_0/ISO-Bimodal/split-R3/rho0.01/n0/data/Sweep-Methods/TeaA_ISO-Bimodal_rho0.01_n0/Benchmark/RW_bench/TeaA_ISO-Bimodal_rho0.01_n0_RW-Only0_fit_RW_bench_R3_k_sequence/train_TeaA_ISO-Bimodal_rho0.01_n0_RW-Only0_fit_2
ISO-Bimodal/split-R3/rho0.01/n0/data/Sweep-Methods/TeaA_ISO-Bimodal_rho0.01_n0/Benchmark/RW_bench/TeaA_ISO-Bimodal_rho0.01_n0_RW-Only0_fit_RW_bench_R3_k_sequence/train_TeaA_ISO-Bimodal_rho0.01_n0_RW-Only0_fit_2,figure_scripts/kinetic_simulation/_fits_peptide_calibration_gamma_0,gamma=0 sweep,0.01,RW-Only,1,0,1.0,0.14464,0.380315,1.26393,figure_scripts/kinetic_simulation/_fits_peptide_calibration_gamma_0/ISO-Bimodal/split-R3/rho0.01/n0/data/Sweep-Methods/TeaA_ISO-Bimodal_rho0.01_n0/Benchmark/RW_bench/TeaA_ISO-Bimodal_rho0.01_n0_RW-Only0_fit_RW_bench_R3_k_sequence/train_TeaA_ISO-Bimodal_rho0.01_n0_RW-Only0_fit_2
ISO-Bimodal/split-R3/rho0.01/n0/data/Sweep-Methods/TeaA_ISO-Bimodal_rho0.01_n0/Benchmark/RW_bench/TeaA_ISO-Bimodal_rho0.01_n0_RW-Only0_fit_RW_bench_R3_k_sequence/train_TeaA_ISO-Bimodal_rho0.01_n0_RW-Only0_fit_2,figure_scripts/kinetic_simulation/_fits_peptide_calibration_gamma_0,gamma=0 sweep,0.01,RW-Only,7,0,7.0,0.124403,0.352709,12.142,figure_scripts/kinetic_simulation/_fits_peptide_calibration_gamma_0/ISO-Bimodal/split-R3/rho0.01/n0/data/Sweep-Methods/TeaA_ISO-Bimodal_rho0.01_n0/Benchmark/RW_bench/TeaA_ISO-Bimodal_rho0.01_n0_RW-Only0_fit_RW_bench_R3_k_sequence/train_TeaA_ISO-Bimodal_rho0.01_n0_RW-Only0_fit_2
ISO-Bimodal/split-R3/rho0.01/n0/data/Sweep-Methods/TeaA_ISO-Bimodal_rho0.01_n0/Benchmark/RW_bench/TeaA_ISO-Bimodal_rho0.01_n0_RW-Only0_fit_RW_bench_R3_k_sequence/train_TeaA_ISO-Bimodal_rho0.01_n0_RW-Only0_fit_2,figure_scripts/kinetic_simulation/_fits_peptide_calibration_gamma_0,gamma=0 sweep,0.01,RW-Only,4,0,4.0,0.125912,0.354841,10.63718,figure_scripts/kinetic_simulation/_fits_peptide_calibration_gamma_0/ISO-Bimodal/split-R3/rho0.01/n0/data/Sweep-Methods/TeaA_ISO-Bimodal_rho0.01_n0/Benchmark/RW_bench/TeaA_ISO-Bimodal_rho0.01_n0_RW-Only0_fit_RW_bench_R3_k_sequence/train_TeaA_ISO-Bimodal_rho0.01_n0_RW-Only0_fit_2
ISO-Bimodal/split-R3/rho0.01/n0/data/Sweep-Methods/TeaA_ISO-Bimodal_rho0.01_n0/Benchmark/RW_bench/TeaA_ISO-Bimodal_rho0.01_n0_RW-Only0_fit_RW_bench_R3_k_sequence/train_TeaA_ISO-Bimodal_rho0.01_n0_RW-Only0_fit_2,figure_scripts/kinetic_simulation/_fits_peptide_calibration_gamma_0,gamma=0 sweep,0.01,RW-Only,2,0,2.0,0.135487,0.368086,4.64842,figure_scripts/kinetic_simulation/_fits_peptide_calibration_gamma_0/ISO-Bimodal/split-R3/rho0.01/n0/data/Sweep-Methods/TeaA_ISO-Bimodal_rho0.01_n0/Benchmark/RW_bench/TeaA_ISO-Bimodal_rho0.01_n0_RW-Only0_fit_RW_bench_R3_k_sequence/train_TeaA_ISO-Bimodal_rho0.01_n0_RW-Only0_fit_2
ISO-Bimodal/split-R3/rho0.01/n0/data/Sweep-Methods/TeaA_ISO-Bimodal_rho0.01_n0/Benchmark/RW_bench/TeaA_ISO-Bimodal_rho0.01_n0_RW-Only0_fit_RW_bench_R3_k_sequence/train_TeaA_ISO-Bimodal_rho0.01_n0_RW-Only0_fit_2,figure_scripts/kinetic_simulation/_fits_peptide_calibration_gamma_0,gamma=0 sweep,0.01,RW-Only,3,0,3.0,0.128547,0.358534,8.64872,figure_scripts/kinetic_simulation/_fits_peptide_calibration_gamma_0/ISO-Bimodal/split-R3/rho0.01/n0/data/Sweep-Methods/TeaA_ISO-Bimodal_rho0.01_n0/Benchmark/RW_bench/TeaA_ISO-Bimodal_rho0.01_n0_RW-Only0_fit_RW_bench_R3_k_sequence/train_TeaA_ISO-Bimodal_rho0.01_n0_RW-Only0_fit_2
ISO-Bimodal/split-R3/rho0.01/n0/data/Sweep-Methods/TeaA_ISO-Bimodal_rho0.01_n0/Benchmark/RW_bench/TeaA_ISO-Bimodal_rho0.01_n0_RW-Only0_fit_RW_bench_R3_k_sequence/train_TeaA_ISO-Bimodal_rho0.01_n0_RW-Only0_fit_2,figure_scripts/kinetic_simulation/_fits_peptide_calibration_gamma_0,gamma=0 sweep,0.01,RW-Only,5,0,5.0,0.12499,0.35354,11.48976,figure_scripts/kinetic_simulation/_fits_peptide_calibration_gamma_0/ISO-Bimodal/split-R3/rho0.01/n0/data/Sweep-Methods/TeaA_ISO-Bimodal_rho0.01_n0/Benchmark/RW_bench/TeaA_ISO-Bimodal_rho0.01_n0_RW-Only0_fit_RW_bench_R3_k_sequence/train_TeaA_ISO-Bimodal_rho0.01_n0_RW-Only0_fit_2
ISO-Bimodal/split-R3/rho0.01/n0/data/Sweep-Methods/TeaA_ISO-Bimodal_rho0.01_n0/Benchmark/RW_bench/TeaA_ISO-Bimodal_rho0.01_n0_RW-Only0_fit_RW_bench_R3_k_sequence/train_TeaA_ISO-Bimodal_rho0.01_n0_RW-Only0_fit_2,figure_scripts/kinetic_simulation/_fits_peptide_calibration_gamma_0,gamma=0 sweep,0.01,RW-Only,9,0,9.0,0.124212,0.352437,12.39111,figure_scripts/kinetic_simulation/_fits_peptide_calibration_gamma_0/ISO-Bimodal/split-R3/rho0.01/n0/data/Sweep-Methods/TeaA_ISO-Bimodal_rho0.01_n0/Benchmark/RW_bench/TeaA_ISO-Bimodal_rho0.01_n0_RW-Only0_fit_RW_bench_R3_k_sequence/train_TeaA_ISO-Bimodal_rho0.01_n0_RW-Only0_fit_2
ISO-Bimodal/split-R3/rho0.01/n0/data/Sweep-Methods/TeaA_ISO-Bimodal_rho0.01_n0/Benchmark/RW_bench/TeaA_ISO-Bimodal_rho0.01_n0_RW-Only0_fit_RW_bench_R3_k_sequence/train_TeaA_ISO-Bimodal_rho0.01_n0_RW-Only0_fit_3,figure_scripts/kinetic_simulation/_fits_peptide_calibration_gamma_0,gamma=0 sweep,0.01,RW-Only,8,0,8.0,0.110587,0.332546,15.4998,figure_scripts/kinetic_simulation/_fits_peptide_calibration_gamma_0/ISO-Bimodal/split-R3/rho0.01/n0/data/Sweep-Methods/TeaA_ISO-Bimodal_rho0.01_n0/Benchmark/RW_bench/TeaA_ISO-Bimodal_rho0.01_n0_RW-Only0_fit_RW_bench_R3_k_sequence/train_TeaA_ISO-Bimodal_rho0.01_n0_RW-Only0_fit_3
ISO-Bimodal/split-R3/rho0.01/n0/data/Sweep-Methods/TeaA_ISO-Bimodal_rho0.01_n0/Benchmark/RW_bench/TeaA_ISO-Bimodal_rho0.01_n0_RW-Only0_fit_RW_bench_R3_k_sequence/train_TeaA_ISO-Bimodal_rho0.01_n0_RW-Only0_fit_3,figure_scripts/kinetic_simulation/_fits_peptide_calibration_gamma_0,gamma=0 sweep,0.01,RW-Only,6,0,6.0,0.1106,0.332566,15.47634,figure_scripts/kinetic_simulation/_fits_peptide_calibration_gamma_0/ISO-Bimodal/split-R3/rho0.01/n0/data/Sweep-Methods/TeaA_ISO-Bimodal_rho0.01_n0/Benchmark/RW_bench/TeaA_ISO-Bimodal_rho0.01_n0_RW-Only0_fit_RW_bench_R3_k_sequence/train_TeaA_ISO-Bimodal_rho0.01_n0_RW-Only0_fit_3
ISO-Bimodal/split-R3/rho0.01/n0/data/Sweep-Methods/TeaA_ISO-Bimodal_rho0.01_n0/Benchmark/RW_bench/TeaA_ISO-Bimodal_rho0.01_n0_RW-Only0_fit_RW_bench_R3_k_sequence/train_TeaA_ISO-Bimodal_rho0.01_n0_RW-Only0_fit_3,figure_scripts/kinetic_simulation/_fits_peptide_calibration_gamma_0,gamma=0 sweep,0.01,RW-Only,1,0,1.0,0.134692,0.367004,2.41065,figure_scripts/kinetic_simulation/_fits_peptide_calibration_gamma_0/ISO-Bimodal/split-R3/rho0.01/n0/data/Sweep-Methods/TeaA_ISO-Bimodal_rho0.01_n0/Benchmark/RW_bench/TeaA_ISO-Bimodal_rho0.01_n0_RW-Only0_fit_RW_bench_R3_k_sequence/train_TeaA_ISO-Bimodal_rho0.01_n0_RW-Only0_fit_3
ISO-Bimodal/split-R3/rho0.01/n0/data/Sweep-Methods/TeaA_ISO-Bimodal_rho0.01_n0/Benchmark/RW_bench/TeaA_ISO-Bimodal_rho0.01_n0_RW-Only0_fit_RW_bench_R3_k_sequence/train_TeaA_ISO-Bimodal_rho0.01_n0_RW-Only0_fit_3,figure_scripts/kinetic_simulation/_fits_peptide_calibration_gamma_0,gamma=0 sweep,0.01,RW-Only,7,0,7.0,0.110589,0.33255,15.495,figure_scripts/kinetic_simulation/_fits_peptide_calibration_gamma_0/ISO-Bimodal/split-R3/rho0.01/n0/data/Sweep-Methods/TeaA_ISO-Bimodal_rho0.01_n0/Benchmark/RW_bench/TeaA_ISO-Bimodal_rho0.01_n0_RW-Only0_fit_RW_bench_R3_k_sequence/train_TeaA_ISO-Bimodal_rho0.01_n0_RW-Only0_fit_3
ISO-Bimodal/split-R3/rho0.01/n0/data/Sweep-Methods/TeaA_ISO-Bimodal_rho0.01_n0/Benchmark/RW_bench/TeaA_ISO-Bimodal_rho0.01_n0_RW-Only0_fit_RW_bench_R3_k_sequence/train_TeaA_ISO-Bimodal_rho0.01_n0_RW-Only0_fit_3,figure_scripts/kinetic_simulation/_fits_peptide_calibration_gamma_0,gamma=0 sweep,0.01,RW-Only,4,0,4.0,0.110925,0.333054,15.06841,figure_scripts/kinetic_simulation/_fits_peptide_calibration_gamma_0/ISO-Bimodal/split-R3/rho0.01/n0/data/Sweep-Methods/TeaA_ISO-Bimodal_rho0.01_n0/Benchmark/RW_bench/TeaA_ISO-Bimodal_rho0.01_n0_RW-Only0_fit_RW_bench_R3_k_sequence/train_TeaA_ISO-Bimodal_rho0.01_n0_RW-Only0_fit_3
ISO-Bimodal/split-R3/rho0.01/n0/data/Sweep-Methods/TeaA_ISO-Bimodal_rho0.01_n0/Benchmark/RW_bench/TeaA_ISO-Bimodal_rho0.01_n0_RW-Only0_fit_RW_bench_R3_k_sequence/train_TeaA_ISO-Bimodal_rho0.01_n0_RW-Only0_fit_3,figure_scripts/kinetic_simulation/_fits_peptide_calibration_gamma_0,gamma=0 sweep,0.01,RW-Only,2,0,2.0,0.118464,0.344186,9.46265,figure_scripts/kinetic_simulation/_fits_peptide_calibration_gamma_0/ISO-Bimodal/split-R3/rho0.01/n0/data/Sweep-Methods/TeaA_ISO-Bimodal_rho0.01_n0/Benchmark/RW_bench/TeaA_ISO-Bimodal_rho0.01_n0_RW-Only0_fit_RW_bench_R3_k_sequence/train_TeaA_ISO-Bimodal_rho0.01_n0_RW-Only0_fit_3
ISO-Bimodal/split-R3/rho0.01/n0/data/Sweep-Methods/TeaA_ISO-Bimodal_rho0.01_n0/Benchmark/RW_bench/TeaA_ISO-Bimodal_rho0.01_n0_RW-Only0_fit_RW_bench_R3_k_sequence/train_TeaA_ISO-Bimodal_rho0.01_n0_RW-Only0_fit_3,figure_scripts/kinetic_simulation/_fits_peptide_calibration_gamma_0,gamma=0 sweep,0.01,RW-Only,3,0,3.0,0.112377,0.335226,13.68179,figure_scripts/kinetic_simulation/_fits_peptide_calibration_gamma_0/ISO-Bimodal/split-R3/rho0.01/n0/data/Sweep-Methods/TeaA_ISO-Bimodal_rho0.01_n0/Benchmark/RW_bench/TeaA_ISO-Bimodal_rho0.01_n0_RW-Only0_fit_RW_bench_R3_k_sequence/train_TeaA_ISO-Bimodal_rho0.01_n0_RW-Only0_fit_3
ISO-Bimodal/split-R3/rho0.01/n0/data/Sweep-Methods/TeaA_ISO-Bimodal_rho0.01_n0/Benchmark/RW_bench/TeaA_ISO-Bimodal_rho0.01_n0_RW-Only0_fit_RW_bench_R3_k_sequence/train_TeaA_ISO-Bimodal_rho0.01_n0_RW-Only0_fit_3,figure_scripts/kinetic_simulation/_fits_peptide_calibration_gamma_0,gamma=0 sweep,0.01,RW-Only,5,0,5.0,0.110653,0.332645,15.3998,figure_scripts/kinetic_simulation/_fits_peptide_calibration_gamma_0/ISO-Bimodal/split-R3/rho0.01/n0/data/Sweep-Methods/TeaA_ISO-Bimodal_rho0.01_n0/Benchmark/RW_bench/TeaA_ISO-Bimodal_rho0.01_n0_RW-Only0_fit_RW_bench_R3_k_sequence/train_TeaA_ISO-Bimodal_rho0.01_n0_RW-Only0_fit_3
ISO-Bimodal/split-R3/rho0.01/n0/data/Sweep-Methods/TeaA_ISO-Bimodal_rho0.01_n0/Benchmark/RW_bench/TeaA_ISO-Bimodal_rho0.01_n0_RW-Only0_fit_RW_bench_R3_k_sequence/train_TeaA_ISO-Bimodal_rho0.01_n0_RW-Only0_fit_3,figure_scripts/kinetic_simulation/_fits_peptide_calibration_gamma_0,gamma=0 sweep,0.01,RW-Only,9,0,9.0,0.110586,0.332545,15.50109,figure_scripts/kinetic_simulation/_fits_peptide_calibration_gamma_0/ISO-Bimodal/split-R3/rho0.01/n0/data/Sweep-Methods/TeaA_ISO-Bimodal_rho0.01_n0/Benchmark/RW_bench/TeaA_ISO-Bimodal_rho0.01_n0_RW-Only0_fit_RW_bench_R3_k_sequence/train_TeaA_ISO-Bimodal_rho0.01_n0_RW-Only0_fit_3
ISO-Bimodal/split-R3/rho0.01/n0/data/Sweep-Methods/TeaA_ISO-Bimodal_rho0.01_n0/Benchmark/RW_bench/TeaA_ISO-Bimodal_rho0.01_n0_RW-BV0_fit_RW_bench_R3_k_sequence/train_TeaA_ISO-Bimodal_rho0.01_n0_RW-BV0_fit_1,figure_scripts/kinetic_simulation/_fits_peptide_calibration_gamma_0,gamma=0 sweep,0.01,RW-BV,8,0,8.0,0.139063,0.372912,12.69138,figure_scripts/kinetic_simulation/_fits_peptide_calibration_gamma_0/ISO-Bimodal/split-R3/rho0.01/n0/data/Sweep-Methods/TeaA_ISO-Bimodal_rho0.01_n0/Benchmark/RW_bench/TeaA_ISO-Bimodal_rho0.01_n0_RW-BV0_fit_RW_bench_R3_k_sequence/train_TeaA_ISO-Bimodal_rho0.01_n0_RW-BV0_fit_1
ISO-Bimodal/split-R3/rho0.01/n0/data/Sweep-Methods/TeaA_ISO-Bimodal_rho0.01_n0/Benchmark/RW_bench/TeaA_ISO-Bimodal_rho0.01_n0_RW-BV0_fit_RW_bench_R3_k_sequence/train_TeaA_ISO-Bimodal_rho0.01_n0_RW-BV0_fit_1,figure_scripts/kinetic_simulation/_fits_peptide_calibration_gamma_0,gamma=0 sweep,0.01,RW-BV,6,0,6.0,0.139521,0.373525,11.89211,figure_scripts/kinetic_simulation/_fits_peptide_calibration_gamma_0/ISO-Bimodal/split-R3/rho0.01/n0/data/Sweep-Methods/TeaA_ISO-Bimodal_rho0.01_n0/Benchmark/RW_bench/TeaA_ISO-Bimodal_rho0.01_n0_RW-BV0_fit_RW_bench_R3_k_sequence/train_TeaA_ISO-Bimodal_rho0.01_n0_RW-BV0_fit_1
ISO-Bimodal/split-R3/rho0.01/n0/data/Sweep-Methods/TeaA_ISO-Bimodal_rho0.01_n0/Benchmark/RW_bench/TeaA_ISO-Bimodal_rho0.01_n0_RW-BV0_fit_RW_bench_R3_k_sequence/train_TeaA_ISO-Bimodal_rho0.01_n0_RW-BV0_fit_1,figure_scripts/kinetic_simulation/_fits_peptide_calibration_gamma_0,gamma=0 sweep,0.01,RW-BV,1,0,1.0,0.155332,0.394121,1.98929,figure_scripts/kinetic_simulation/_fits_peptide_calibration_gamma_0/ISO-Bimodal/split-R3/rho0.01/n0/data/Sweep-Methods/TeaA_ISO-Bimodal_rho0.01_n0/Benchmark/RW_bench/TeaA_ISO-Bimodal_rho0.01_n0_RW-BV0_fit_RW_bench_R3_k_sequence/train_TeaA_ISO-Bimodal_rho0.01_n0_RW-BV0_fit_1
ISO-Bimodal/split-R3/rho0.01/n0/data/Sweep-Methods/TeaA_ISO-Bimodal_rho0.01_n0/Benchmark/RW_bench/TeaA_ISO-Bimodal_rho0.01_n0_RW-BV0_fit_RW_bench_R3_k_sequence/train_TeaA_ISO-Bimodal_rho0.01_n0_RW-BV0_fit_1,figure_scripts/kinetic_simulation/_fits_peptide_calibration_gamma_0,gamma=0 sweep,0.01,RW-BV,7,0,7.0,0.139235,0.373143,12.38042,figure_scripts/kinetic_simulation/_fits_peptide_calibration_gamma_0/ISO-Bimodal/split-R3/rho0.01/n0/data/Sweep-Methods/TeaA_ISO-Bimodal_rho0.01_n0/Benchmark/RW_bench/TeaA_ISO-Bimodal_rho0.01_n0_RW-BV0_fit_RW_bench_R3_k_sequence/train_TeaA_ISO-Bimodal_rho0.01_n0_RW-BV0_fit_1
ISO-Bimodal/split-R3/rho0.01/n0/data/Sweep-Methods/TeaA_ISO-Bimodal_rho0.01_n0/Benchmark/RW_bench/TeaA_ISO-Bimodal_rho0.01_n0_RW-BV0_fit_RW_bench_R3_k_sequence/train_TeaA_ISO-Bimodal_rho0.01_n0_RW-BV0_fit_1,figure_scripts/kinetic_simulation/_fits_peptide_calibration_gamma_0,gamma=0 sweep,0.01,RW-BV,4,0,4.0,0.141088,0.375617,9.71172,figure_scripts/kinetic_simulation/_fits_peptide_calibration_gamma_0/ISO-Bimodal/split-R3/rho0.01/n0/data/Sweep-Methods/TeaA_ISO-Bimodal_rho0.01_n0/Benchmark/RW_bench/TeaA_ISO-Bimodal_rho0.01_n0_RW-BV0_fit_RW_bench_R3_k_sequence/train_TeaA_ISO-Bimodal_rho0.01_n0_RW-BV0_fit_1
ISO-Bimodal/split-R3/rho0.01/n0/data/Sweep-Methods/TeaA_ISO-Bimodal_rho0.01_n0/Benchmark/RW_bench/TeaA_ISO-Bimodal_rho0.01_n0_RW-BV0_fit_RW_bench_R3_k_sequence/train_TeaA_ISO-Bimodal_rho0.01_n0_RW-BV0_fit_1,figure_scripts/kinetic_simulation/_fits_peptide_calibration_gamma_0,gamma=0 sweep,0.01,RW-BV,2,0,2.0,0.147218,0.383691,5.02232,figure_scripts/kinetic_simulation/_fits_peptide_calibration_gamma_0/ISO-Bimodal/split-R3/rho0.01/n0/data/Sweep-Methods/TeaA_ISO-Bimodal_rho0.01_n0/Benchmark/RW_bench/TeaA_ISO-Bimodal_rho0.01_n0_RW-BV0_fit_RW_bench_R3_k_sequence/train_TeaA_ISO-Bimodal_rho0.01_n0_RW-BV0_fit_1
ISO-Bimodal/split-R3/rho0.01/n0/data/Sweep-Methods/TeaA_ISO-Bimodal_rho0.01_n0/Benchmark/RW_bench/TeaA_ISO-Bimodal_rho0.01_n0_RW-BV0_fit_RW_bench_R3_k_sequence/train_TeaA_ISO-Bimodal_rho0.01_n0_RW-BV0_fit_1,figure_scripts/kinetic_simulation/_fits_peptide_calibration_gamma_0,gamma=0 sweep,0.01,RW-BV,3,0,3.0,0.143074,0.378252,7.75212,figure_scripts/kinetic_simulation/_fits_peptide_calibration_gamma_0/ISO-Bimodal/split-R3/rho0.01/n0/data/Sweep-Methods/TeaA_ISO-Bimodal_rho0.01_n0/Benchmark/RW_bench/TeaA_ISO-Bimodal_rho0.01_n0_RW-BV0_fit_RW_bench_R3_k_sequence/train_TeaA_ISO-Bimodal_rho0.01_n0_RW-BV0_fit_1
ISO-Bimodal/split-R3/rho0.01/n0/data/Sweep-Methods/TeaA_ISO-Bimodal_rho0.01_n0/Benchmark/RW_bench/TeaA_ISO-Bimodal_rho0.01_n0_RW-BV0_fit_RW_bench_R3_k_sequence/train_TeaA_ISO-Bimodal_rho0.01_n0_RW-BV0_fit_1,figure_scripts/kinetic_simulation/_fits_peptide_calibration_gamma_0,gamma=0 sweep,0.01,RW-BV,5,0,5.0,0.140071,0.37426,11.04365,figure_scripts/kinetic_simulation/_fits_peptide_calibration_gamma_0/ISO-Bimodal/split-R3/rho0.01/n0/data/Sweep-Methods/TeaA_ISO-Bimodal_rho0.01_n0/Benchmark/RW_bench/TeaA_ISO-Bimodal_rho0.01_n0_RW-BV0_fit_RW_bench_R3_k_sequence/train_TeaA_ISO-Bimodal_rho0.01_n0_RW-BV0_fit_1
ISO-Bimodal/split-R3/rho0.01/n0/data/Sweep-Methods/TeaA_ISO-Bimodal_rho0.01_n0/Benchmark/RW_bench/TeaA_ISO-Bimodal_rho0.01_n0_RW-BV0_fit_RW_bench_R3_k_sequence/train_TeaA_ISO-Bimodal_rho0.01_n0_RW-BV0_fit_1,figure_scripts/kinetic_simulation/_fits_peptide_calibration_gamma_0,gamma=0 sweep,0.01,RW-BV,9,0,9.0,0.138945,0.372753,12.90663,figure_scripts/kinetic_simulation/_fits_peptide_calibration_gamma_0/ISO-Bimodal/split-R3/rho0.01/n0/data/Sweep-Methods/TeaA_ISO-Bimodal_rho0.01_n0/Benchmark/RW_bench/TeaA_ISO-Bimodal_rho0.01_n0_RW-BV0_fit_RW_bench_R3_k_sequence/train_TeaA_ISO-Bimodal_rho0.01_n0_RW-BV0_fit_1
ISO-Bimodal/split-R3/rho0.01/n0/data/Sweep-Methods/TeaA_ISO-Bimodal_rho0.01_n0/Benchmark/RW_bench/TeaA_ISO-Bimodal_rho0.01_n0_RW-BV0_fit_RW_bench_R3_k_sequence/train_TeaA_ISO-Bimodal_rho0.01_n0_RW-BV0_fit_3,figure_scripts/kinetic_simulation/_fits_peptide_calibration_gamma_0,gamma=0 sweep,0.01,RW-BV,8,0,8.0,0.110587,0.332546,15.4998,figure_scripts/kinetic_simulation/_fits_peptide_calibration_gamma_0/ISO-Bimodal/split-R3/rho0.01/n0/data/Sweep-Methods/TeaA_ISO-Bimodal_rho0.01_n0/Benchmark/RW_bench/TeaA_ISO-Bimodal_rho0.01_n0_RW-BV0_fit_RW_bench_R3_k_sequence/train_TeaA_ISO-Bimodal_rho0.01_n0_RW-BV0_fit_3
ISO-Bimodal/split-R3/rho0.01/n0/data/Sweep-Methods/TeaA_ISO-Bimodal_rho0.01_n0/Benchmark/RW_bench/TeaA_ISO-Bimodal_rho0.01_n0_RW-BV0_fit_RW_bench_R3_k_sequence/train_TeaA_ISO-Bimodal_rho0.01_n0_RW-BV0_fit_3,figure_scripts/kinetic_simulation/_fits_peptide_calibration_gamma_0,gamma=0 sweep,0.01,RW-BV,6,0,6.0,0.1106,0.332566,15.47634,figure_scripts/kinetic_simulation/_fits_peptide_calibration_gamma_0/ISO-Bimodal/split-R3/rho0.01/n0/data/Sweep-Methods/TeaA_ISO-Bimodal_rho0.01_n0/Benchmark/RW_bench/TeaA_ISO-Bimodal_rho0.01_n0_RW-BV0_fit_RW_bench_R3_k_sequence/train_TeaA_ISO-Bimodal_rho0.01_n0_RW-BV0_fit_3
ISO-Bimodal/split-R3/rho0.01/n0/data/Sweep-Methods/TeaA_ISO-Bimodal_rho0.01_n0/Benchmark/RW_bench/TeaA_ISO-Bimodal_rho0.01_n0_RW-BV0_fit_RW_bench_R3_k_sequence/train_TeaA_ISO-Bimodal_rho0.01_n0_RW-BV0_fit_3,figure_scripts/kinetic_simulation/_fits_peptide_calibration_gamma_0,gamma=0 sweep,0.01,RW-BV,1,0,1.0,0.134692,0.367004,2.41065,figure_scripts/kinetic_simulation/_fits_peptide_calibration_gamma_0/ISO-Bimodal/split-R3/rho0.01/n0/data/Sweep-Methods/TeaA_ISO-Bimodal_rho0.01_n0/Benchmark/RW_bench/TeaA_ISO-Bimodal_rho0.01_n0_RW-BV0_fit_RW_bench_R3_k_sequence/train_TeaA_ISO-Bimodal_rho0.01_n0_RW-BV0_fit_3
ISO-Bimodal/split-R3/rho0.01/n0/data/Sweep-Methods/TeaA_ISO-Bimodal_rho0.01_n0/Benchmark/RW_bench/TeaA_ISO-Bimodal_rho0.01_n0_RW-BV0_fit_RW_bench_R3_k_sequence/train_TeaA_ISO-Bimodal_rho0.01_n0_RW-BV0_fit_3,figure_scripts/kinetic_simulation/_fits_peptide_calibration_gamma_0,gamma=0 sweep,0.01,RW-BV,7,0,7.0,0.110589,0.33255,15.495,figure_scripts/kinetic_simulation/_fits_peptide_calibration_gamma_0/ISO-Bimodal/split-R3/rho0.01/n0/data/Sweep-Methods/TeaA_ISO-Bimodal_rho0.01_n0/Benchmark/RW_bench/TeaA_ISO-Bimodal_rho0.01_n0_RW-BV0_fit_RW_bench_R3_k_sequence/train_TeaA_ISO-Bimodal_rho0.01_n0_RW-BV0_fit_3
ISO-Bimodal/split-R3/rho0.01/n0/data/Sweep-Methods/TeaA_ISO-Bimodal_rho0.01_n0/Benchmark/RW_bench/TeaA_ISO-Bimodal_rho0.01_n0_RW-BV0_fit_RW_bench_R3_k_sequence/train_TeaA_ISO-Bimodal_rho0.01_n0_RW-BV0_fit_3,figure_scripts/kinetic_simulation/_fits_peptide_calibration_gamma_0,gamma=0 sweep,0.01,RW-BV,4,0,4.0,0.110925,0.333054,15.06841,figure_scripts/kinetic_simulation/_fits_peptide_calibration_gamma_0/ISO-Bimodal/split-R3/rho0.01/n0/data/Sweep-Methods/TeaA_ISO-Bimodal_rho0.01_n0/Benchmark/RW_bench/TeaA_ISO-Bimodal_rho0.01_n0_RW-BV0_fit_RW_bench_R3_k_sequence/train_TeaA_ISO-Bimodal_rho0.01_n0_RW-BV0_fit_3
ISO-Bimodal/split-R3/rho0.01/n0/data/Sweep-Methods/TeaA_ISO-Bimodal_rho0.01_n0/Benchmark/RW_bench/TeaA_ISO-Bimodal_rho0.01_n0_RW-BV0_fit_RW_bench_R3_k_sequence/train_TeaA_ISO-Bimodal_rho0.01_n0_RW-BV0_fit_3,figure_scripts/kinetic_simulation/_fits_peptide_calibration_gamma_0,gamma=0 sweep,0.01,RW-BV,2,0,2.0,0.118464,0.344186,9.46265,figure_scripts/kinetic_simulation/_fits_peptide_calibration_gamma_0/ISO-Bimodal/split-R3/rho0.01/n0/data/Sweep-Methods/TeaA_ISO-Bimodal_rho0.01_n0/Benchmark/RW_bench/TeaA_ISO-Bimodal_rho0.01_n0_RW-BV0_fit_RW_bench_R3_k_sequence/train_TeaA_ISO-Bimodal_rho0.01_n0_RW-BV0_fit_3
ISO-Bimodal/split-R3/rho0.01/n0/data/Sweep-Methods/TeaA_ISO-Bimodal_rho0.01_n0/Benchmark/RW_bench/TeaA_ISO-Bimodal_rho0.01_n0_RW-BV0_fit_RW_bench_R3_k_sequence/train_TeaA_ISO-Bimodal_rho0.01_n0_RW-BV0_fit_3,figure_scripts/kinetic_simulation/_fits_peptide_calibration_gamma_0,gamma=0 sweep,0.01,RW-BV,3,0,3.0,0.112377,0.335226,13.68179,figure_scripts/kinetic_simulation/_fits_peptide_calibration_gamma_0/ISO-Bimodal/split-R3/rho0.01/n0/data/Sweep-Methods/TeaA_ISO-Bimodal_rho0.01_n0/Benchmark/RW_bench/TeaA_ISO-Bimodal_rho0.01_n0_RW-BV0_fit_RW_bench_R3_k_sequence/train_TeaA_ISO-Bimodal_rho0.01_n0_RW-BV0_fit_3
ISO-Bimodal/split-R3/rho0.01/n0/data/Sweep-Methods/TeaA_ISO-Bimodal_rho0.01_n0/Benchmark/RW_bench/TeaA_ISO-Bimodal_rho0.01_n0_RW-BV0_fit_RW_bench_R3_k_sequence/train_TeaA_ISO-Bimodal_rho0.01_n0_RW-BV0_fit_3,figure_scripts/kinetic_simulation/_fits_peptide_calibration_gamma_0,gamma=0 sweep,0.01,RW-BV,5,0,5.0,0.110653,0.332645,15.3998,figure_scripts/kinetic_simulation/_fits_peptide_calibration_gamma_0/ISO-Bimodal/split-R3/rho0.01/n0/data/Sweep-Methods/TeaA_ISO-Bimodal_rho0.01_n0/Benchmark/RW_bench/TeaA_ISO-Bimodal_rho0.01_n0_RW-BV0_fit_RW_bench_R3_k_sequence/train_TeaA_ISO-Bimodal_rho0.01_n0_RW-BV0_fit_3
ISO-Bimodal/split-R3/rho0.01/n0/data/Sweep-Methods/TeaA_ISO-Bimodal_rho0.01_n0/Benchmark/RW_bench/TeaA_ISO-Bimodal_rho0.01_n0_RW-BV0_fit_RW_bench_R3_k_sequence/train_TeaA_ISO-Bimodal_rho0.01_n0_RW-BV0_fit_3,figure_scripts/kinetic_simulation/_fits_peptide_calibration_gamma_0,gamma=0 sweep,0.01,RW-BV,9,0,9.0,0.110586,0.332545,15.50109,figure_scripts/kinetic_simulation/_fits_peptide_calibration_gamma_0/ISO-Bimodal/split-R3/rho0.01/n0/data/Sweep-Methods/TeaA_ISO-Bimodal_rho0.01_n0/Benchmark/RW_bench/TeaA_ISO-Bimodal_rho0.01_n0_RW-BV0_fit_RW_bench_R3_k_sequence/train_TeaA_ISO-Bimodal_rho0.01_n0_RW-BV0_fit_3
ISO-Bimodal/split-R3/rho0.01/n0/data/Sweep-Methods/TeaA_ISO-Bimodal_rho0.01_n0/Benchmark/RW_bench/TeaA_ISO-Bimodal_rho0.01_n0_RW-BV0_fit_RW_bench_R3_k_sequence/train_TeaA_ISO-Bimodal_rho0.01_n0_RW-BV0_fit_2,figure_scripts/kinetic_simulation/_fits_peptide_calibration_gamma_0,gamma=0 sweep,0.01,RW-BV,8,0,8.0,0.124288,0.352545,12.28926,figure_scripts/kinetic_simulation/_fits_peptide_calibration_gamma_0/ISO-Bimodal/split-R3/rho0.01/n0/data/Sweep-Methods/TeaA_ISO-Bimodal_rho0.01_n0/Benchmark/RW_bench/TeaA_ISO-Bimodal_rho0.01_n0_RW-BV0_fit_RW_bench_R3_k_sequence/train_TeaA_ISO-Bimodal_rho0.01_n0_RW-BV0_fit_2
ISO-Bimodal/split-R3/rho0.01/n0/data/Sweep-Methods/TeaA_ISO-Bimodal_rho0.01_n0/Benchmark/RW_bench/TeaA_ISO-Bimodal_rho0.01_n0_RW-BV0_fit_RW_bench_R3_k_sequence/train_TeaA_ISO-Bimodal_rho0.01_n0_RW-BV0_fit_2,figure_scripts/kinetic_simulation/_fits_peptide_calibration_gamma_0,gamma=0 sweep,0.01,RW-BV,6,0,6.0,0.1246,0.352988,11.90772,figure_scripts/kinetic_simulation/_fits_peptide_calibration_gamma_0/ISO-Bimodal/split-R3/rho0.01/n0/data/Sweep-Methods/TeaA_ISO-Bimodal_rho0.01_n0/Benchmark/RW_bench/TeaA_ISO-Bimodal_rho0.01_n0_RW-BV0_fit_RW_bench_R3_k_sequence/train_TeaA_ISO-Bimodal_rho0.01_n0_RW-BV0_fit_2
ISO-Bimodal/split-R3/rho0.01/n0/data/Sweep-Methods/TeaA_ISO-Bimodal_rho0.01_n0/Benchmark/RW_bench/TeaA_ISO-Bimodal_rho0.01_n0_RW-BV0_fit_RW_bench_R3_k_sequence/train_TeaA_ISO-Bimodal_rho0.01_n0_RW-BV0_fit_2,figure_scripts/kinetic_simulation/_fits_peptide_calibration_gamma_0,gamma=0 sweep,0.01,RW-BV,1,0,1.0,0.14464,0.380315,1.26393,figure_scripts/kinetic_simulation/_fits_peptide_calibration_gamma_0/ISO-Bimodal/split-R3/rho0.01/n0/data/Sweep-Methods/TeaA_ISO-Bimodal_rho0.01_n0/Benchmark/RW_bench/TeaA_ISO-Bimodal_rho0.01_n0_RW-BV0_fit_RW_bench_R3_k_sequence/train_TeaA_ISO-Bimodal_rho0.01_n0_RW-BV0_fit_2
ISO-Bimodal/split-R3/rho0.01/n0/data/Sweep-Methods/TeaA_ISO-Bimodal_rho0.01_n0/Benchmark/RW_bench/TeaA_ISO-Bimodal_rho0.01_n0_RW-BV0_fit_RW_bench_R3_k_sequence/train_TeaA_ISO-Bimodal_rho0.01_n0_RW-BV0_fit_2,figure_scripts/kinetic_simulation/_fits_peptide_calibration_gamma_0,gamma=0 sweep,0.01,RW-BV,7,0,7.0,0.124403,0.352709,12.142,figure_scripts/kinetic_simulation/_fits_peptide_calibration_gamma_0/ISO-Bimodal/split-R3/rho0.01/n0/data/Sweep-Methods/TeaA_ISO-Bimodal_rho0.01_n0/Benchmark/RW_bench/TeaA_ISO-Bimodal_rho0.01_n0_RW-BV0_fit_RW_bench_R3_k_sequence/train_TeaA_ISO-Bimodal_rho0.01_n0_RW-BV0_fit_2
ISO-Bimodal/split-R3/rho0.01/n0/data/Sweep-Methods/TeaA_ISO-Bimodal_rho0.01_n0/Benchmark/RW_bench/TeaA_ISO-Bimodal_rho0.01_n0_RW-BV0_fit_RW_bench_R3_k_sequence/train_TeaA_ISO-Bimodal_rho0.01_n0_RW-BV0_fit_2,figure_scripts/kinetic_simulation/_fits_peptide_calibration_gamma_0,gamma=0 sweep,0.01,RW-BV,4,0,4.0,0.125912,0.354841,10.63718,figure_scripts/kinetic_simulation/_fits_peptide_calibration_gamma_0/ISO-Bimodal/split-R3/rho0.01/n0/data/Sweep-Methods/TeaA_ISO-Bimodal_rho0.01_n0/Benchmark/RW_bench/TeaA_ISO-Bimodal_rho0.01_n0_RW-BV0_fit_RW_bench_R3_k_sequence/train_TeaA_ISO-Bimodal_rho0.01_n0_RW-BV0_fit_2
ISO-Bimodal/split-R3/rho0.01/n0/data/Sweep-Methods/TeaA_ISO-Bimodal_rho0.01_n0/Benchmark/RW_bench/TeaA_ISO-Bimodal_rho0.01_n0_RW-BV0_fit_RW_bench_R3_k_sequence/train_TeaA_ISO-Bimodal_rho0.01_n0_RW-BV0_fit_2,figure_scripts/kinetic_simulation/_fits_peptide_calibration_gamma_0,gamma=0 sweep,0.01,RW-BV,2,0,2.0,0.135487,0.368086,4.64842,figure_scripts/kinetic_simulation/_fits_peptide_calibration_gamma_0/ISO-Bimodal/split-R3/rho0.01/n0/data/Sweep-Methods/TeaA_ISO-Bimodal_rho0.01_n0/Benchmark/RW_bench/TeaA_ISO-Bimodal_rho0.01_n0_RW-BV0_fit_RW_bench_R3_k_sequence/train_TeaA_ISO-Bimodal_rho0.01_n0_RW-BV0_fit_2
ISO-Bimodal/split-R3/rho0.01/n0/data/Sweep-Methods/TeaA_ISO-Bimodal_rho0.01_n0/Benchmark/RW_bench/TeaA_ISO-Bimodal_rho0.01_n0_RW-BV0_fit_RW_bench_R3_k_sequence/train_TeaA_ISO-Bimodal_rho0.01_n0_RW-BV0_fit_2,figure_scripts/kinetic_simulation/_fits_peptide_calibration_gamma_0,gamma=0 sweep,0.01,RW-BV,3,0,3.0,0.128547,0.358534,8.64872,figure_scripts/kinetic_simulation/_fits_peptide_calibration_gamma_0/ISO-Bimodal/split-R3/rho0.01/n0/data/Sweep-Methods/TeaA_ISO-Bimodal_rho0.01_n0/Benchmark/RW_bench/TeaA_ISO-Bimodal_rho0.01_n0_RW-BV0_fit_RW_bench_R3_k_sequence/train_TeaA_ISO-Bimodal_rho0.01_n0_RW-BV0_fit_2
ISO-Bimodal/split-R3/rho0.01/n0/data/Sweep-Methods/TeaA_ISO-Bimodal_rho0.01_n0/Benchmark/RW_bench/TeaA_ISO-Bimodal_rho0.01_n0_RW-BV0_fit_RW_bench_R3_k_sequence/train_TeaA_ISO-Bimodal_rho0.01_n0_RW-BV0_fit_2,figure_scripts/kinetic_simulation/_fits_peptide_calibration_gamma_0,gamma=0 sweep,0.01,RW-BV,5,0,5.0,0.12499,0.35354,11.48976,figure_scripts/kinetic_simulation/_fits_peptide_calibration_gamma_0/ISO-Bimodal/split-R3/rho0.01/n0/data/Sweep-Methods/TeaA_ISO-Bimodal_rho0.01_n0/Benchmark/RW_bench/TeaA_ISO-Bimodal_rho0.01_n0_RW-BV0_fit_RW_bench_R3_k_sequence/train_TeaA_ISO-Bimodal_rho0.01_n0_RW-BV0_fit_2
ISO-Bimodal/split-R3/rho0.01/n0/data/Sweep-Methods/TeaA_ISO-Bimodal_rho0.01_n0/Benchmark/RW_bench/TeaA_ISO-Bimodal_rho0.01_n0_RW-BV0_fit_RW_bench_R3_k_sequence/train_TeaA_ISO-Bimodal_rho0.01_n0_RW-BV0_fit_2,figure_scripts/kinetic_simulation/_fits_peptide_calibration_gamma_0,gamma=0 sweep,0.01,RW-BV,9,0,9.0,0.124212,0.352437,12.39111,figure_scripts/kinetic_simulation/_fits_peptide_calibration_gamma_0/ISO-Bimodal/split-R3/rho0.01/n0/data/Sweep-Methods/TeaA_ISO-Bimodal_rho0.01_n0/Benchmark/RW_bench/TeaA_ISO-Bimodal_rho0.01_n0_RW-BV0_fit_RW_bench_R3_k_sequence/train_TeaA_ISO-Bimodal_rho0.01_n0_RW-BV0_fit_2
ISO-Bimodal/split-R3/rho0.01/n0/data/Sweep-Methods/TeaA_ISO-Bimodal_rho0.01_n0/Benchmark/RW_bench/TeaA_ISO-Bimodal_rho0.01_n0_BV-RW1_fit_RW_bench_R3_k_sequence/train_TeaA_ISO-Bimodal_rho0.01_n0_BV-RW1_fit_2,figure_scripts/kinetic_simulation/_fits_peptide_calibration_gamma_0,gamma=0 sweep,0.01,BV-RW,8,0,8.0,0.001768,0.042043,0.97281,figure_scripts/kinetic_simulation/_fits_peptide_calibration_gamma_0/ISO-Bimodal/split-R3/rho0.01/n0/data/Sweep-Methods/TeaA_ISO-Bimodal_rho0.01_n0/Benchmark/RW_bench/TeaA_ISO-Bimodal_rho0.01_n0_BV-RW1_fit_RW_bench_R3_k_sequence/train_TeaA_ISO-Bimodal_rho0.01_n0_BV-RW1_fit_2
ISO-Bimodal/split-R3/rho0.01/n0/data/Sweep-Methods/TeaA_ISO-Bimodal_rho0.01_n0/Benchmark/RW_bench/TeaA_ISO-Bimodal_rho0.01_n0_BV-RW1_fit_RW_bench_R3_k_sequence/train_TeaA_ISO-Bimodal_rho0.01_n0_BV-RW1_fit_2,figure_scripts/kinetic_simulation/_fits_peptide_calibration_gamma_0,gamma=0 sweep,0.01,BV-RW,6,0,6.0,0.001929,0.043917,0.66207,figure_scripts/kinetic_simulation/_fits_peptide_calibration_gamma_0/ISO-Bimodal/split-R3/rho0.01/n0/data/Sweep-Methods/TeaA_ISO-Bimodal_rho0.01_n0/Benchmark/RW_bench/TeaA_ISO-Bimodal_rho0.01_n0_BV-RW1_fit_RW_bench_R3_k_sequence/train_TeaA_ISO-Bimodal_rho0.01_n0_BV-RW1_fit_2
ISO-Bimodal/split-R3/rho0.01/n0/data/Sweep-Methods/TeaA_ISO-Bimodal_rho0.01_n0/Benchmark/RW_bench/TeaA_ISO-Bimodal_rho0.01_n0_BV-RW1_fit_RW_bench_R3_k_sequence/train_TeaA_ISO-Bimodal_rho0.01_n0_BV-RW1_fit_2,figure_scripts/kinetic_simulation/_fits_peptide_calibration_gamma_0,gamma=0 sweep,0.01,BV-RW,1,0,1.0,0.002616,0.051149,0.03131,figure_scripts/kinetic_simulation/_fits_peptide_calibration_gamma_0/ISO-Bimodal/split-R3/rho0.01/n0/data/Sweep-Methods/TeaA_ISO-Bimodal_rho0.01_n0/Benchmark/RW_bench/TeaA_ISO-Bimodal_rho0.01_n0_BV-RW1_fit_RW_bench_R3_k_sequence/train_TeaA_ISO-Bimodal_rho0.01_n0_BV-RW1_fit_2
ISO-Bimodal/split-R3/rho0.01/n0/data/Sweep-Methods/TeaA_ISO-Bimodal_rho0.01_n0/Benchmark/RW_bench/TeaA_ISO-Bimodal_rho0.01_n0_BV-RW1_fit_RW_bench_R3_k_sequence/train_TeaA_ISO-Bimodal_rho0.01_n0_BV-RW1_fit_2,figure_scripts/kinetic_simulation/_fits_peptide_calibration_gamma_0,gamma=0 sweep,0.01,BV-RW,7,0,7.0,0.001842,0.042919,0.81817,figure_scripts/kinetic_simulation/_fits_peptide_calibration_gamma_0/ISO-Bimodal/split-R3/rho0.01/n0/data/Sweep-Methods/TeaA_ISO-Bimodal_rho0.01_n0/Benchmark/RW_bench/TeaA_ISO-Bimodal_rho0.01_n0_BV-RW1_fit_RW_bench_R3_k_sequence/train_TeaA_ISO-Bimodal_rho0.01_n0_BV-RW1_fit_2
ISO-Bimodal/split-R3/rho0.01/n0/data/Sweep-Methods/TeaA_ISO-Bimodal_rho0.01_n0/Benchmark/RW_bench/TeaA_ISO-Bimodal_rho0.01_n0_BV-RW1_fit_RW_bench_R3_k_sequence/train_TeaA_ISO-Bimodal_rho0.01_n0_BV-RW1_fit_2,figure_scripts/kinetic_simulation/_fits_peptide_calibration_gamma_0,gamma=0 sweep,0.01,BV-RW,4,0,4.0,0.002145,0.046318,0.36054,figure_scripts/kinetic_simulation/_fits_peptide_calibration_gamma_0/ISO-Bimodal/split-R3/rho0.01/n0/data/Sweep-Methods/TeaA_ISO-Bimodal_rho0.01_n0/Benchmark/RW_bench/TeaA_ISO-Bimodal_rho0.01_n0_BV-RW1_fit_RW_bench_R3_k_sequence/train_TeaA_ISO-Bimodal_rho0.01_n0_BV-RW1_fit_2
ISO-Bimodal/split-R3/rho0.01/n0/data/Sweep-Methods/TeaA_ISO-Bimodal_rho0.01_n0/Benchmark/RW_bench/TeaA_ISO-Bimodal_rho0.01_n0_BV-RW1_fit_RW_bench_R3_k_sequence/train_TeaA_ISO-Bimodal_rho0.01_n0_BV-RW1_fit_2,figure_scripts/kinetic_simulation/_fits_peptide_calibration_gamma_0,gamma=0 sweep,0.01,BV-RW,2,0,2.0,0.002435,0.049343,0.11244,figure_scripts/kinetic_simulation/_fits_peptide_calibration_gamma_0/ISO-Bimodal/split-R3/rho0.01/n0/data/Sweep-Methods/TeaA_ISO-Bimodal_rho0.01_n0/Benchmark/RW_bench/TeaA_ISO-Bimodal_rho0.01_n0_BV-RW1_fit_RW_bench_R3_k_sequence/train_TeaA_ISO-Bimodal_rho0.01_n0_BV-RW1_fit_2
ISO-Bimodal/split-R3/rho0.01/n0/data/Sweep-Methods/TeaA_ISO-Bimodal_rho0.01_n0/Benchmark/RW_bench/TeaA_ISO-Bimodal_rho0.01_n0_BV-RW1_fit_RW_bench_R3_k_sequence/train_TeaA_ISO-Bimodal_rho0.01_n0_BV-RW1_fit_2,figure_scripts/kinetic_simulation/_fits_peptide_calibration_gamma_0,gamma=0 sweep,0.01,BV-RW,3,0,3.0,0.002279,0.047742,0.22609,figure_scripts/kinetic_simulation/_fits_peptide_calibration_gamma_0/ISO-Bimodal/split-R3/rho0.01/n0/data/Sweep-Methods/TeaA_ISO-Bimodal_rho0.01_n0/Benchmark/RW_bench/TeaA_ISO-Bimodal_rho0.01_n0_BV-RW1_fit_RW_bench_R3_k_sequence/train_TeaA_ISO-Bimodal_rho0.01_n0_BV-RW1_fit_2
ISO-Bimodal/split-R3/rho0.01/n0/data/Sweep-Methods/TeaA_ISO-Bimodal_rho0.01_n0/Benchmark/RW_bench/TeaA_ISO-Bimodal_rho0.01_n0_BV-RW1_fit_RW_bench_R3_k_sequence/train_TeaA_ISO-Bimodal_rho0.01_n0_BV-RW1_fit_2,figure_scripts/kinetic_simulation/_fits_peptide_calibration_gamma_0,gamma=0 sweep,0.01,BV-RW,5,0,5.0,0.002029,0.045047,0.50793,figure_scripts/kinetic_simulation/_fits_peptide_calibration_gamma_0/ISO-Bimodal/split-R3/rho0.01/n0/data/Sweep-Methods/TeaA_ISO-Bimodal_rho0.01_n0/Benchmark/RW_bench/TeaA_ISO-Bimodal_rho0.01_n0_BV-RW1_fit_RW_bench_R3_k_sequence/train_TeaA_ISO-Bimodal_rho0.01_n0_BV-RW1_fit_2
ISO-Bimodal/split-R3/rho0.01/n0/data/Sweep-Methods/TeaA_ISO-Bimodal_rho0.01_n0/Benchmark/RW_bench/TeaA_ISO-Bimodal_rho0.01_n0_BV-RW1_fit_RW_bench_R3_k_sequence/train_TeaA_ISO-Bimodal_rho0.01_n0_BV-RW1_fit_2,figure_scripts/kinetic_simulation/_fits_peptide_calibration_gamma_0,gamma=0 sweep,0.01,BV-RW,9,0,9.0,0.001704,0.041274,1.12396,figure_scripts/kinetic_simulation/_fits_peptide_calibration_gamma_0/ISO-Bimodal/split-R3/rho0.01/n0/data/Sweep-Methods/TeaA_ISO-Bimodal_rho0.01_n0/Benchmark/RW_bench/TeaA_ISO-Bimodal_rho0.01_n0_BV-RW1_fit_RW_bench_R3_k_sequence/train_TeaA_ISO-Bimodal_rho0.01_n0_BV-RW1_fit_2
ISO-Bimodal/split-R3/rho0.01/n0/data/Sweep-Methods/TeaA_ISO-Bimodal_rho0.01_n0/Benchmark/RW_bench/TeaA_ISO-Bimodal_rho0.01_n0_BV-RW1_fit_RW_bench_R3_k_sequence/train_TeaA_ISO-Bimodal_rho0.01_n0_BV-RW1_fit_3,figure_scripts/kinetic_simulation/_fits_peptide_calibration_gamma_0,gamma=0 sweep,0.01,BV-RW,8,0,8.0,0.001918,0.04379,0.76075,figure_scripts/kinetic_simulation/_fits_peptide_calibration_gamma_0/ISO-Bimodal/split-R3/rho0.01/n0/data/Sweep-Methods/TeaA_ISO-Bimodal_rho0.01_n0/Benchmark/RW_bench/TeaA_ISO-Bimodal_rho0.01_n0_BV-RW1_fit_RW_bench_R3_k_sequence/train_TeaA_ISO-Bimodal_rho0.01_n0_BV-RW1_fit_3
ISO-Bimodal/split-R3/rho0.01/n0/data/Sweep-Methods/TeaA_ISO-Bimodal_rho0.01_n0/Benchmark/RW_bench/TeaA_ISO-Bimodal_rho0.01_n0_BV-RW1_fit_RW_bench_R3_k_sequence/train_TeaA_ISO-Bimodal_rho0.01_n0_BV-RW1_fit_3,figure_scripts/kinetic_simulation/_fits_peptide_calibration_gamma_0,gamma=0 sweep,0.01,BV-RW,6,0,6.0,0.002017,0.04491,0.51422,figure_scripts/kinetic_simulation/_fits_peptide_calibration_gamma_0/ISO-Bimodal/split-R3/rho0.01/n0/data/Sweep-Methods/TeaA_ISO-Bimodal_rho0.01_n0/Benchmark/RW_bench/TeaA_ISO-Bimodal_rho0.01_n0_BV-RW1_fit_RW_bench_R3_k_sequence/train_TeaA_ISO-Bimodal_rho0.01_n0_BV-RW1_fit_3
ISO-Bimodal/split-R3/rho0.01/n0/data/Sweep-Methods/TeaA_ISO-Bimodal_rho0.01_n0/Benchmark/RW_bench/TeaA_ISO-Bimodal_rho0.01_n0_BV-RW1_fit_RW_bench_R3_k_sequence/train_TeaA_ISO-Bimodal_rho0.01_n0_BV-RW1_fit_3,figure_scripts/kinetic_simulation/_fits_peptide_calibration_gamma_0,gamma=0 sweep,0.01,BV-RW,1,0,1.0,0.002444,0.049433,0.02835,figure_scripts/kinetic_simulation/_fits_peptide_calibration_gamma_0/ISO-Bimodal/split-R3/rho0.01/n0/data/Sweep-Methods/TeaA_ISO-Bimodal_rho0.01_n0/Benchmark/RW_bench/TeaA_ISO-Bimodal_rho0.01_n0_BV-RW1_fit_RW_bench_R3_k_sequence/train_TeaA_ISO-Bimodal_rho0.01_n0_BV-RW1_fit_3
ISO-Bimodal/split-R3/rho0.01/n0/data/Sweep-Methods/TeaA_ISO-Bimodal_rho0.01_n0/Benchmark/RW_bench/TeaA_ISO-Bimodal_rho0.01_n0_BV-RW1_fit_RW_bench_R3_k_sequence/train_TeaA_ISO-Bimodal_rho0.01_n0_BV-RW1_fit_3,figure_scripts/kinetic_simulation/_fits_peptide_calibration_gamma_0,gamma=0 sweep,0.01,BV-RW,7,0,7.0,0.001965,0.044324,0.63563,figure_scripts/kinetic_simulation/_fits_peptide_calibration_gamma_0/ISO-Bimodal/split-R3/rho0.01/n0/data/Sweep-Methods/TeaA_ISO-Bimodal_rho0.01_n0/Benchmark/RW_bench/TeaA_ISO-Bimodal_rho0.01_n0_BV-RW1_fit_RW_bench_R3_k_sequence/train_TeaA_ISO-Bimodal_rho0.01_n0_BV-RW1_fit_3
ISO-Bimodal/split-R3/rho0.01/n0/data/Sweep-Methods/TeaA_ISO-Bimodal_rho0.01_n0/Benchmark/RW_bench/TeaA_ISO-Bimodal_rho0.01_n0_BV-RW1_fit_RW_bench_R3_k_sequence/train_TeaA_ISO-Bimodal_rho0.01_n0_BV-RW1_fit_3,figure_scripts/kinetic_simulation/_fits_peptide_calibration_gamma_0,gamma=0 sweep,0.01,BV-RW,4,0,4.0,0.002144,0.046299,0.28723,figure_scripts/kinetic_simulation/_fits_peptide_calibration_gamma_0/ISO-Bimodal/split-R3/rho0.01/n0/data/Sweep-Methods/TeaA_ISO-Bimodal_rho0.01_n0/Benchmark/RW_bench/TeaA_ISO-Bimodal_rho0.01_n0_BV-RW1_fit_RW_bench_R3_k_sequence/train_TeaA_ISO-Bimodal_rho0.01_n0_BV-RW1_fit_3
ISO-Bimodal/split-R3/rho0.01/n0/data/Sweep-Methods/TeaA_ISO-Bimodal_rho0.01_n0/Benchmark/RW_bench/TeaA_ISO-Bimodal_rho0.01_n0_BV-RW1_fit_RW_bench_R3_k_sequence/train_TeaA_ISO-Bimodal_rho0.01_n0_BV-RW1_fit_3,figure_scripts/kinetic_simulation/_fits_peptide_calibration_gamma_0,gamma=0 sweep,0.01,BV-RW,2,0,2.0,0.002321,0.048174,0.09611,figure_scripts/kinetic_simulation/_fits_peptide_calibration_gamma_0/ISO-Bimodal/split-R3/rho0.01/n0/data/Sweep-Methods/TeaA_ISO-Bimodal_rho0.01_n0/Benchmark/RW_bench/TeaA_ISO-Bimodal_rho0.01_n0_BV-RW1_fit_RW_bench_R3_k_sequence/train_TeaA_ISO-Bimodal_rho0.01_n0_BV-RW1_fit_3
ISO-Bimodal/split-R3/rho0.01/n0/data/Sweep-Methods/TeaA_ISO-Bimodal_rho0.01_n0/Benchmark/RW_bench/TeaA_ISO-Bimodal_rho0.01_n0_BV-RW1_fit_RW_bench_R3_k_sequence/train_TeaA_ISO-Bimodal_rho0.01_n0_BV-RW1_fit_3,figure_scripts/kinetic_simulation/_fits_peptide_calibration_gamma_0,gamma=0 sweep,0.01,BV-RW,3,0,3.0,0.002223,0.047153,0.18537,figure_scripts/kinetic_simulation/_fits_peptide_calibration_gamma_0/ISO-Bimodal/split-R3/rho0.01/n0/data/Sweep-Methods/TeaA_ISO-Bimodal_rho0.01_n0/Benchmark/RW_bench/TeaA_ISO-Bimodal_rho0.01_n0_BV-RW1_fit_RW_bench_R3_k_sequence/train_TeaA_ISO-Bimodal_rho0.01_n0_BV-RW1_fit_3
ISO-Bimodal/split-R3/rho0.01/n0/data/Sweep-Methods/TeaA_ISO-Bimodal_rho0.01_n0/Benchmark/RW_bench/TeaA_ISO-Bimodal_rho0.01_n0_BV-RW1_fit_RW_bench_R3_k_sequence/train_TeaA_ISO-Bimodal_rho0.01_n0_BV-RW1_fit_3,figure_scripts/kinetic_simulation/_fits_peptide_calibration_gamma_0,gamma=0 sweep,0.01,BV-RW,5,0,5.0,0.002076,0.045562,0.3976,figure_scripts/kinetic_simulation/_fits_peptide_calibration_gamma_0/ISO-Bimodal/split-R3/rho0.01/n0/data/Sweep-Methods/TeaA_ISO-Bimodal_rho0.01_n0/Benchmark/RW_bench/TeaA_ISO-Bimodal_rho0.01_n0_BV-RW1_fit_RW_bench_R3_k_sequence/train_TeaA_ISO-Bimodal_rho0.01_n0_BV-RW1_fit_3
ISO-Bimodal/split-R3/rho0.01/n0/data/Sweep-Methods/TeaA_ISO-Bimodal_rho0.01_n0/Benchmark/RW_bench/TeaA_ISO-Bimodal_rho0.01_n0_BV-RW1_fit_RW_bench_R3_k_sequence/train_TeaA_ISO-Bimodal_rho0.01_n0_BV-RW1_fit_3,figure_scripts/kinetic_simulation/_fits_peptide_calibration_gamma_0,gamma=0 sweep,0.01,BV-RW,9,0,9.0,0.001875,0.043298,0.8888,figure_scripts/kinetic_simulation/_fits_peptide_calibration_gamma_0/ISO-Bimodal/split-R3/rho0.01/n0/data/Sweep-Methods/TeaA_ISO-Bimodal_rho0.01_n0/Benchmark/RW_bench/TeaA_ISO-Bimodal_rho0.01_n0_BV-RW1_fit_RW_bench_R3_k_sequence/train_TeaA_ISO-Bimodal_rho0.01_n0_BV-RW1_fit_3
ISO-Bimodal/split-R3/rho0.01/n0/data/Sweep-Methods/TeaA_ISO-Bimodal_rho0.01_n0/Benchmark/RW_bench/TeaA_ISO-Bimodal_rho0.01_n0_BV-RW1_fit_RW_bench_R3_k_sequence/train_TeaA_ISO-Bimodal_rho0.01_n0_BV-RW1_fit_1,figure_scripts/kinetic_simulation/_fits_peptide_calibration_gamma_0,gamma=0 sweep,0.01,BV-RW,8,0,8.0,0.001365,0.036942,0.28226,figure_scripts/kinetic_simulation/_fits_peptide_calibration_gamma_0/ISO-Bimodal/split-R3/rho0.01/n0/data/Sweep-Methods/TeaA_ISO-Bimodal_rho0.01_n0/Benchmark/RW_bench/TeaA_ISO-Bimodal_rho0.01_n0_BV-RW1_fit_RW_bench_R3_k_sequence/train_TeaA_ISO-Bimodal_rho0.01_n0_BV-RW1_fit_1
ISO-Bimodal/split-R3/rho0.01/n0/data/Sweep-Methods/TeaA_ISO-Bimodal_rho0.01_n0/Benchmark/RW_bench/TeaA_ISO-Bimodal_rho0.01_n0_BV-RW1_fit_RW_bench_R3_k_sequence/train_TeaA_ISO-Bimodal_rho0.01_n0_BV-RW1_fit_1,figure_scripts/kinetic_simulation/_fits_peptide_calibration_gamma_0,gamma=0 sweep,0.01,BV-RW,6,0,6.0,0.001421,0.037691,0.1737,figure_scripts/kinetic_simulation/_fits_peptide_calibration_gamma_0/ISO-Bimodal/split-R3/rho0.01/n0/data/Sweep-Methods/TeaA_ISO-Bimodal_rho0.01_n0/Benchmark/RW_bench/TeaA_ISO-Bimodal_rho0.01_n0_BV-RW1_fit_RW_bench_R3_k_sequence/train_TeaA_ISO-Bimodal_rho0.01_n0_BV-RW1_fit_1
ISO-Bimodal/split-R3/rho0.01/n0/data/Sweep-Methods/TeaA_ISO-Bimodal_rho0.01_n0/Benchmark/RW_bench/TeaA_ISO-Bimodal_rho0.01_n0_BV-RW1_fit_RW_bench_R3_k_sequence/train_TeaA_ISO-Bimodal_rho0.01_n0_BV-RW1_fit_1,figure_scripts/kinetic_simulation/_fits_peptide_calibration_gamma_0,gamma=0 sweep,0.01,BV-RW,1,0,1.0,0.001599,0.039988,0.00652,figure_scripts/kinetic_simulation/_fits_peptide_calibration_gamma_0/ISO-Bimodal/split-R3/rho0.01/n0/data/Sweep-Methods/TeaA_ISO-Bimodal_rho0.01_n0/Benchmark/RW_bench/TeaA_ISO-Bimodal_rho0.01_n0_BV-RW1_fit_RW_bench_R3_k_sequence/train_TeaA_ISO-Bimodal_rho0.01_n0_BV-RW1_fit_1
ISO-Bimodal/split-R3/rho0.01/n0/data/Sweep-Methods/TeaA_ISO-Bimodal_rho0.01_n0/Benchmark/RW_bench/TeaA_ISO-Bimodal_rho0.01_n0_BV-RW1_fit_RW_bench_R3_k_sequence/train_TeaA_ISO-Bimodal_rho0.01_n0_BV-RW1_fit_1,figure_scripts/kinetic_simulation/_fits_peptide_calibration_gamma_0,gamma=0 sweep,0.01,BV-RW,7,0,7.0,0.001392,0.037307,0.22579,figure_scripts/kinetic_simulation/_fits_peptide_calibration_gamma_0/ISO-Bimodal/split-R3/rho0.01/n0/data/Sweep-Methods/TeaA_ISO-Bimodal_rho0.01_n0/Benchmark/RW_bench/TeaA_ISO-Bimodal_rho0.01_n0_BV-RW1_fit_RW_bench_R3_k_sequence/train_TeaA_ISO-Bimodal_rho0.01_n0_BV-RW1_fit_1
ISO-Bimodal/split-R3/rho0.01/n0/data/Sweep-Methods/TeaA_ISO-Bimodal_rho0.01_n0/Benchmark/RW_bench/TeaA_ISO-Bimodal_rho0.01_n0_BV-RW1_fit_RW_bench_R3_k_sequence/train_TeaA_ISO-Bimodal_rho0.01_n0_BV-RW1_fit_1,figure_scripts/kinetic_simulation/_fits_peptide_calibration_gamma_0,gamma=0 sweep,0.01,BV-RW,4,0,4.0,0.001484,0.038524,0.08543,figure_scripts/kinetic_simulation/_fits_peptide_calibration_gamma_0/ISO-Bimodal/split-R3/rho0.01/n0/data/Sweep-Methods/TeaA_ISO-Bimodal_rho0.01_n0/Benchmark/RW_bench/TeaA_ISO-Bimodal_rho0.01_n0_BV-RW1_fit_RW_bench_R3_k_sequence/train_TeaA_ISO-Bimodal_rho0.01_n0_BV-RW1_fit_1
ISO-Bimodal/split-R3/rho0.01/n0/data/Sweep-Methods/TeaA_ISO-Bimodal_rho0.01_n0/Benchmark/RW_bench/TeaA_ISO-Bimodal_rho0.01_n0_BV-RW1_fit_RW_bench_R3_k_sequence/train_TeaA_ISO-Bimodal_rho0.01_n0_BV-RW1_fit_1,figure_scripts/kinetic_simulation/_fits_peptide_calibration_gamma_0,gamma=0 sweep,0.01,BV-RW,2,0,2.0,0.001557,0.039463,0.02415,figure_scripts/kinetic_simulation/_fits_peptide_calibration_gamma_0/ISO-Bimodal/split-R3/rho0.01/n0/data/Sweep-Methods/TeaA_ISO-Bimodal_rho0.01_n0/Benchmark/RW_bench/TeaA_ISO-Bimodal_rho0.01_n0_BV-RW1_fit_RW_bench_R3_k_sequence/train_TeaA_ISO-Bimodal_rho0.01_n0_BV-RW1_fit_1
ISO-Bimodal/split-R3/rho0.01/n0/data/Sweep-Methods/TeaA_ISO-Bimodal_rho0.01_n0/Benchmark/RW_bench/TeaA_ISO-Bimodal_rho0.01_n0_BV-RW1_fit_RW_bench_R3_k_sequence/train_TeaA_ISO-Bimodal_rho0.01_n0_BV-RW1_fit_1,figure_scripts/kinetic_simulation/_fits_peptide_calibration_gamma_0,gamma=0 sweep,0.01,BV-RW,3,0,3.0,0.001519,0.038977,0.05091,figure_scripts/kinetic_simulation/_fits_peptide_calibration_gamma_0/ISO-Bimodal/split-R3/rho0.01/n0/data/Sweep-Methods/TeaA_ISO-Bimodal_rho0.01_n0/Benchmark/RW_bench/TeaA_ISO-Bimodal_rho0.01_n0_BV-RW1_fit_RW_bench_R3_k_sequence/train_TeaA_ISO-Bimodal_rho0.01_n0_BV-RW1_fit_1
ISO-Bimodal/split-R3/rho0.01/n0/data/Sweep-Methods/TeaA_ISO-Bimodal_rho0.01_n0/Benchmark/RW_bench/TeaA_ISO-Bimodal_rho0.01_n0_BV-RW1_fit_RW_bench_R3_k_sequence/train_TeaA_ISO-Bimodal_rho0.01_n0_BV-RW1_fit_1,figure_scripts/kinetic_simulation/_fits_peptide_calibration_gamma_0,gamma=0 sweep,0.01,BV-RW,5,0,5.0,0.001451,0.038096,0.12665,figure_scripts/kinetic_simulation/_fits_peptide_calibration_gamma_0/ISO-Bimodal/split-R3/rho0.01/n0/data/Sweep-Methods/TeaA_ISO-Bimodal_rho0.01_n0/Benchmark/RW_bench/TeaA_ISO-Bimodal_rho0.01_n0_BV-RW1_fit_RW_bench_R3_k_sequence/train_TeaA_ISO-Bimodal_rho0.01_n0_BV-RW1_fit_1
ISO-Bimodal/split-R3/rho0.01/n0/data/Sweep-Methods/TeaA_ISO-Bimodal_rho0.01_n0/Benchmark/RW_bench/TeaA_ISO-Bimodal_rho0.01_n0_BV-RW1_fit_RW_bench_R3_k_sequence/train_TeaA_ISO-Bimodal_rho0.01_n0_BV-RW1_fit_1,figure_scripts/kinetic_simulation/_fits_peptide_calibration_gamma_0,gamma=0 sweep,0.01,BV-RW,9,0,9.0,0.001339,0.036594,0.34254,figure_scripts/kinetic_simulation/_fits_peptide_calibration_gamma_0/ISO-Bimodal/split-R3/rho0.01/n0/data/Sweep-Methods/TeaA_ISO-Bimodal_rho0.01_n0/Benchmark/RW_bench/TeaA_ISO-Bimodal_rho0.01_n0_BV-RW1_fit_RW_bench_R3_k_sequence/train_TeaA_ISO-Bimodal_rho0.01_n0_BV-RW1_fit_1
ISO-Bimodal/split-R3/rho0.01/n0/data/Sweep-Methods/TeaA_ISO-Bimodal_rho0.01_n0/Benchmark/BV_bench/TeaA_ISO-Bimodal_rho0.01_n0_RW-BV1_fit_BV_bench_R3_k_sequence/train_TeaA_ISO-Bimodal_rho0.01_n0_RW-BV1_fit_2,figure_scripts/kinetic_simulation/_fits_peptide_calibration_gamma_0,gamma=0 sweep,0.01,RW-BV,3,0,3.0,0.00273,0.052251,0.0,figure_scripts/kinetic_simulation/_fits_peptide_calibration_gamma_0/ISO-Bimodal/split-R3/rho0.01/n0/data/Sweep-Methods/TeaA_ISO-Bimodal_rho0.01_n0/Benchmark/BV_bench/TeaA_ISO-Bimodal_rho0.01_n0_RW-BV1_fit_BV_bench_R3_k_sequence/train_TeaA_ISO-Bimodal_rho0.01_n0_RW-BV1_fit_2
ISO-Bimodal/split-R3/rho0.01/n0/data/Sweep-Methods/TeaA_ISO-Bimodal_rho0.01_n0/Benchmark/BV_bench/TeaA_ISO-Bimodal_rho0.01_n0_RW-BV1_fit_BV_bench_R3_k_sequence/train_TeaA_ISO-Bimodal_rho0.01_n0_RW-BV1_fit_1,figure_scripts/kinetic_simulation/_fits_peptide_calibration_gamma_0,gamma=0 sweep,0.01,RW-BV,3,0,3.0,0.00163,0.040375,0.0,figure_scripts/kinetic_simulation/_fits_peptide_calibration_gamma_0/ISO-Bimodal/split-R3/rho0.01/n0/data/Sweep-Methods/TeaA_ISO-Bimodal_rho0.01_n0/Benchmark/BV_bench/TeaA_ISO-Bimodal_rho0.01_n0_RW-BV1_fit_BV_bench_R3_k_sequence/train_TeaA_ISO-Bimodal_rho0.01_n0_RW-BV1_fit_1
ISO-Bimodal/split-R3/rho0.01/n0/data/Sweep-Methods/TeaA_ISO-Bimodal_rho0.01_n0/Benchmark/BV_bench/TeaA_ISO-Bimodal_rho0.01_n0_RW-BV1_fit_BV_bench_R3_k_sequence/train_TeaA_ISO-Bimodal_rho0.01_n0_RW-BV1_fit_3,figure_scripts/kinetic_simulation/_fits_peptide_calibration_gamma_0,gamma=0 sweep,0.01,RW-BV,3,0,3.0,0.002378,0.04876,0.0,figure_scripts/kinetic_simulation/_fits_peptide_calibration_gamma_0/ISO-Bimodal/split-R3/rho0.01/n0/data/Sweep-Methods/TeaA_ISO-Bimodal_rho0.01_n0/Benchmark/BV_bench/TeaA_ISO-Bimodal_rho0.01_n0_RW-BV1_fit_BV_bench_R3_k_sequence/train_TeaA_ISO-Bimodal_rho0.01_n0_RW-BV1_fit_3
ISO-Bimodal/split-R3/rho0.01/n0/data/Sweep-Methods/TeaA_ISO-Bimodal_rho0.01_n0/Benchmark/BV_bench/TeaA_ISO-Bimodal_rho0.01_n0_BV-RW0_fit_BV_bench_R3_k_sequence/train_TeaA_ISO-Bimodal_rho0.01_n0_BV-RW0_fit_3,figure_scripts/kinetic_simulation/_fits_peptide_calibration_gamma_0,gamma=0 sweep,0.01,BV-RW,3,0,3.0,0.002409,0.049082,0.0,figure_scripts/kinetic_simulation/_fits_peptide_calibration_gamma_0/ISO-Bimodal/split-R3/rho0.01/n0/data/Sweep-Methods/TeaA_ISO-Bimodal_rho0.01_n0/Benchmark/BV_bench/TeaA_ISO-Bimodal_rho0.01_n0_BV-RW0_fit_BV_bench_R3_k_sequence/train_TeaA_ISO-Bimodal_rho0.01_n0_BV-RW0_fit_3
ISO-Bimodal/split-R3/rho0.01/n0/data/Sweep-Methods/TeaA_ISO-Bimodal_rho0.01_n0/Benchmark/BV_bench/TeaA_ISO-Bimodal_rho0.01_n0_BV-RW0_fit_BV_bench_R3_k_sequence/train_TeaA_ISO-Bimodal_rho0.01_n0_BV-RW0_fit_1,figure_scripts/kinetic_simulation/_fits_peptide_calibration_gamma_0,gamma=0 sweep,0.01,BV-RW,3,0,3.0,0.001611,0.040143,0.0,figure_scripts/kinetic_simulation/_fits_peptide_calibration_gamma_0/ISO-Bimodal/split-R3/rho0.01/n0/data/Sweep-Methods/TeaA_ISO-Bimodal_rho0.01_n0/Benchmark/BV_bench/TeaA_ISO-Bimodal_rho0.01_n0_BV-RW0_fit_BV_bench_R3_k_sequence/train_TeaA_ISO-Bimodal_rho0.01_n0_BV-RW0_fit_1
ISO-Bimodal/split-R3/rho0.01/n0/data/Sweep-Methods/TeaA_ISO-Bimodal_rho0.01_n0/Benchmark/BV_bench/TeaA_ISO-Bimodal_rho0.01_n0_BV-RW0_fit_BV_bench_R3_k_sequence/train_TeaA_ISO-Bimodal_rho0.01_n0_BV-RW0_fit_2,figure_scripts/kinetic_simulation/_fits_peptide_calibration_gamma_0,gamma=0 sweep,0.01,BV-RW,3,0,3.0,0.002778,0.052703,0.0,figure_scripts/kinetic_simulation/_fits_peptide_calibration_gamma_0/ISO-Bimodal/split-R3/rho0.01/n0/data/Sweep-Methods/TeaA_ISO-Bimodal_rho0.01_n0/Benchmark/BV_bench/TeaA_ISO-Bimodal_rho0.01_n0_BV-RW0_fit_BV_bench_R3_k_sequence/train_TeaA_ISO-Bimodal_rho0.01_n0_BV-RW0_fit_2
ISO-Bimodal/split-R3/rho1/n0/data/Sweep-Methods/TeaA_ISO-Bimodal_rho1_n0/Benchmark/RW_bench/TeaA_ISO-Bimodal_rho1_n0_BV-RW1_fit_RW_bench_R3_k_sequence/train_TeaA_ISO-Bimodal_rho1_n0_BV-RW1_fit_1,figure_scripts/kinetic_simulation/_fits_peptide_calibration_gamma_0,gamma=0 sweep,1,BV-RW,8,0,8.0,0.001347,0.036704,0.65556,figure_scripts/kinetic_simulation/_fits_peptide_calibration_gamma_0/ISO-Bimodal/split-R3/rho1/n0/data/Sweep-Methods/TeaA_ISO-Bimodal_rho1_n0/Benchmark/RW_bench/TeaA_ISO-Bimodal_rho1_n0_BV-RW1_fit_RW_bench_R3_k_sequence/train_TeaA_ISO-Bimodal_rho1_n0_BV-RW1_fit_1
ISO-Bimodal/split-R3/rho1/n0/data/Sweep-Methods/TeaA_ISO-Bimodal_rho1_n0/Benchmark/RW_bench/TeaA_ISO-Bimodal_rho1_n0_BV-RW1_fit_RW_bench_R3_k_sequence/train_TeaA_ISO-Bimodal_rho1_n0_BV-RW1_fit_1,figure_scripts/kinetic_simulation/_fits_peptide_calibration_gamma_0,gamma=0 sweep,1,BV-RW,6,0,6.0,0.001458,0.038183,0.43742,figure_scripts/kinetic_simulation/_fits_peptide_calibration_gamma_0/ISO-Bimodal/split-R3/rho1/n0/data/Sweep-Methods/TeaA_ISO-Bimodal_rho1_n0/Benchmark/RW_bench/TeaA_ISO-Bimodal_rho1_n0_BV-RW1_fit_RW_bench_R3_k_sequence/train_TeaA_ISO-Bimodal_rho1_n0_BV-RW1_fit_1
ISO-Bimodal/split-R3/rho1/n0/data/Sweep-Methods/TeaA_ISO-Bimodal_rho1_n0/Benchmark/RW_bench/TeaA_ISO-Bimodal_rho1_n0_BV-RW1_fit_RW_bench_R3_k_sequence/train_TeaA_ISO-Bimodal_rho1_n0_BV-RW1_fit_1,figure_scripts/kinetic_simulation/_fits_peptide_calibration_gamma_0,gamma=0 sweep,1,BV-RW,1,0,1.0,0.001928,0.043903,0.02052,figure_scripts/kinetic_simulation/_fits_peptide_calibration_gamma_0/ISO-Bimodal/split-R3/rho1/n0/data/Sweep-Methods/TeaA_ISO-Bimodal_rho1_n0/Benchmark/RW_bench/TeaA_ISO-Bimodal_rho1_n0_BV-RW1_fit_RW_bench_R3_k_sequence/train_TeaA_ISO-Bimodal_rho1_n0_BV-RW1_fit_1
ISO-Bimodal/split-R3/rho1/n0/data/Sweep-Methods/TeaA_ISO-Bimodal_rho1_n0/Benchmark/RW_bench/TeaA_ISO-Bimodal_rho1_n0_BV-RW1_fit_RW_bench_R3_k_sequence/train_TeaA_ISO-Bimodal_rho1_n0_BV-RW1_fit_1,figure_scripts/kinetic_simulation/_fits_peptide_calibration_gamma_0,gamma=0 sweep,1,BV-RW,7,0,7.0,0.001399,0.037404,0.54545,figure_scripts/kinetic_simulation/_fits_peptide_calibration_gamma_0/ISO-Bimodal/split-R3/rho1/n0/data/Sweep-Methods/TeaA_ISO-Bimodal_rho1_n0/Benchmark/RW_bench/TeaA_ISO-Bimodal_rho1_n0_BV-RW1_fit_RW_bench_R3_k_sequence/train_TeaA_ISO-Bimodal_rho1_n0_BV-RW1_fit_1
ISO-Bimodal/split-R3/rho1/n0/data/Sweep-Methods/TeaA_ISO-Bimodal_rho1_n0/Benchmark/RW_bench/TeaA_ISO-Bimodal_rho1_n0_BV-RW1_fit_RW_bench_R3_k_sequence/train_TeaA_ISO-Bimodal_rho1_n0_BV-RW1_fit_1,figure_scripts/kinetic_simulation/_fits_peptide_calibration_gamma_0,gamma=0 sweep,1,BV-RW,4,0,4.0,0.001603,0.040041,0.23515,figure_scripts/kinetic_simulation/_fits_peptide_calibration_gamma_0/ISO-Bimodal/split-R3/rho1/n0/data/Sweep-Methods/TeaA_ISO-Bimodal_rho1_n0/Benchmark/RW_bench/TeaA_ISO-Bimodal_rho1_n0_BV-RW1_fit_RW_bench_R3_k_sequence/train_TeaA_ISO-Bimodal_rho1_n0_BV-RW1_fit_1
ISO-Bimodal/split-R3/rho1/n0/data/Sweep-Methods/TeaA_ISO-Bimodal_rho1_n0/Benchmark/RW_bench/TeaA_ISO-Bimodal_rho1_n0_BV-RW1_fit_RW_bench_R3_k_sequence/train_TeaA_ISO-Bimodal_rho1_n0_BV-RW1_fit_1,figure_scripts/kinetic_simulation/_fits_peptide_calibration_gamma_0,gamma=0 sweep,1,BV-RW,2,0,2.0,0.001801,0.042434,0.07285,figure_scripts/kinetic_simulation/_fits_peptide_calibration_gamma_0/ISO-Bimodal/split-R3/rho1/n0/data/Sweep-Methods/TeaA_ISO-Bimodal_rho1_n0/Benchmark/RW_bench/TeaA_ISO-Bimodal_rho1_n0_BV-RW1_fit_RW_bench_R3_k_sequence/train_TeaA_ISO-Bimodal_rho1_n0_BV-RW1_fit_1
ISO-Bimodal/split-R3/rho1/n0/data/Sweep-Methods/TeaA_ISO-Bimodal_rho1_n0/Benchmark/RW_bench/TeaA_ISO-Bimodal_rho1_n0_BV-RW1_fit_RW_bench_R3_k_sequence/train_TeaA_ISO-Bimodal_rho1_n0_BV-RW1_fit_1,figure_scripts/kinetic_simulation/_fits_peptide_calibration_gamma_0,gamma=0 sweep,1,BV-RW,3,0,3.0,0.001694,0.041158,0.14673,figure_scripts/kinetic_simulation/_fits_peptide_calibration_gamma_0/ISO-Bimodal/split-R3/rho1/n0/data/Sweep-Methods/TeaA_ISO-Bimodal_rho1_n0/Benchmark/RW_bench/TeaA_ISO-Bimodal_rho1_n0_BV-RW1_fit_RW_bench_R3_k_sequence/train_TeaA_ISO-Bimodal_rho1_n0_BV-RW1_fit_1
ISO-Bimodal/split-R3/rho1/n0/data/Sweep-Methods/TeaA_ISO-Bimodal_rho1_n0/Benchmark/RW_bench/TeaA_ISO-Bimodal_rho1_n0_BV-RW1_fit_RW_bench_R3_k_sequence/train_TeaA_ISO-Bimodal_rho1_n0_BV-RW1_fit_1,figure_scripts/kinetic_simulation/_fits_peptide_calibration_gamma_0,gamma=0 sweep,1,BV-RW,5,0,5.0,0.001525,0.039057,0.33318,figure_scripts/kinetic_simulation/_fits_peptide_calibration_gamma_0/ISO-Bimodal/split-R3/rho1/n0/data/Sweep-Methods/TeaA_ISO-Bimodal_rho1_n0/Benchmark/RW_bench/TeaA_ISO-Bimodal_rho1_n0_BV-RW1_fit_RW_bench_R3_k_sequence/train_TeaA_ISO-Bimodal_rho1_n0_BV-RW1_fit_1
ISO-Bimodal/split-R3/rho1/n0/data/Sweep-Methods/TeaA_ISO-Bimodal_rho1_n0/Benchmark/RW_bench/TeaA_ISO-Bimodal_rho1_n0_BV-RW1_fit_RW_bench_R3_k_sequence/train_TeaA_ISO-Bimodal_rho1_n0_BV-RW1_fit_1,figure_scripts/kinetic_simulation/_fits_peptide_calibration_gamma_0,gamma=0 sweep,1,BV-RW,9,0,9.0,0.001301,0.036072,0.76657,figure_scripts/kinetic_simulation/_fits_peptide_calibration_gamma_0/ISO-Bimodal/split-R3/rho1/n0/data/Sweep-Methods/TeaA_ISO-Bimodal_rho1_n0/Benchmark/RW_bench/TeaA_ISO-Bimodal_rho1_n0_BV-RW1_fit_RW_bench_R3_k_sequence/train_TeaA_ISO-Bimodal_rho1_n0_BV-RW1_fit_1
ISO-Bimodal/split-R3/rho1/n0/data/Sweep-Methods/TeaA_ISO-Bimodal_rho1_n0/Benchmark/RW_bench/TeaA_ISO-Bimodal_rho1_n0_BV-RW1_fit_RW_bench_R3_k_sequence/train_TeaA_ISO-Bimodal_rho1_n0_BV-RW1_fit_2,figure_scripts/kinetic_simulation/_fits_peptide_calibration_gamma_0,gamma=0 sweep,1,BV-RW,8,0,8.0,0.001961,0.044287,1.53939,figure_scripts/kinetic_simulation/_fits_peptide_calibration_gamma_0/ISO-Bimodal/split-R3/rho1/n0/data/Sweep-Methods/TeaA_ISO-Bimodal_rho1_n0/Benchmark/RW_bench/TeaA_ISO-Bimodal_rho1_n0_BV-RW1_fit_RW_bench_R3_k_sequence/train_TeaA_ISO-Bimodal_rho1_n0_BV-RW1_fit_2
ISO-Bimodal/split-R3/rho1/n0/data/Sweep-Methods/TeaA_ISO-Bimodal_rho1_n0/Benchmark/RW_bench/TeaA_ISO-Bimodal_rho1_n0_BV-RW1_fit_RW_bench_R3_k_sequence/train_TeaA_ISO-Bimodal_rho1_n0_BV-RW1_fit_2,figure_scripts/kinetic_simulation/_fits_peptide_calibration_gamma_0,gamma=0 sweep,1,BV-RW,6,0,6.0,0.002197,0.046876,1.07977,figure_scripts/kinetic_simulation/_fits_peptide_calibration_gamma_0/ISO-Bimodal/split-R3/rho1/n0/data/Sweep-Methods/TeaA_ISO-Bimodal_rho1_n0/Benchmark/RW_bench/TeaA_ISO-Bimodal_rho1_n0_BV-RW1_fit_RW_bench_R3_k_sequence/train_TeaA_ISO-Bimodal_rho1_n0_BV-RW1_fit_2
ISO-Bimodal/split-R3/rho1/n0/data/Sweep-Methods/TeaA_ISO-Bimodal_rho1_n0/Benchmark/RW_bench/TeaA_ISO-Bimodal_rho1_n0_BV-RW1_fit_RW_bench_R3_k_sequence/train_TeaA_ISO-Bimodal_rho1_n0_BV-RW1_fit_2,figure_scripts/kinetic_simulation/_fits_peptide_calibration_gamma_0,gamma=0 sweep,1,BV-RW,1,0,1.0,0.003327,0.057681,0.04173,figure_scripts/kinetic_simulation/_fits_peptide_calibration_gamma_0/ISO-Bimodal/split-R3/rho1/n0/data/Sweep-Methods/TeaA_ISO-Bimodal_rho1_n0/Benchmark/RW_bench/TeaA_ISO-Bimodal_rho1_n0_BV-RW1_fit_RW_bench_R3_k_sequence/train_TeaA_ISO-Bimodal_rho1_n0_BV-RW1_fit_2
ISO-Bimodal/split-R3/rho1/n0/data/Sweep-Methods/TeaA_ISO-Bimodal_rho1_n0/Benchmark/RW_bench/TeaA_ISO-Bimodal_rho1_n0_BV-RW1_fit_RW_bench_R3_k_sequence/train_TeaA_ISO-Bimodal_rho1_n0_BV-RW1_fit_2,figure_scripts/kinetic_simulation/_fits_peptide_calibration_gamma_0,gamma=0 sweep,1,BV-RW,7,0,7.0,0.002067,0.045468,1.31706,figure_scripts/kinetic_simulation/_fits_peptide_calibration_gamma_0/ISO-Bimodal/split-R3/rho1/n0/data/Sweep-Methods/TeaA_ISO-Bimodal_rho1_n0/Benchmark/RW_bench/TeaA_ISO-Bimodal_rho1_n0_BV-RW1_fit_RW_bench_R3_k_sequence/train_TeaA_ISO-Bimodal_rho1_n0_BV-RW1_fit_2
ISO-Bimodal/split-R3/rho1/n0/data/Sweep-Methods/TeaA_ISO-Bimodal_rho1_n0/Benchmark/RW_bench/TeaA_ISO-Bimodal_rho1_n0_BV-RW1_fit_RW_bench_R3_k_sequence/train_TeaA_ISO-Bimodal_rho1_n0_BV-RW1_fit_2,figure_scripts/kinetic_simulation/_fits_peptide_calibration_gamma_0,gamma=0 sweep,1,BV-RW,4,0,4.0,0.002557,0.050566,0.5772,figure_scripts/kinetic_simulation/_fits_peptide_calibration_gamma_0/ISO-Bimodal/split-R3/rho1/n0/data/Sweep-Methods/TeaA_ISO-Bimodal_rho1_n0/Benchmark/RW_bench/TeaA_ISO-Bimodal_rho1_n0_BV-RW1_fit_RW_bench_R3_k_sequence/train_TeaA_ISO-Bimodal_rho1_n0_BV-RW1_fit_2
ISO-Bimodal/split-R3/rho1/n0/data/Sweep-Methods/TeaA_ISO-Bimodal_rho1_n0/Benchmark/RW_bench/TeaA_ISO-Bimodal_rho1_n0_BV-RW1_fit_RW_bench_R3_k_sequence/train_TeaA_ISO-Bimodal_rho1_n0_BV-RW1_fit_2,figure_scripts/kinetic_simulation/_fits_peptide_calibration_gamma_0,gamma=0 sweep,1,BV-RW,2,0,2.0,0.00305,0.055228,0.15998,figure_scripts/kinetic_simulation/_fits_peptide_calibration_gamma_0/ISO-Bimodal/split-R3/rho1/n0/data/Sweep-Methods/TeaA_ISO-Bimodal_rho1_n0/Benchmark/RW_bench/TeaA_ISO-Bimodal_rho1_n0_BV-RW1_fit_RW_bench_R3_k_sequence/train_TeaA_ISO-Bimodal_rho1_n0_BV-RW1_fit_2
ISO-Bimodal/split-R3/rho1/n0/data/Sweep-Methods/TeaA_ISO-Bimodal_rho1_n0/Benchmark/RW_bench/TeaA_ISO-Bimodal_rho1_n0_BV-RW1_fit_RW_bench_R3_k_sequence/train_TeaA_ISO-Bimodal_rho1_n0_BV-RW1_fit_2,figure_scripts/kinetic_simulation/_fits_peptide_calibration_gamma_0,gamma=0 sweep,1,BV-RW,3,0,3.0,0.002791,0.052829,0.34449,figure_scripts/kinetic_simulation/_fits_peptide_calibration_gamma_0/ISO-Bimodal/split-R3/rho1/n0/data/Sweep-Methods/TeaA_ISO-Bimodal_rho1_n0/Benchmark/RW_bench/TeaA_ISO-Bimodal_rho1_n0_BV-RW1_fit_RW_bench_R3_k_sequence/train_TeaA_ISO-Bimodal_rho1_n0_BV-RW1_fit_2
ISO-Bimodal/split-R3/rho1/n0/data/Sweep-Methods/TeaA_ISO-Bimodal_rho1_n0/Benchmark/RW_bench/TeaA_ISO-Bimodal_rho1_n0_BV-RW1_fit_RW_bench_R3_k_sequence/train_TeaA_ISO-Bimodal_rho1_n0_BV-RW1_fit_2,figure_scripts/kinetic_simulation/_fits_peptide_calibration_gamma_0,gamma=0 sweep,1,BV-RW,5,0,5.0,0.002359,0.048565,0.82988,figure_scripts/kinetic_simulation/_fits_peptide_calibration_gamma_0/ISO-Bimodal/split-R3/rho1/n0/data/Sweep-Methods/TeaA_ISO-Bimodal_rho1_n0/Benchmark/RW_bench/TeaA_ISO-Bimodal_rho1_n0_BV-RW1_fit_RW_bench_R3_k_sequence/train_TeaA_ISO-Bimodal_rho1_n0_BV-RW1_fit_2
ISO-Bimodal/split-R3/rho1/n0/data/Sweep-Methods/TeaA_ISO-Bimodal_rho1_n0/Benchmark/RW_bench/TeaA_ISO-Bimodal_rho1_n0_BV-RW1_fit_RW_bench_R3_k_sequence/train_TeaA_ISO-Bimodal_rho1_n0_BV-RW1_fit_2,figure_scripts/kinetic_simulation/_fits_peptide_calibration_gamma_0,gamma=0 sweep,1,BV-RW,9,0,9.0,0.001874,0.043288,1.74708,figure_scripts/kinetic_simulation/_fits_peptide_calibration_gamma_0/ISO-Bimodal/split-R3/rho1/n0/data/Sweep-Methods/TeaA_ISO-Bimodal_rho1_n0/Benchmark/RW_bench/TeaA_ISO-Bimodal_rho1_n0_BV-RW1_fit_RW_bench_R3_k_sequence/train_TeaA_ISO-Bimodal_rho1_n0_BV-RW1_fit_2
ISO-Bimodal/split-R3/rho1/n0/data/Sweep-Methods/TeaA_ISO-Bimodal_rho1_n0/Benchmark/RW_bench/TeaA_ISO-Bimodal_rho1_n0_BV-RW1_fit_RW_bench_R3_k_sequence/train_TeaA_ISO-Bimodal_rho1_n0_BV-RW1_fit_3,figure_scripts/kinetic_simulation/_fits_peptide_calibration_gamma_0,gamma=0 sweep,1,BV-RW,8,0,8.0,0.001472,0.038368,1.11095,figure_scripts/kinetic_simulation/_fits_peptide_calibration_gamma_0/ISO-Bimodal/split-R3/rho1/n0/data/Sweep-Methods/TeaA_ISO-Bimodal_rho1_n0/Benchmark/RW_bench/TeaA_ISO-Bimodal_rho1_n0_BV-RW1_fit_RW_bench_R3_k_sequence/train_TeaA_ISO-Bimodal_rho1_n0_BV-RW1_fit_3
ISO-Bimodal/split-R3/rho1/n0/data/Sweep-Methods/TeaA_ISO-Bimodal_rho1_n0/Benchmark/RW_bench/TeaA_ISO-Bimodal_rho1_n0_BV-RW1_fit_RW_bench_R3_k_sequence/train_TeaA_ISO-Bimodal_rho1_n0_BV-RW1_fit_3,figure_scripts/kinetic_simulation/_fits_peptide_calibration_gamma_0,gamma=0 sweep,1,BV-RW,6,0,6.0,0.001633,0.040414,0.75636,figure_scripts/kinetic_simulation/_fits_peptide_calibration_gamma_0/ISO-Bimodal/split-R3/rho1/n0/data/Sweep-Methods/TeaA_ISO-Bimodal_rho1_n0/Benchmark/RW_bench/TeaA_ISO-Bimodal_rho1_n0_BV-RW1_fit_RW_bench_R3_k_sequence/train_TeaA_ISO-Bimodal_rho1_n0_BV-RW1_fit_3
ISO-Bimodal/split-R3/rho1/n0/data/Sweep-Methods/TeaA_ISO-Bimodal_rho1_n0/Benchmark/RW_bench/TeaA_ISO-Bimodal_rho1_n0_BV-RW1_fit_RW_bench_R3_k_sequence/train_TeaA_ISO-Bimodal_rho1_n0_BV-RW1_fit_3,figure_scripts/kinetic_simulation/_fits_peptide_calibration_gamma_0,gamma=0 sweep,1,BV-RW,1,0,1.0,0.002338,0.04835,0.03139,figure_scripts/kinetic_simulation/_fits_peptide_calibration_gamma_0/ISO-Bimodal/split-R3/rho1/n0/data/Sweep-Methods/TeaA_ISO-Bimodal_rho1_n0/Benchmark/RW_bench/TeaA_ISO-Bimodal_rho1_n0_BV-RW1_fit_RW_bench_R3_k_sequence/train_TeaA_ISO-Bimodal_rho1_n0_BV-RW1_fit_3
ISO-Bimodal/split-R3/rho1/n0/data/Sweep-Methods/TeaA_ISO-Bimodal_rho1_n0/Benchmark/RW_bench/TeaA_ISO-Bimodal_rho1_n0_BV-RW1_fit_RW_bench_R3_k_sequence/train_TeaA_ISO-Bimodal_rho1_n0_BV-RW1_fit_3,figure_scripts/kinetic_simulation/_fits_peptide_calibration_gamma_0,gamma=0 sweep,1,BV-RW,7,0,7.0,0.001547,0.039327,0.93482,figure_scripts/kinetic_simulation/_fits_peptide_calibration_gamma_0/ISO-Bimodal/split-R3/rho1/n0/data/Sweep-Methods/TeaA_ISO-Bimodal_rho1_n0/Benchmark/RW_bench/TeaA_ISO-Bimodal_rho1_n0_BV-RW1_fit_RW_bench_R3_k_sequence/train_TeaA_ISO-Bimodal_rho1_n0_BV-RW1_fit_3
ISO-Bimodal/split-R3/rho1/n0/data/Sweep-Methods/TeaA_ISO-Bimodal_rho1_n0/Benchmark/RW_bench/TeaA_ISO-Bimodal_rho1_n0_BV-RW1_fit_RW_bench_R3_k_sequence/train_TeaA_ISO-Bimodal_rho1_n0_BV-RW1_fit_3,figure_scripts/kinetic_simulation/_fits_peptide_calibration_gamma_0,gamma=0 sweep,1,BV-RW,4,0,4.0,0.001856,0.043079,0.40486,figure_scripts/kinetic_simulation/_fits_peptide_calibration_gamma_0/ISO-Bimodal/split-R3/rho1/n0/data/Sweep-Methods/TeaA_ISO-Bimodal_rho1_n0/Benchmark/RW_bench/TeaA_ISO-Bimodal_rho1_n0_BV-RW1_fit_RW_bench_R3_k_sequence/train_TeaA_ISO-Bimodal_rho1_n0_BV-RW1_fit_3
ISO-Bimodal/split-R3/rho1/n0/data/Sweep-Methods/TeaA_ISO-Bimodal_rho1_n0/Benchmark/RW_bench/TeaA_ISO-Bimodal_rho1_n0_BV-RW1_fit_RW_bench_R3_k_sequence/train_TeaA_ISO-Bimodal_rho1_n0_BV-RW1_fit_3,figure_scripts/kinetic_simulation/_fits_peptide_calibration_gamma_0,gamma=0 sweep,1,BV-RW,2,0,2.0,0.002158,0.046456,0.11769,figure_scripts/kinetic_simulation/_fits_peptide_calibration_gamma_0/ISO-Bimodal/split-R3/rho1/n0/data/Sweep-Methods/TeaA_ISO-Bimodal_rho1_n0/Benchmark/RW_bench/TeaA_ISO-Bimodal_rho1_n0_BV-RW1_fit_RW_bench_R3_k_sequence/train_TeaA_ISO-Bimodal_rho1_n0_BV-RW1_fit_3
ISO-Bimodal/split-R3/rho1/n0/data/Sweep-Methods/TeaA_ISO-Bimodal_rho1_n0/Benchmark/RW_bench/TeaA_ISO-Bimodal_rho1_n0_BV-RW1_fit_RW_bench_R3_k_sequence/train_TeaA_ISO-Bimodal_rho1_n0_BV-RW1_fit_3,figure_scripts/kinetic_simulation/_fits_peptide_calibration_gamma_0,gamma=0 sweep,1,BV-RW,3,0,3.0,0.001997,0.044687,0.24685,figure_scripts/kinetic_simulation/_fits_peptide_calibration_gamma_0/ISO-Bimodal/split-R3/rho1/n0/data/Sweep-Methods/TeaA_ISO-Bimodal_rho1_n0/Benchmark/RW_bench/TeaA_ISO-Bimodal_rho1_n0_BV-RW1_fit_RW_bench_R3_k_sequence/train_TeaA_ISO-Bimodal_rho1_n0_BV-RW1_fit_3
ISO-Bimodal/split-R3/rho1/n0/data/Sweep-Methods/TeaA_ISO-Bimodal_rho1_n0/Benchmark/RW_bench/TeaA_ISO-Bimodal_rho1_n0_BV-RW1_fit_RW_bench_R3_k_sequence/train_TeaA_ISO-Bimodal_rho1_n0_BV-RW1_fit_3,figure_scripts/kinetic_simulation/_fits_peptide_calibration_gamma_0,gamma=0 sweep,1,BV-RW,5,0,5.0,0.001735,0.041657,0.57796,figure_scripts/kinetic_simulation/_fits_peptide_calibration_gamma_0/ISO-Bimodal/split-R3/rho1/n0/data/Sweep-Methods/TeaA_ISO-Bimodal_rho1_n0/Benchmark/RW_bench/TeaA_ISO-Bimodal_rho1_n0_BV-RW1_fit_RW_bench_R3_k_sequence/train_TeaA_ISO-Bimodal_rho1_n0_BV-RW1_fit_3
ISO-Bimodal/split-R3/rho1/n0/data/Sweep-Methods/TeaA_ISO-Bimodal_rho1_n0/Benchmark/RW_bench/TeaA_ISO-Bimodal_rho1_n0_BV-RW1_fit_RW_bench_R3_k_sequence/train_TeaA_ISO-Bimodal_rho1_n0_BV-RW1_fit_3,figure_scripts/kinetic_simulation/_fits_peptide_calibration_gamma_0,gamma=0 sweep,1,BV-RW,9,0,9.0,0.001407,0.037515,1.28371,figure_scripts/kinetic_simulation/_fits_peptide_calibration_gamma_0/ISO-Bimodal/split-R3/rho1/n0/data/Sweep-Methods/TeaA_ISO-Bimodal_rho1_n0/Benchmark/RW_bench/TeaA_ISO-Bimodal_rho1_n0_BV-RW1_fit_RW_bench_R3_k_sequence/train_TeaA_ISO-Bimodal_rho1_n0_BV-RW1_fit_3
ISO-Bimodal/split-R3/rho1/n0/data/Sweep-Methods/TeaA_ISO-Bimodal_rho1_n0/Benchmark/RW_bench/TeaA_ISO-Bimodal_rho1_n0_RW-BV0_fit_RW_bench_R3_k_sequence/train_TeaA_ISO-Bimodal_rho1_n0_RW-BV0_fit_2,figure_scripts/kinetic_simulation/_fits_peptide_calibration_gamma_0,gamma=0 sweep,1,RW-BV,8,0,8.0,0.007415,0.08611,3.72709,figure_scripts/kinetic_simulation/_fits_peptide_calibration_gamma_0/ISO-Bimodal/split-R3/rho1/n0/data/Sweep-Methods/TeaA_ISO-Bimodal_rho1_n0/Benchmark/RW_bench/TeaA_ISO-Bimodal_rho1_n0_RW-BV0_fit_RW_bench_R3_k_sequence/train_TeaA_ISO-Bimodal_rho1_n0_RW-BV0_fit_2
ISO-Bimodal/split-R3/rho1/n0/data/Sweep-Methods/TeaA_ISO-Bimodal_rho1_n0/Benchmark/RW_bench/TeaA_ISO-Bimodal_rho1_n0_RW-BV0_fit_RW_bench_R3_k_sequence/train_TeaA_ISO-Bimodal_rho1_n0_RW-BV0_fit_2,figure_scripts/kinetic_simulation/_fits_peptide_calibration_gamma_0,gamma=0 sweep,1,RW-BV,6,0,6.0,0.008073,0.089849,2.53444,figure_scripts/kinetic_simulation/_fits_peptide_calibration_gamma_0/ISO-Bimodal/split-R3/rho1/n0/data/Sweep-Methods/TeaA_ISO-Bimodal_rho1_n0/Benchmark/RW_bench/TeaA_ISO-Bimodal_rho1_n0_RW-BV0_fit_RW_bench_R3_k_sequence/train_TeaA_ISO-Bimodal_rho1_n0_RW-BV0_fit_2
ISO-Bimodal/split-R3/rho1/n0/data/Sweep-Methods/TeaA_ISO-Bimodal_rho1_n0/Benchmark/RW_bench/TeaA_ISO-Bimodal_rho1_n0_RW-BV0_fit_RW_bench_R3_k_sequence/train_TeaA_ISO-Bimodal_rho1_n0_RW-BV0_fit_2,figure_scripts/kinetic_simulation/_fits_peptide_calibration_gamma_0,gamma=0 sweep,1,RW-BV,1,0,1.0,0.010935,0.10457,0.10507,figure_scripts/kinetic_simulation/_fits_peptide_calibration_gamma_0/ISO-Bimodal/split-R3/rho1/n0/data/Sweep-Methods/TeaA_ISO-Bimodal_rho1_n0/Benchmark/RW_bench/TeaA_ISO-Bimodal_rho1_n0_RW-BV0_fit_RW_bench_R3_k_sequence/train_TeaA_ISO-Bimodal_rho1_n0_RW-BV0_fit_2
ISO-Bimodal/split-R3/rho1/n0/data/Sweep-Methods/TeaA_ISO-Bimodal_rho1_n0/Benchmark/RW_bench/TeaA_ISO-Bimodal_rho1_n0_RW-BV0_fit_RW_bench_R3_k_sequence/train_TeaA_ISO-Bimodal_rho1_n0_RW-BV0_fit_2,figure_scripts/kinetic_simulation/_fits_peptide_calibration_gamma_0,gamma=0 sweep,1,RW-BV,7,0,7.0,0.007712,0.087818,3.14729,figure_scripts/kinetic_simulation/_fits_peptide_calibration_gamma_0/ISO-Bimodal/split-R3/rho1/n0/data/Sweep-Methods/TeaA_ISO-Bimodal_rho1_n0/Benchmark/RW_bench/TeaA_ISO-Bimodal_rho1_n0_RW-BV0_fit_RW_bench_R3_k_sequence/train_TeaA_ISO-Bimodal_rho1_n0_RW-BV0_fit_2
ISO-Bimodal/split-R3/rho1/n0/data/Sweep-Methods/TeaA_ISO-Bimodal_rho1_n0/Benchmark/RW_bench/TeaA_ISO-Bimodal_rho1_n0_RW-BV0_fit_RW_bench_R3_k_sequence/train_TeaA_ISO-Bimodal_rho1_n0_RW-BV0_fit_2,figure_scripts/kinetic_simulation/_fits_peptide_calibration_gamma_0,gamma=0 sweep,1,RW-BV,4,0,4.0,0.009011,0.094926,1.3181,figure_scripts/kinetic_simulation/_fits_peptide_calibration_gamma_0/ISO-Bimodal/split-R3/rho1/n0/data/Sweep-Methods/TeaA_ISO-Bimodal_rho1_n0/Benchmark/RW_bench/TeaA_ISO-Bimodal_rho1_n0_RW-BV0_fit_RW_bench_R3_k_sequence/train_TeaA_ISO-Bimodal_rho1_n0_RW-BV0_fit_2
ISO-Bimodal/split-R3/rho1/n0/data/Sweep-Methods/TeaA_ISO-Bimodal_rho1_n0/Benchmark/RW_bench/TeaA_ISO-Bimodal_rho1_n0_RW-BV0_fit_RW_bench_R3_k_sequence/train_TeaA_ISO-Bimodal_rho1_n0_RW-BV0_fit_2,figure_scripts/kinetic_simulation/_fits_peptide_calibration_gamma_0,gamma=0 sweep,1,RW-BV,2,0,2.0,0.01022,0.101093,0.38412,figure_scripts/kinetic_simulation/_fits_peptide_calibration_gamma_0/ISO-Bimodal/split-R3/rho1/n0/data/Sweep-Methods/TeaA_ISO-Bimodal_rho1_n0/Benchmark/RW_bench/TeaA_ISO-Bimodal_rho1_n0_RW-BV0_fit_RW_bench_R3_k_sequence/train_TeaA_ISO-Bimodal_rho1_n0_RW-BV0_fit_2
ISO-Bimodal/split-R3/rho1/n0/data/Sweep-Methods/TeaA_ISO-Bimodal_rho1_n0/Benchmark/RW_bench/TeaA_ISO-Bimodal_rho1_n0_RW-BV0_fit_RW_bench_R3_k_sequence/train_TeaA_ISO-Bimodal_rho1_n0_RW-BV0_fit_2,figure_scripts/kinetic_simulation/_fits_peptide_calibration_gamma_0,gamma=0 sweep,1,RW-BV,3,0,3.0,0.009582,0.097888,0.7982,figure_scripts/kinetic_simulation/_fits_peptide_calibration_gamma_0/ISO-Bimodal/split-R3/rho1/n0/data/Sweep-Methods/TeaA_ISO-Bimodal_rho1_n0/Benchmark/RW_bench/TeaA_ISO-Bimodal_rho1_n0_RW-BV0_fit_RW_bench_R3_k_sequence/train_TeaA_ISO-Bimodal_rho1_n0_RW-BV0_fit_2
ISO-Bimodal/split-R3/rho1/n0/data/Sweep-Methods/TeaA_ISO-Bimodal_rho1_n0/Benchmark/RW_bench/TeaA_ISO-Bimodal_rho1_n0_RW-BV0_fit_RW_bench_R3_k_sequence/train_TeaA_ISO-Bimodal_rho1_n0_RW-BV0_fit_2,figure_scripts/kinetic_simulation/_fits_peptide_calibration_gamma_0,gamma=0 sweep,1,RW-BV,5,0,5.0,0.008506,0.092229,1.91116,figure_scripts/kinetic_simulation/_fits_peptide_calibration_gamma_0/ISO-Bimodal/split-R3/rho1/n0/data/Sweep-Methods/TeaA_ISO-Bimodal_rho1_n0/Benchmark/RW_bench/TeaA_ISO-Bimodal_rho1_n0_RW-BV0_fit_RW_bench_R3_k_sequence/train_TeaA_ISO-Bimodal_rho1_n0_RW-BV0_fit_2
ISO-Bimodal/split-R3/rho1/n0/data/Sweep-Methods/TeaA_ISO-Bimodal_rho1_n0/Benchmark/RW_bench/TeaA_ISO-Bimodal_rho1_n0_RW-BV0_fit_RW_bench_R3_k_sequence/train_TeaA_ISO-Bimodal_rho1_n0_RW-BV0_fit_2,figure_scripts/kinetic_simulation/_fits_peptide_calibration_gamma_0,gamma=0 sweep,1,RW-BV,9,0,9.0,0.00717,0.084675,4.26636,figure_scripts/kinetic_simulation/_fits_peptide_calibration_gamma_0/ISO-Bimodal/split-R3/rho1/n0/data/Sweep-Methods/TeaA_ISO-Bimodal_rho1_n0/Benchmark/RW_bench/TeaA_ISO-Bimodal_rho1_n0_RW-BV0_fit_RW_bench_R3_k_sequence/train_TeaA_ISO-Bimodal_rho1_n0_RW-BV0_fit_2
ISO-Bimodal/split-R3/rho1/n0/data/Sweep-Methods/TeaA_ISO-Bimodal_rho1_n0/Benchmark/RW_bench/TeaA_ISO-Bimodal_rho1_n0_RW-BV0_fit_RW_bench_R3_k_sequence/train_TeaA_ISO-Bimodal_rho1_n0_RW-BV0_fit_1,figure_scripts/kinetic_simulation/_fits_peptide_calibration_gamma_0,gamma=0 sweep,1,RW-BV,8,0,8.0,0.00609,0.078039,3.7546,figure_scripts/kinetic_simulation/_fits_peptide_calibration_gamma_0/ISO-Bimodal/split-R3/rho1/n0/data/Sweep-Methods/TeaA_ISO-Bimodal_rho1_n0/Benchmark/RW_bench/TeaA_ISO-Bimodal_rho1_n0_RW-BV0_fit_RW_bench_R3_k_sequence/train_TeaA_ISO-Bimodal_rho1_n0_RW-BV0_fit_1
ISO-Bimodal/split-R3/rho1/n0/data/Sweep-Methods/TeaA_ISO-Bimodal_rho1_n0/Benchmark/RW_bench/TeaA_ISO-Bimodal_rho1_n0_RW-BV0_fit_RW_bench_R3_k_sequence/train_TeaA_ISO-Bimodal_rho1_n0_RW-BV0_fit_1,figure_scripts/kinetic_simulation/_fits_peptide_calibration_gamma_0,gamma=0 sweep,1,RW-BV,6,0,6.0,0.006667,0.081652,2.67494,figure_scripts/kinetic_simulation/_fits_peptide_calibration_gamma_0/ISO-Bimodal/split-R3/rho1/n0/data/Sweep-Methods/TeaA_ISO-Bimodal_rho1_n0/Benchmark/RW_bench/TeaA_ISO-Bimodal_rho1_n0_RW-BV0_fit_RW_bench_R3_k_sequence/train_TeaA_ISO-Bimodal_rho1_n0_RW-BV0_fit_1
ISO-Bimodal/split-R3/rho1/n0/data/Sweep-Methods/TeaA_ISO-Bimodal_rho1_n0/Benchmark/RW_bench/TeaA_ISO-Bimodal_rho1_n0_RW-BV0_fit_RW_bench_R3_k_sequence/train_TeaA_ISO-Bimodal_rho1_n0_RW-BV0_fit_1,figure_scripts/kinetic_simulation/_fits_peptide_calibration_gamma_0,gamma=0 sweep,1,RW-BV,1,0,1.0,0.009764,0.098813,0.17368,figure_scripts/kinetic_simulation/_fits_peptide_calibration_gamma_0/ISO-Bimodal/split-R3/rho1/n0/data/Sweep-Methods/TeaA_ISO-Bimodal_rho1_n0/Benchmark/RW_bench/TeaA_ISO-Bimodal_rho1_n0_RW-BV0_fit_RW_bench_R3_k_sequence/train_TeaA_ISO-Bimodal_rho1_n0_RW-BV0_fit_1
ISO-Bimodal/split-R3/rho1/n0/data/Sweep-Methods/TeaA_ISO-Bimodal_rho1_n0/Benchmark/RW_bench/TeaA_ISO-Bimodal_rho1_n0_RW-BV0_fit_RW_bench_R3_k_sequence/train_TeaA_ISO-Bimodal_rho1_n0_RW-BV0_fit_1,figure_scripts/kinetic_simulation/_fits_peptide_calibration_gamma_0,gamma=0 sweep,1,RW-BV,7,0,7.0,0.006353,0.079704,3.22456,figure_scripts/kinetic_simulation/_fits_peptide_calibration_gamma_0/ISO-Bimodal/split-R3/rho1/n0/data/Sweep-Methods/TeaA_ISO-Bimodal_rho1_n0/Benchmark/RW_bench/TeaA_ISO-Bimodal_rho1_n0_RW-BV0_fit_RW_bench_R3_k_sequence/train_TeaA_ISO-Bimodal_rho1_n0_RW-BV0_fit_1
ISO-Bimodal/split-R3/rho1/n0/data/Sweep-Methods/TeaA_ISO-Bimodal_rho1_n0/Benchmark/RW_bench/TeaA_ISO-Bimodal_rho1_n0_RW-BV0_fit_RW_bench_R3_k_sequence/train_TeaA_ISO-Bimodal_rho1_n0_RW-BV0_fit_1,figure_scripts/kinetic_simulation/_fits_peptide_calibration_gamma_0,gamma=0 sweep,1,RW-BV,4,0,4.0,0.007507,0.086643,1.56002,figure_scripts/kinetic_simulation/_fits_peptide_calibration_gamma_0/ISO-Bimodal/split-R3/rho1/n0/data/Sweep-Methods/TeaA_ISO-Bimodal_rho1_n0/Benchmark/RW_bench/TeaA_ISO-Bimodal_rho1_n0_RW-BV0_fit_RW_bench_R3_k_sequence/train_TeaA_ISO-Bimodal_rho1_n0_RW-BV0_fit_1
ISO-Bimodal/split-R3/rho1/n0/data/Sweep-Methods/TeaA_ISO-Bimodal_rho1_n0/Benchmark/RW_bench/TeaA_ISO-Bimodal_rho1_n0_RW-BV0_fit_RW_bench_R3_k_sequence/train_TeaA_ISO-Bimodal_rho1_n0_RW-BV0_fit_1,figure_scripts/kinetic_simulation/_fits_peptide_calibration_gamma_0,gamma=0 sweep,1,RW-BV,2,0,2.0,0.0088,0.093808,0.55109,figure_scripts/kinetic_simulation/_fits_peptide_calibration_gamma_0/ISO-Bimodal/split-R3/rho1/n0/data/Sweep-Methods/TeaA_ISO-Bimodal_rho1_n0/Benchmark/RW_bench/TeaA_ISO-Bimodal_rho1_n0_RW-BV0_fit_RW_bench_R3_k_sequence/train_TeaA_ISO-Bimodal_rho1_n0_RW-BV0_fit_1
ISO-Bimodal/split-R3/rho1/n0/data/Sweep-Methods/TeaA_ISO-Bimodal_rho1_n0/Benchmark/RW_bench/TeaA_ISO-Bimodal_rho1_n0_RW-BV0_fit_RW_bench_R3_k_sequence/train_TeaA_ISO-Bimodal_rho1_n0_RW-BV0_fit_1,figure_scripts/kinetic_simulation/_fits_peptide_calibration_gamma_0,gamma=0 sweep,1,RW-BV,3,0,3.0,0.008077,0.089871,1.02896,figure_scripts/kinetic_simulation/_fits_peptide_calibration_gamma_0/ISO-Bimodal/split-R3/rho1/n0/data/Sweep-Methods/TeaA_ISO-Bimodal_rho1_n0/Benchmark/RW_bench/TeaA_ISO-Bimodal_rho1_n0_RW-BV0_fit_RW_bench_R3_k_sequence/train_TeaA_ISO-Bimodal_rho1_n0_RW-BV0_fit_1
ISO-Bimodal/split-R3/rho1/n0/data/Sweep-Methods/TeaA_ISO-Bimodal_rho1_n0/Benchmark/RW_bench/TeaA_ISO-Bimodal_rho1_n0_RW-BV0_fit_RW_bench_R3_k_sequence/train_TeaA_ISO-Bimodal_rho1_n0_RW-BV0_fit_1,figure_scripts/kinetic_simulation/_fits_peptide_calibration_gamma_0,gamma=0 sweep,1,RW-BV,5,0,5.0,0.007046,0.08394,2.11537,figure_scripts/kinetic_simulation/_fits_peptide_calibration_gamma_0/ISO-Bimodal/split-R3/rho1/n0/data/Sweep-Methods/TeaA_ISO-Bimodal_rho1_n0/Benchmark/RW_bench/TeaA_ISO-Bimodal_rho1_n0_RW-BV0_fit_RW_bench_R3_k_sequence/train_TeaA_ISO-Bimodal_rho1_n0_RW-BV0_fit_1
ISO-Bimodal/split-R3/rho1/n0/data/Sweep-Methods/TeaA_ISO-Bimodal_rho1_n0/Benchmark/RW_bench/TeaA_ISO-Bimodal_rho1_n0_RW-BV0_fit_RW_bench_R3_k_sequence/train_TeaA_ISO-Bimodal_rho1_n0_RW-BV0_fit_1,figure_scripts/kinetic_simulation/_fits_peptide_calibration_gamma_0,gamma=0 sweep,1,RW-BV,9,0,9.0,0.00587,0.076614,4.25903,figure_scripts/kinetic_simulation/_fits_peptide_calibration_gamma_0/ISO-Bimodal/split-R3/rho1/n0/data/Sweep-Methods/TeaA_ISO-Bimodal_rho1_n0/Benchmark/RW_bench/TeaA_ISO-Bimodal_rho1_n0_RW-BV0_fit_RW_bench_R3_k_sequence/train_TeaA_ISO-Bimodal_rho1_n0_RW-BV0_fit_1
ISO-Bimodal/split-R3/rho1/n0/data/Sweep-Methods/TeaA_ISO-Bimodal_rho1_n0/Benchmark/RW_bench/TeaA_ISO-Bimodal_rho1_n0_RW-BV0_fit_RW_bench_R3_k_sequence/train_TeaA_ISO-Bimodal_rho1_n0_RW-BV0_fit_3,figure_scripts/kinetic_simulation/_fits_peptide_calibration_gamma_0,gamma=0 sweep,1,RW-BV,8,0,8.0,0.005433,0.073709,4.15583,figure_scripts/kinetic_simulation/_fits_peptide_calibration_gamma_0/ISO-Bimodal/split-R3/rho1/n0/data/Sweep-Methods/TeaA_ISO-Bimodal_rho1_n0/Benchmark/RW_bench/TeaA_ISO-Bimodal_rho1_n0_RW-BV0_fit_RW_bench_R3_k_sequence/train_TeaA_ISO-Bimodal_rho1_n0_RW-BV0_fit_3
ISO-Bimodal/split-R3/rho1/n0/data/Sweep-Methods/TeaA_ISO-Bimodal_rho1_n0/Benchmark/RW_bench/TeaA_ISO-Bimodal_rho1_n0_RW-BV0_fit_RW_bench_R3_k_sequence/train_TeaA_ISO-Bimodal_rho1_n0_RW-BV0_fit_3,figure_scripts/kinetic_simulation/_fits_peptide_calibration_gamma_0,gamma=0 sweep,1,RW-BV,6,0,6.0,0.00602,0.077586,2.92336,figure_scripts/kinetic_simulation/_fits_peptide_calibration_gamma_0/ISO-Bimodal/split-R3/rho1/n0/data/Sweep-Methods/TeaA_ISO-Bimodal_rho1_n0/Benchmark/RW_bench/TeaA_ISO-Bimodal_rho1_n0_RW-BV0_fit_RW_bench_R3_k_sequence/train_TeaA_ISO-Bimodal_rho1_n0_RW-BV0_fit_3
ISO-Bimodal/split-R3/rho1/n0/data/Sweep-Methods/TeaA_ISO-Bimodal_rho1_n0/Benchmark/RW_bench/TeaA_ISO-Bimodal_rho1_n0_RW-BV0_fit_RW_bench_R3_k_sequence/train_TeaA_ISO-Bimodal_rho1_n0_RW-BV0_fit_3,figure_scripts/kinetic_simulation/_fits_peptide_calibration_gamma_0,gamma=0 sweep,1,RW-BV,1,0,1.0,0.008968,0.094698,0.13492,figure_scripts/kinetic_simulation/_fits_peptide_calibration_gamma_0/ISO-Bimodal/split-R3/rho1/n0/data/Sweep-Methods/TeaA_ISO-Bimodal_rho1_n0/Benchmark/RW_bench/TeaA_ISO-Bimodal_rho1_n0_RW-BV0_fit_RW_bench_R3_k_sequence/train_TeaA_ISO-Bimodal_rho1_n0_RW-BV0_fit_3
ISO-Bimodal/split-R3/rho1/n0/data/Sweep-Methods/TeaA_ISO-Bimodal_rho1_n0/Benchmark/RW_bench/TeaA_ISO-Bimodal_rho1_n0_RW-BV0_fit_RW_bench_R3_k_sequence/train_TeaA_ISO-Bimodal_rho1_n0_RW-BV0_fit_3,figure_scripts/kinetic_simulation/_fits_peptide_calibration_gamma_0,gamma=0 sweep,1,RW-BV,7,0,7.0,0.005695,0.075468,3.55918,figure_scripts/kinetic_simulation/_fits_peptide_calibration_gamma_0/ISO-Bimodal/split-R3/rho1/n0/data/Sweep-Methods/TeaA_ISO-Bimodal_rho1_n0/Benchmark/RW_bench/TeaA_ISO-Bimodal_rho1_n0_RW-BV0_fit_RW_bench_R3_k_sequence/train_TeaA_ISO-Bimodal_rho1_n0_RW-BV0_fit_3
ISO-Bimodal/split-R3/rho1/n0/data/Sweep-Methods/TeaA_ISO-Bimodal_rho1_n0/Benchmark/RW_bench/TeaA_ISO-Bimodal_rho1_n0_RW-BV0_fit_RW_bench_R3_k_sequence/train_TeaA_ISO-Bimodal_rho1_n0_RW-BV0_fit_3,figure_scripts/kinetic_simulation/_fits_peptide_calibration_gamma_0,gamma=0 sweep,1,RW-BV,4,0,4.0,0.00691,0.083125,1.60385,figure_scripts/kinetic_simulation/_fits_peptide_calibration_gamma_0/ISO-Bimodal/split-R3/rho1/n0/data/Sweep-Methods/TeaA_ISO-Bimodal_rho1_n0/Benchmark/RW_bench/TeaA_ISO-Bimodal_rho1_n0_RW-BV0_fit_RW_bench_R3_k_sequence/train_TeaA_ISO-Bimodal_rho1_n0_RW-BV0_fit_3
ISO-Bimodal/split-R3/rho1/n0/data/Sweep-Methods/TeaA_ISO-Bimodal_rho1_n0/Benchmark/RW_bench/TeaA_ISO-Bimodal_rho1_n0_RW-BV0_fit_RW_bench_R3_k_sequence/train_TeaA_ISO-Bimodal_rho1_n0_RW-BV0_fit_3,figure_scripts/kinetic_simulation/_fits_peptide_calibration_gamma_0,gamma=0 sweep,1,RW-BV,2,0,2.0,0.00818,0.090445,0.48445,figure_scripts/kinetic_simulation/_fits_peptide_calibration_gamma_0/ISO-Bimodal/split-R3/rho1/n0/data/Sweep-Methods/TeaA_ISO-Bimodal_rho1_n0/Benchmark/RW_bench/TeaA_ISO-Bimodal_rho1_n0_RW-BV0_fit_RW_bench_R3_k_sequence/train_TeaA_ISO-Bimodal_rho1_n0_RW-BV0_fit_3
ISO-Bimodal/split-R3/rho1/n0/data/Sweep-Methods/TeaA_ISO-Bimodal_rho1_n0/Benchmark/RW_bench/TeaA_ISO-Bimodal_rho1_n0_RW-BV0_fit_RW_bench_R3_k_sequence/train_TeaA_ISO-Bimodal_rho1_n0_RW-BV0_fit_3,figure_scripts/kinetic_simulation/_fits_peptide_calibration_gamma_0,gamma=0 sweep,1,RW-BV,3,0,3.0,0.007497,0.086585,0.99192,figure_scripts/kinetic_simulation/_fits_peptide_calibration_gamma_0/ISO-Bimodal/split-R3/rho1/n0/data/Sweep-Methods/TeaA_ISO-Bimodal_rho1_n0/Benchmark/RW_bench/TeaA_ISO-Bimodal_rho1_n0_RW-BV0_fit_RW_bench_R3_k_sequence/train_TeaA_ISO-Bimodal_rho1_n0_RW-BV0_fit_3
ISO-Bimodal/split-R3/rho1/n0/data/Sweep-Methods/TeaA_ISO-Bimodal_rho1_n0/Benchmark/RW_bench/TeaA_ISO-Bimodal_rho1_n0_RW-BV0_fit_RW_bench_R3_k_sequence/train_TeaA_ISO-Bimodal_rho1_n0_RW-BV0_fit_3,figure_scripts/kinetic_simulation/_fits_peptide_calibration_gamma_0,gamma=0 sweep,1,RW-BV,5,0,5.0,0.00642,0.080124,2.26261,figure_scripts/kinetic_simulation/_fits_peptide_calibration_gamma_0/ISO-Bimodal/split-R3/rho1/n0/data/Sweep-Methods/TeaA_ISO-Bimodal_rho1_n0/Benchmark/RW_bench/TeaA_ISO-Bimodal_rho1_n0_RW-BV0_fit_RW_bench_R3_k_sequence/train_TeaA_ISO-Bimodal_rho1_n0_RW-BV0_fit_3
ISO-Bimodal/split-R3/rho1/n0/data/Sweep-Methods/TeaA_ISO-Bimodal_rho1_n0/Benchmark/RW_bench/TeaA_ISO-Bimodal_rho1_n0_RW-BV0_fit_RW_bench_R3_k_sequence/train_TeaA_ISO-Bimodal_rho1_n0_RW-BV0_fit_3,figure_scripts/kinetic_simulation/_fits_peptide_calibration_gamma_0,gamma=0 sweep,1,RW-BV,9,0,9.0,0.00522,0.072252,4.70682,figure_scripts/kinetic_simulation/_fits_peptide_calibration_gamma_0/ISO-Bimodal/split-R3/rho1/n0/data/Sweep-Methods/TeaA_ISO-Bimodal_rho1_n0/Benchmark/RW_bench/TeaA_ISO-Bimodal_rho1_n0_RW-BV0_fit_RW_bench_R3_k_sequence/train_TeaA_ISO-Bimodal_rho1_n0_RW-BV0_fit_3
ISO-Bimodal/split-R3/rho1/n0/data/Sweep-Methods/TeaA_ISO-Bimodal_rho1_n0/Benchmark/RW_bench/TeaA_ISO-Bimodal_rho1_n0_RW-Only0_fit_RW_bench_R3_k_sequence/train_TeaA_ISO-Bimodal_rho1_n0_RW-Only0_fit_3,figure_scripts/kinetic_simulation/_fits_peptide_calibration_gamma_0,gamma=0 sweep,1,RW-Only,8,0,8.0,0.005433,0.073709,4.15583,figure_scripts/kinetic_simulation/_fits_peptide_calibration_gamma_0/ISO-Bimodal/split-R3/rho1/n0/data/Sweep-Methods/TeaA_ISO-Bimodal_rho1_n0/Benchmark/RW_bench/TeaA_ISO-Bimodal_rho1_n0_RW-Only0_fit_RW_bench_R3_k_sequence/train_TeaA_ISO-Bimodal_rho1_n0_RW-Only0_fit_3
ISO-Bimodal/split-R3/rho1/n0/data/Sweep-Methods/TeaA_ISO-Bimodal_rho1_n0/Benchmark/RW_bench/TeaA_ISO-Bimodal_rho1_n0_RW-Only0_fit_RW_bench_R3_k_sequence/train_TeaA_ISO-Bimodal_rho1_n0_RW-Only0_fit_3,figure_scripts/kinetic_simulation/_fits_peptide_calibration_gamma_0,gamma=0 sweep,1,RW-Only,6,0,6.0,0.00602,0.077586,2.92336,figure_scripts/kinetic_simulation/_fits_peptide_calibration_gamma_0/ISO-Bimodal/split-R3/rho1/n0/data/Sweep-Methods/TeaA_ISO-Bimodal_rho1_n0/Benchmark/RW_bench/TeaA_ISO-Bimodal_rho1_n0_RW-Only0_fit_RW_bench_R3_k_sequence/train_TeaA_ISO-Bimodal_rho1_n0_RW-Only0_fit_3
ISO-Bimodal/split-R3/rho1/n0/data/Sweep-Methods/TeaA_ISO-Bimodal_rho1_n0/Benchmark/RW_bench/TeaA_ISO-Bimodal_rho1_n0_RW-Only0_fit_RW_bench_R3_k_sequence/train_TeaA_ISO-Bimodal_rho1_n0_RW-Only0_fit_3,figure_scripts/kinetic_simulation/_fits_peptide_calibration_gamma_0,gamma=0 sweep,1,RW-Only,1,0,1.0,0.008968,0.094698,0.13492,figure_scripts/kinetic_simulation/_fits_peptide_calibration_gamma_0/ISO-Bimodal/split-R3/rho1/n0/data/Sweep-Methods/TeaA_ISO-Bimodal_rho1_n0/Benchmark/RW_bench/TeaA_ISO-Bimodal_rho1_n0_RW-Only0_fit_RW_bench_R3_k_sequence/train_TeaA_ISO-Bimodal_rho1_n0_RW-Only0_fit_3
ISO-Bimodal/split-R3/rho1/n0/data/Sweep-Methods/TeaA_ISO-Bimodal_rho1_n0/Benchmark/RW_bench/TeaA_ISO-Bimodal_rho1_n0_RW-Only0_fit_RW_bench_R3_k_sequence/train_TeaA_ISO-Bimodal_rho1_n0_RW-Only0_fit_3,figure_scripts/kinetic_simulation/_fits_peptide_calibration_gamma_0,gamma=0 sweep,1,RW-Only,7,0,7.0,0.005695,0.075468,3.55918,figure_scripts/kinetic_simulation/_fits_peptide_calibration_gamma_0/ISO-Bimodal/split-R3/rho1/n0/data/Sweep-Methods/TeaA_ISO-Bimodal_rho1_n0/Benchmark/RW_bench/TeaA_ISO-Bimodal_rho1_n0_RW-Only0_fit_RW_bench_R3_k_sequence/train_TeaA_ISO-Bimodal_rho1_n0_RW-Only0_fit_3
ISO-Bimodal/split-R3/rho1/n0/data/Sweep-Methods/TeaA_ISO-Bimodal_rho1_n0/Benchmark/RW_bench/TeaA_ISO-Bimodal_rho1_n0_RW-Only0_fit_RW_bench_R3_k_sequence/train_TeaA_ISO-Bimodal_rho1_n0_RW-Only0_fit_3,figure_scripts/kinetic_simulation/_fits_peptide_calibration_gamma_0,gamma=0 sweep,1,RW-Only,4,0,4.0,0.00691,0.083125,1.60385,figure_scripts/kinetic_simulation/_fits_peptide_calibration_gamma_0/ISO-Bimodal/split-R3/rho1/n0/data/Sweep-Methods/TeaA_ISO-Bimodal_rho1_n0/Benchmark/RW_bench/TeaA_ISO-Bimodal_rho1_n0_RW-Only0_fit_RW_bench_R3_k_sequence/train_TeaA_ISO-Bimodal_rho1_n0_RW-Only0_fit_3
ISO-Bimodal/split-R3/rho1/n0/data/Sweep-Methods/TeaA_ISO-Bimodal_rho1_n0/Benchmark/RW_bench/TeaA_ISO-Bimodal_rho1_n0_RW-Only0_fit_RW_bench_R3_k_sequence/train_TeaA_ISO-Bimodal_rho1_n0_RW-Only0_fit_3,figure_scripts/kinetic_simulation/_fits_peptide_calibration_gamma_0,gamma=0 sweep,1,RW-Only,2,0,2.0,0.00818,0.090445,0.48445,figure_scripts/kinetic_simulation/_fits_peptide_calibration_gamma_0/ISO-Bimodal/split-R3/rho1/n0/data/Sweep-Methods/TeaA_ISO-Bimodal_rho1_n0/Benchmark/RW_bench/TeaA_ISO-Bimodal_rho1_n0_RW-Only0_fit_RW_bench_R3_k_sequence/train_TeaA_ISO-Bimodal_rho1_n0_RW-Only0_fit_3
ISO-Bimodal/split-R3/rho1/n0/data/Sweep-Methods/TeaA_ISO-Bimodal_rho1_n0/Benchmark/RW_bench/TeaA_ISO-Bimodal_rho1_n0_RW-Only0_fit_RW_bench_R3_k_sequence/train_TeaA_ISO-Bimodal_rho1_n0_RW-Only0_fit_3,figure_scripts/kinetic_simulation/_fits_peptide_calibration_gamma_0,gamma=0 sweep,1,RW-Only,3,0,3.0,0.007497,0.086585,0.99192,figure_scripts/kinetic_simulation/_fits_peptide_calibration_gamma_0/ISO-Bimodal/split-R3/rho1/n0/data/Sweep-Methods/TeaA_ISO-Bimodal_rho1_n0/Benchmark/RW_bench/TeaA_ISO-Bimodal_rho1_n0_RW-Only0_fit_RW_bench_R3_k_sequence/train_TeaA_ISO-Bimodal_rho1_n0_RW-Only0_fit_3
ISO-Bimodal/split-R3/rho1/n0/data/Sweep-Methods/TeaA_ISO-Bimodal_rho1_n0/Benchmark/RW_bench/TeaA_ISO-Bimodal_rho1_n0_RW-Only0_fit_RW_bench_R3_k_sequence/train_TeaA_ISO-Bimodal_rho1_n0_RW-Only0_fit_3,figure_scripts/kinetic_simulation/_fits_peptide_calibration_gamma_0,gamma=0 sweep,1,RW-Only,5,0,5.0,0.00642,0.080124,2.26261,figure_scripts/kinetic_simulation/_fits_peptide_calibration_gamma_0/ISO-Bimodal/split-R3/rho1/n0/data/Sweep-Methods/TeaA_ISO-Bimodal_rho1_n0/Benchmark/RW_bench/TeaA_ISO-Bimodal_rho1_n0_RW-Only0_fit_RW_bench_R3_k_sequence/train_TeaA_ISO-Bimodal_rho1_n0_RW-Only0_fit_3
ISO-Bimodal/split-R3/rho1/n0/data/Sweep-Methods/TeaA_ISO-Bimodal_rho1_n0/Benchmark/RW_bench/TeaA_ISO-Bimodal_rho1_n0_RW-Only0_fit_RW_bench_R3_k_sequence/train_TeaA_ISO-Bimodal_rho1_n0_RW-Only0_fit_3,figure_scripts/kinetic_simulation/_fits_peptide_calibration_gamma_0,gamma=0 sweep,1,RW-Only,9,0,9.0,0.00522,0.072252,4.70682,figure_scripts/kinetic_simulation/_fits_peptide_calibration_gamma_0/ISO-Bimodal/split-R3/rho1/n0/data/Sweep-Methods/TeaA_ISO-Bimodal_rho1_n0/Benchmark/RW_bench/TeaA_ISO-Bimodal_rho1_n0_RW-Only0_fit_RW_bench_R3_k_sequence/train_TeaA_ISO-Bimodal_rho1_n0_RW-Only0_fit_3
ISO-Bimodal/split-R3/rho1/n0/data/Sweep-Methods/TeaA_ISO-Bimodal_rho1_n0/Benchmark/RW_bench/TeaA_ISO-Bimodal_rho1_n0_RW-Only0_fit_RW_bench_R3_k_sequence/train_TeaA_ISO-Bimodal_rho1_n0_RW-Only0_fit_2,figure_scripts/kinetic_simulation/_fits_peptide_calibration_gamma_0,gamma=0 sweep,1,RW-Only,8,0,8.0,0.007415,0.08611,3.72709,figure_scripts/kinetic_simulation/_fits_peptide_calibration_gamma_0/ISO-Bimodal/split-R3/rho1/n0/data/Sweep-Methods/TeaA_ISO-Bimodal_rho1_n0/Benchmark/RW_bench/TeaA_ISO-Bimodal_rho1_n0_RW-Only0_fit_RW_bench_R3_k_sequence/train_TeaA_ISO-Bimodal_rho1_n0_RW-Only0_fit_2
ISO-Bimodal/split-R3/rho1/n0/data/Sweep-Methods/TeaA_ISO-Bimodal_rho1_n0/Benchmark/RW_bench/TeaA_ISO-Bimodal_rho1_n0_RW-Only0_fit_RW_bench_R3_k_sequence/train_TeaA_ISO-Bimodal_rho1_n0_RW-Only0_fit_2,figure_scripts/kinetic_simulation/_fits_peptide_calibration_gamma_0,gamma=0 sweep,1,RW-Only,6,0,6.0,0.008073,0.089849,2.53444,figure_scripts/kinetic_simulation/_fits_peptide_calibration_gamma_0/ISO-Bimodal/split-R3/rho1/n0/data/Sweep-Methods/TeaA_ISO-Bimodal_rho1_n0/Benchmark/RW_bench/TeaA_ISO-Bimodal_rho1_n0_RW-Only0_fit_RW_bench_R3_k_sequence/train_TeaA_ISO-Bimodal_rho1_n0_RW-Only0_fit_2
ISO-Bimodal/split-R3/rho1/n0/data/Sweep-Methods/TeaA_ISO-Bimodal_rho1_n0/Benchmark/RW_bench/TeaA_ISO-Bimodal_rho1_n0_RW-Only0_fit_RW_bench_R3_k_sequence/train_TeaA_ISO-Bimodal_rho1_n0_RW-Only0_fit_2,figure_scripts/kinetic_simulation/_fits_peptide_calibration_gamma_0,gamma=0 sweep,1,RW-Only,1,0,1.0,0.010935,0.10457,0.10507,figure_scripts/kinetic_simulation/_fits_peptide_calibration_gamma_0/ISO-Bimodal/split-R3/rho1/n0/data/Sweep-Methods/TeaA_ISO-Bimodal_rho1_n0/Benchmark/RW_bench/TeaA_ISO-Bimodal_rho1_n0_RW-Only0_fit_RW_bench_R3_k_sequence/train_TeaA_ISO-Bimodal_rho1_n0_RW-Only0_fit_2
ISO-Bimodal/split-R3/rho1/n0/data/Sweep-Methods/TeaA_ISO-Bimodal_rho1_n0/Benchmark/RW_bench/TeaA_ISO-Bimodal_rho1_n0_RW-Only0_fit_RW_bench_R3_k_sequence/train_TeaA_ISO-Bimodal_rho1_n0_RW-Only0_fit_2,figure_scripts/kinetic_simulation/_fits_peptide_calibration_gamma_0,gamma=0 sweep,1,RW-Only,7,0,7.0,0.007712,0.087818,3.14729,figure_scripts/kinetic_simulation/_fits_peptide_calibration_gamma_0/ISO-Bimodal/split-R3/rho1/n0/data/Sweep-Methods/TeaA_ISO-Bimodal_rho1_n0/Benchmark/RW_bench/TeaA_ISO-Bimodal_rho1_n0_RW-Only0_fit_RW_bench_R3_k_sequence/train_TeaA_ISO-Bimodal_rho1_n0_RW-Only0_fit_2
ISO-Bimodal/split-R3/rho1/n0/data/Sweep-Methods/TeaA_ISO-Bimodal_rho1_n0/Benchmark/RW_bench/TeaA_ISO-Bimodal_rho1_n0_RW-Only0_fit_RW_bench_R3_k_sequence/train_TeaA_ISO-Bimodal_rho1_n0_RW-Only0_fit_2,figure_scripts/kinetic_simulation/_fits_peptide_calibration_gamma_0,gamma=0 sweep,1,RW-Only,4,0,4.0,0.009011,0.094926,1.3181,figure_scripts/kinetic_simulation/_fits_peptide_calibration_gamma_0/ISO-Bimodal/split-R3/rho1/n0/data/Sweep-Methods/TeaA_ISO-Bimodal_rho1_n0/Benchmark/RW_bench/TeaA_ISO-Bimodal_rho1_n0_RW-Only0_fit_RW_bench_R3_k_sequence/train_TeaA_ISO-Bimodal_rho1_n0_RW-Only0_fit_2
ISO-Bimodal/split-R3/rho1/n0/data/Sweep-Methods/TeaA_ISO-Bimodal_rho1_n0/Benchmark/RW_bench/TeaA_ISO-Bimodal_rho1_n0_RW-Only0_fit_RW_bench_R3_k_sequence/train_TeaA_ISO-Bimodal_rho1_n0_RW-Only0_fit_2,figure_scripts/kinetic_simulation/_fits_peptide_calibration_gamma_0,gamma=0 sweep,1,RW-Only,2,0,2.0,0.01022,0.101093,0.38412,figure_scripts/kinetic_simulation/_fits_peptide_calibration_gamma_0/ISO-Bimodal/split-R3/rho1/n0/data/Sweep-Methods/TeaA_ISO-Bimodal_rho1_n0/Benchmark/RW_bench/TeaA_ISO-Bimodal_rho1_n0_RW-Only0_fit_RW_bench_R3_k_sequence/train_TeaA_ISO-Bimodal_rho1_n0_RW-Only0_fit_2
ISO-Bimodal/split-R3/rho1/n0/data/Sweep-Methods/TeaA_ISO-Bimodal_rho1_n0/Benchmark/RW_bench/TeaA_ISO-Bimodal_rho1_n0_RW-Only0_fit_RW_bench_R3_k_sequence/train_TeaA_ISO-Bimodal_rho1_n0_RW-Only0_fit_2,figure_scripts/kinetic_simulation/_fits_peptide_calibration_gamma_0,gamma=0 sweep,1,RW-Only,3,0,3.0,0.009582,0.097888,0.7982,figure_scripts/kinetic_simulation/_fits_peptide_calibration_gamma_0/ISO-Bimodal/split-R3/rho1/n0/data/Sweep-Methods/TeaA_ISO-Bimodal_rho1_n0/Benchmark/RW_bench/TeaA_ISO-Bimodal_rho1_n0_RW-Only0_fit_RW_bench_R3_k_sequence/train_TeaA_ISO-Bimodal_rho1_n0_RW-Only0_fit_2
ISO-Bimodal/split-R3/rho1/n0/data/Sweep-Methods/TeaA_ISO-Bimodal_rho1_n0/Benchmark/RW_bench/TeaA_ISO-Bimodal_rho1_n0_RW-Only0_fit_RW_bench_R3_k_sequence/train_TeaA_ISO-Bimodal_rho1_n0_RW-Only0_fit_2,figure_scripts/kinetic_simulation/_fits_peptide_calibration_gamma_0,gamma=0 sweep,1,RW-Only,5,0,5.0,0.008506,0.092229,1.91116,figure_scripts/kinetic_simulation/_fits_peptide_calibration_gamma_0/ISO-Bimodal/split-R3/rho1/n0/data/Sweep-Methods/TeaA_ISO-Bimodal_rho1_n0/Benchmark/RW_bench/TeaA_ISO-Bimodal_rho1_n0_RW-Only0_fit_RW_bench_R3_k_sequence/train_TeaA_ISO-Bimodal_rho1_n0_RW-Only0_fit_2
ISO-Bimodal/split-R3/rho1/n0/data/Sweep-Methods/TeaA_ISO-Bimodal_rho1_n0/Benchmark/RW_bench/TeaA_ISO-Bimodal_rho1_n0_RW-Only0_fit_RW_bench_R3_k_sequence/train_TeaA_ISO-Bimodal_rho1_n0_RW-Only0_fit_2,figure_scripts/kinetic_simulation/_fits_peptide_calibration_gamma_0,gamma=0 sweep,1,RW-Only,9,0,9.0,0.00717,0.084675,4.26636,figure_scripts/kinetic_simulation/_fits_peptide_calibration_gamma_0/ISO-Bimodal/split-R3/rho1/n0/data/Sweep-Methods/TeaA_ISO-Bimodal_rho1_n0/Benchmark/RW_bench/TeaA_ISO-Bimodal_rho1_n0_RW-Only0_fit_RW_bench_R3_k_sequence/train_TeaA_ISO-Bimodal_rho1_n0_RW-Only0_fit_2
ISO-Bimodal/split-R3/rho1/n0/data/Sweep-Methods/TeaA_ISO-Bimodal_rho1_n0/Benchmark/RW_bench/TeaA_ISO-Bimodal_rho1_n0_RW-Only0_fit_RW_bench_R3_k_sequence/train_TeaA_ISO-Bimodal_rho1_n0_RW-Only0_fit_1,figure_scripts/kinetic_simulation/_fits_peptide_calibration_gamma_0,gamma=0 sweep,1,RW-Only,8,0,8.0,0.00609,0.078039,3.7546,figure_scripts/kinetic_simulation/_fits_peptide_calibration_gamma_0/ISO-Bimodal/split-R3/rho1/n0/data/Sweep-Methods/TeaA_ISO-Bimodal_rho1_n0/Benchmark/RW_bench/TeaA_ISO-Bimodal_rho1_n0_RW-Only0_fit_RW_bench_R3_k_sequence/train_TeaA_ISO-Bimodal_rho1_n0_RW-Only0_fit_1
ISO-Bimodal/split-R3/rho1/n0/data/Sweep-Methods/TeaA_ISO-Bimodal_rho1_n0/Benchmark/RW_bench/TeaA_ISO-Bimodal_rho1_n0_RW-Only0_fit_RW_bench_R3_k_sequence/train_TeaA_ISO-Bimodal_rho1_n0_RW-Only0_fit_1,figure_scripts/kinetic_simulation/_fits_peptide_calibration_gamma_0,gamma=0 sweep,1,RW-Only,6,0,6.0,0.006667,0.081652,2.67494,figure_scripts/kinetic_simulation/_fits_peptide_calibration_gamma_0/ISO-Bimodal/split-R3/rho1/n0/data/Sweep-Methods/TeaA_ISO-Bimodal_rho1_n0/Benchmark/RW_bench/TeaA_ISO-Bimodal_rho1_n0_RW-Only0_fit_RW_bench_R3_k_sequence/train_TeaA_ISO-Bimodal_rho1_n0_RW-Only0_fit_1
ISO-Bimodal/split-R3/rho1/n0/data/Sweep-Methods/TeaA_ISO-Bimodal_rho1_n0/Benchmark/RW_bench/TeaA_ISO-Bimodal_rho1_n0_RW-Only0_fit_RW_bench_R3_k_sequence/train_TeaA_ISO-Bimodal_rho1_n0_RW-Only0_fit_1,figure_scripts/kinetic_simulation/_fits_peptide_calibration_gamma_0,gamma=0 sweep,1,RW-Only,1,0,1.0,0.009764,0.098813,0.17368,figure_scripts/kinetic_simulation/_fits_peptide_calibration_gamma_0/ISO-Bimodal/split-R3/rho1/n0/data/Sweep-Methods/TeaA_ISO-Bimodal_rho1_n0/Benchmark/RW_bench/TeaA_ISO-Bimodal_rho1_n0_RW-Only0_fit_RW_bench_R3_k_sequence/train_TeaA_ISO-Bimodal_rho1_n0_RW-Only0_fit_1
ISO-Bimodal/split-R3/rho1/n0/data/Sweep-Methods/TeaA_ISO-Bimodal_rho1_n0/Benchmark/RW_bench/TeaA_ISO-Bimodal_rho1_n0_RW-Only0_fit_RW_bench_R3_k_sequence/train_TeaA_ISO-Bimodal_rho1_n0_RW-Only0_fit_1,figure_scripts/kinetic_simulation/_fits_peptide_calibration_gamma_0,gamma=0 sweep,1,RW-Only,7,0,7.0,0.006353,0.079704,3.22456,figure_scripts/kinetic_simulation/_fits_peptide_calibration_gamma_0/ISO-Bimodal/split-R3/rho1/n0/data/Sweep-Methods/TeaA_ISO-Bimodal_rho1_n0/Benchmark/RW_bench/TeaA_ISO-Bimodal_rho1_n0_RW-Only0_fit_RW_bench_R3_k_sequence/train_TeaA_ISO-Bimodal_rho1_n0_RW-Only0_fit_1
ISO-Bimodal/split-R3/rho1/n0/data/Sweep-Methods/TeaA_ISO-Bimodal_rho1_n0/Benchmark/RW_bench/TeaA_ISO-Bimodal_rho1_n0_RW-Only0_fit_RW_bench_R3_k_sequence/train_TeaA_ISO-Bimodal_rho1_n0_RW-Only0_fit_1,figure_scripts/kinetic_simulation/_fits_peptide_calibration_gamma_0,gamma=0 sweep,1,RW-Only,4,0,4.0,0.007507,0.086643,1.56002,figure_scripts/kinetic_simulation/_fits_peptide_calibration_gamma_0/ISO-Bimodal/split-R3/rho1/n0/data/Sweep-Methods/TeaA_ISO-Bimodal_rho1_n0/Benchmark/RW_bench/TeaA_ISO-Bimodal_rho1_n0_RW-Only0_fit_RW_bench_R3_k_sequence/train_TeaA_ISO-Bimodal_rho1_n0_RW-Only0_fit_1
ISO-Bimodal/split-R3/rho1/n0/data/Sweep-Methods/TeaA_ISO-Bimodal_rho1_n0/Benchmark/RW_bench/TeaA_ISO-Bimodal_rho1_n0_RW-Only0_fit_RW_bench_R3_k_sequence/train_TeaA_ISO-Bimodal_rho1_n0_RW-Only0_fit_1,figure_scripts/kinetic_simulation/_fits_peptide_calibration_gamma_0,gamma=0 sweep,1,RW-Only,2,0,2.0,0.0088,0.093808,0.55109,figure_scripts/kinetic_simulation/_fits_peptide_calibration_gamma_0/ISO-Bimodal/split-R3/rho1/n0/data/Sweep-Methods/TeaA_ISO-Bimodal_rho1_n0/Benchmark/RW_bench/TeaA_ISO-Bimodal_rho1_n0_RW-Only0_fit_RW_bench_R3_k_sequence/train_TeaA_ISO-Bimodal_rho1_n0_RW-Only0_fit_1
ISO-Bimodal/split-R3/rho1/n0/data/Sweep-Methods/TeaA_ISO-Bimodal_rho1_n0/Benchmark/RW_bench/TeaA_ISO-Bimodal_rho1_n0_RW-Only0_fit_RW_bench_R3_k_sequence/train_TeaA_ISO-Bimodal_rho1_n0_RW-Only0_fit_1,figure_scripts/kinetic_simulation/_fits_peptide_calibration_gamma_0,gamma=0 sweep,1,RW-Only,3,0,3.0,0.008077,0.089871,1.02896,figure_scripts/kinetic_simulation/_fits_peptide_calibration_gamma_0/ISO-Bimodal/split-R3/rho1/n0/data/Sweep-Methods/TeaA_ISO-Bimodal_rho1_n0/Benchmark/RW_bench/TeaA_ISO-Bimodal_rho1_n0_RW-Only0_fit_RW_bench_R3_k_sequence/train_TeaA_ISO-Bimodal_rho1_n0_RW-Only0_fit_1
ISO-Bimodal/split-R3/rho1/n0/data/Sweep-Methods/TeaA_ISO-Bimodal_rho1_n0/Benchmark/RW_bench/TeaA_ISO-Bimodal_rho1_n0_RW-Only0_fit_RW_bench_R3_k_sequence/train_TeaA_ISO-Bimodal_rho1_n0_RW-Only0_fit_1,figure_scripts/kinetic_simulation/_fits_peptide_calibration_gamma_0,gamma=0 sweep,1,RW-Only,5,0,5.0,0.007046,0.08394,2.11537,figure_scripts/kinetic_simulation/_fits_peptide_calibration_gamma_0/ISO-Bimodal/split-R3/rho1/n0/data/Sweep-Methods/TeaA_ISO-Bimodal_rho1_n0/Benchmark/RW_bench/TeaA_ISO-Bimodal_rho1_n0_RW-Only0_fit_RW_bench_R3_k_sequence/train_TeaA_ISO-Bimodal_rho1_n0_RW-Only0_fit_1
ISO-Bimodal/split-R3/rho1/n0/data/Sweep-Methods/TeaA_ISO-Bimodal_rho1_n0/Benchmark/RW_bench/TeaA_ISO-Bimodal_rho1_n0_RW-Only0_fit_RW_bench_R3_k_sequence/train_TeaA_ISO-Bimodal_rho1_n0_RW-Only0_fit_1,figure_scripts/kinetic_simulation/_fits_peptide_calibration_gamma_0,gamma=0 sweep,1,RW-Only,9,0,9.0,0.00587,0.076614,4.25903,figure_scripts/kinetic_simulation/_fits_peptide_calibration_gamma_0/ISO-Bimodal/split-R3/rho1/n0/data/Sweep-Methods/TeaA_ISO-Bimodal_rho1_n0/Benchmark/RW_bench/TeaA_ISO-Bimodal_rho1_n0_RW-Only0_fit_RW_bench_R3_k_sequence/train_TeaA_ISO-Bimodal_rho1_n0_RW-Only0_fit_1
ISO-Bimodal/split-R3/rho1/n0/data/Sweep-Methods/TeaA_ISO-Bimodal_rho1_n0/Benchmark/BV_bench/TeaA_ISO-Bimodal_rho1_n0_RW-BV1_fit_BV_bench_R3_k_sequence/train_TeaA_ISO-Bimodal_rho1_n0_RW-BV1_fit_1,figure_scripts/kinetic_simulation/_fits_peptide_calibration_gamma_0,gamma=0 sweep,1,RW-BV,3,0,3.0,0.001761,0.041969,0.0,figure_scripts/kinetic_simulation/_fits_peptide_calibration_gamma_0/ISO-Bimodal/split-R3/rho1/n0/data/Sweep-Methods/TeaA_ISO-Bimodal_rho1_n0/Benchmark/BV_bench/TeaA_ISO-Bimodal_rho1_n0_RW-BV1_fit_BV_bench_R3_k_sequence/train_TeaA_ISO-Bimodal_rho1_n0_RW-BV1_fit_1
ISO-Bimodal/split-R3/rho1/n0/data/Sweep-Methods/TeaA_ISO-Bimodal_rho1_n0/Benchmark/BV_bench/TeaA_ISO-Bimodal_rho1_n0_RW-BV1_fit_BV_bench_R3_k_sequence/train_TeaA_ISO-Bimodal_rho1_n0_RW-BV1_fit_2,figure_scripts/kinetic_simulation/_fits_peptide_calibration_gamma_0,gamma=0 sweep,1,RW-BV,3,0,3.0,0.002756,0.052499,0.0,figure_scripts/kinetic_simulation/_fits_peptide_calibration_gamma_0/ISO-Bimodal/split-R3/rho1/n0/data/Sweep-Methods/TeaA_ISO-Bimodal_rho1_n0/Benchmark/BV_bench/TeaA_ISO-Bimodal_rho1_n0_RW-BV1_fit_BV_bench_R3_k_sequence/train_TeaA_ISO-Bimodal_rho1_n0_RW-BV1_fit_2
ISO-Bimodal/split-R3/rho1/n0/data/Sweep-Methods/TeaA_ISO-Bimodal_rho1_n0/Benchmark/BV_bench/TeaA_ISO-Bimodal_rho1_n0_RW-BV1_fit_BV_bench_R3_k_sequence/train_TeaA_ISO-Bimodal_rho1_n0_RW-BV1_fit_3,figure_scripts/kinetic_simulation/_fits_peptide_calibration_gamma_0,gamma=0 sweep,1,RW-BV,3,0,3.0,0.002242,0.047346,0.0,figure_scripts/kinetic_simulation/_fits_peptide_calibration_gamma_0/ISO-Bimodal/split-R3/rho1/n0/data/Sweep-Methods/TeaA_ISO-Bimodal_rho1_n0/Benchmark/BV_bench/TeaA_ISO-Bimodal_rho1_n0_RW-BV1_fit_BV_bench_R3_k_sequence/train_TeaA_ISO-Bimodal_rho1_n0_RW-BV1_fit_3
ISO-Bimodal/split-R3/rho1/n0/data/Sweep-Methods/TeaA_ISO-Bimodal_rho1_n0/Benchmark/BV_bench/TeaA_ISO-Bimodal_rho1_n0_BV-RW0_fit_BV_bench_R3_k_sequence/train_TeaA_ISO-Bimodal_rho1_n0_BV-RW0_fit_1,figure_scripts/kinetic_simulation/_fits_peptide_calibration_gamma_0,gamma=0 sweep,1,BV-RW,3,0,3.0,0.001825,0.042716,0.0,figure_scripts/kinetic_simulation/_fits_peptide_calibration_gamma_0/ISO-Bimodal/split-R3/rho1/n0/data/Sweep-Methods/TeaA_ISO-Bimodal_rho1_n0/Benchmark/BV_bench/TeaA_ISO-Bimodal_rho1_n0_BV-RW0_fit_BV_bench_R3_k_sequence/train_TeaA_ISO-Bimodal_rho1_n0_BV-RW0_fit_1
ISO-Bimodal/split-R3/rho1/n0/data/Sweep-Methods/TeaA_ISO-Bimodal_rho1_n0/Benchmark/BV_bench/TeaA_ISO-Bimodal_rho1_n0_BV-RW0_fit_BV_bench_R3_k_sequence/train_TeaA_ISO-Bimodal_rho1_n0_BV-RW0_fit_2,figure_scripts/kinetic_simulation/_fits_peptide_calibration_gamma_0,gamma=0 sweep,1,BV-RW,3,0,3.0,0.002803,0.052946,0.0,figure_scripts/kinetic_simulation/_fits_peptide_calibration_gamma_0/ISO-Bimodal/split-R3/rho1/n0/data/Sweep-Methods/TeaA_ISO-Bimodal_rho1_n0/Benchmark/BV_bench/TeaA_ISO-Bimodal_rho1_n0_BV-RW0_fit_BV_bench_R3_k_sequence/train_TeaA_ISO-Bimodal_rho1_n0_BV-RW0_fit_2
ISO-Bimodal/split-R3/rho1/n0/data/Sweep-Methods/TeaA_ISO-Bimodal_rho1_n0/Benchmark/BV_bench/TeaA_ISO-Bimodal_rho1_n0_BV-RW0_fit_BV_bench_R3_k_sequence/train_TeaA_ISO-Bimodal_rho1_n0_BV-RW0_fit_3,figure_scripts/kinetic_simulation/_fits_peptide_calibration_gamma_0,gamma=0 sweep,1,BV-RW,3,0,3.0,0.002295,0.047909,0.0,figure_scripts/kinetic_simulation/_fits_peptide_calibration_gamma_0/ISO-Bimodal/split-R3/rho1/n0/data/Sweep-Methods/TeaA_ISO-Bimodal_rho1_n0/Benchmark/BV_bench/TeaA_ISO-Bimodal_rho1_n0_BV-RW0_fit_BV_bench_R3_k_sequence/train_TeaA_ISO-Bimodal_rho1_n0_BV-RW0_fit_3
ISO-Bimodal/split-R3/rho1000/n0/data/Sweep-Methods/TeaA_ISO-Bimodal_rho1000_n0/Benchmark/RW_bench/TeaA_ISO-Bimodal_rho1000_n0_BV-RW1_fit_RW_bench_R3_k_sequence/train_TeaA_ISO-Bimodal_rho1000_n0_BV-RW1_fit_1,figure_scripts/kinetic_simulation/_fits_peptide_calibration_gamma_0,gamma=0 sweep,1000,BV-RW,8,0,8.0,0.001018,0.03191,0.51948,figure_scripts/kinetic_simulation/_fits_peptide_calibration_gamma_0/ISO-Bimodal/split-R3/rho1000/n0/data/Sweep-Methods/TeaA_ISO-Bimodal_rho1000_n0/Benchmark/RW_bench/TeaA_ISO-Bimodal_rho1000_n0_BV-RW1_fit_RW_bench_R3_k_sequence/train_TeaA_ISO-Bimodal_rho1000_n0_BV-RW1_fit_1
ISO-Bimodal/split-R3/rho1000/n0/data/Sweep-Methods/TeaA_ISO-Bimodal_rho1000_n0/Benchmark/RW_bench/TeaA_ISO-Bimodal_rho1000_n0_BV-RW1_fit_RW_bench_R3_k_sequence/train_TeaA_ISO-Bimodal_rho1000_n0_BV-RW1_fit_1,figure_scripts/kinetic_simulation/_fits_peptide_calibration_gamma_0,gamma=0 sweep,1000,BV-RW,6,0,6.0,0.001098,0.033142,0.35449,figure_scripts/kinetic_simulation/_fits_peptide_calibration_gamma_0/ISO-Bimodal/split-R3/rho1000/n0/data/Sweep-Methods/TeaA_ISO-Bimodal_rho1000_n0/Benchmark/RW_bench/TeaA_ISO-Bimodal_rho1000_n0_BV-RW1_fit_RW_bench_R3_k_sequence/train_TeaA_ISO-Bimodal_rho1000_n0_BV-RW1_fit_1
ISO-Bimodal/split-R3/rho1000/n0/data/Sweep-Methods/TeaA_ISO-Bimodal_rho1000_n0/Benchmark/RW_bench/TeaA_ISO-Bimodal_rho1000_n0_BV-RW1_fit_RW_bench_R3_k_sequence/train_TeaA_ISO-Bimodal_rho1000_n0_BV-RW1_fit_1,figure_scripts/kinetic_simulation/_fits_peptide_calibration_gamma_0,gamma=0 sweep,1000,BV-RW,1,0,1.0,0.001469,0.038329,0.01799,figure_scripts/kinetic_simulation/_fits_peptide_calibration_gamma_0/ISO-Bimodal/split-R3/rho1000/n0/data/Sweep-Methods/TeaA_ISO-Bimodal_rho1000_n0/Benchmark/RW_bench/TeaA_ISO-Bimodal_rho1000_n0_BV-RW1_fit_RW_bench_R3_k_sequence/train_TeaA_ISO-Bimodal_rho1000_n0_BV-RW1_fit_1
ISO-Bimodal/split-R3/rho1000/n0/data/Sweep-Methods/TeaA_ISO-Bimodal_rho1000_n0/Benchmark/RW_bench/TeaA_ISO-Bimodal_rho1000_n0_BV-RW1_fit_RW_bench_R3_k_sequence/train_TeaA_ISO-Bimodal_rho1000_n0_BV-RW1_fit_1,figure_scripts/kinetic_simulation/_fits_peptide_calibration_gamma_0,gamma=0 sweep,1000,BV-RW,7,0,7.0,0.001055,0.032488,0.43678,figure_scripts/kinetic_simulation/_fits_peptide_calibration_gamma_0/ISO-Bimodal/split-R3/rho1000/n0/data/Sweep-Methods/TeaA_ISO-Bimodal_rho1000_n0/Benchmark/RW_bench/TeaA_ISO-Bimodal_rho1000_n0_BV-RW1_fit_RW_bench_R3_k_sequence/train_TeaA_ISO-Bimodal_rho1000_n0_BV-RW1_fit_1
ISO-Bimodal/split-R3/rho1000/n0/data/Sweep-Methods/TeaA_ISO-Bimodal_rho1000_n0/Benchmark/RW_bench/TeaA_ISO-Bimodal_rho1000_n0_BV-RW1_fit_RW_bench_R3_k_sequence/train_TeaA_ISO-Bimodal_rho1000_n0_BV-RW1_fit_1,figure_scripts/kinetic_simulation/_fits_peptide_calibration_gamma_0,gamma=0 sweep,1000,BV-RW,4,0,4.0,0.001208,0.034751,0.19615,figure_scripts/kinetic_simulation/_fits_peptide_calibration_gamma_0/ISO-Bimodal/split-R3/rho1000/n0/data/Sweep-Methods/TeaA_ISO-Bimodal_rho1000_n0/Benchmark/RW_bench/TeaA_ISO-Bimodal_rho1000_n0_BV-RW1_fit_RW_bench_R3_k_sequence/train_TeaA_ISO-Bimodal_rho1000_n0_BV-RW1_fit_1
ISO-Bimodal/split-R3/rho1000/n0/data/Sweep-Methods/TeaA_ISO-Bimodal_rho1000_n0/Benchmark/RW_bench/TeaA_ISO-Bimodal_rho1000_n0_BV-RW1_fit_RW_bench_R3_k_sequence/train_TeaA_ISO-Bimodal_rho1000_n0_BV-RW1_fit_1,figure_scripts/kinetic_simulation/_fits_peptide_calibration_gamma_0,gamma=0 sweep,1000,BV-RW,2,0,2.0,0.001364,0.036934,0.06287,figure_scripts/kinetic_simulation/_fits_peptide_calibration_gamma_0/ISO-Bimodal/split-R3/rho1000/n0/data/Sweep-Methods/TeaA_ISO-Bimodal_rho1000_n0/Benchmark/RW_bench/TeaA_ISO-Bimodal_rho1000_n0_BV-RW1_fit_RW_bench_R3_k_sequence/train_TeaA_ISO-Bimodal_rho1000_n0_BV-RW1_fit_1
ISO-Bimodal/split-R3/rho1000/n0/data/Sweep-Methods/TeaA_ISO-Bimodal_rho1000_n0/Benchmark/RW_bench/TeaA_ISO-Bimodal_rho1000_n0_BV-RW1_fit_RW_bench_R3_k_sequence/train_TeaA_ISO-Bimodal_rho1000_n0_BV-RW1_fit_1,figure_scripts/kinetic_simulation/_fits_peptide_calibration_gamma_0,gamma=0 sweep,1000,BV-RW,3,0,3.0,0.001278,0.035755,0.12447,figure_scripts/kinetic_simulation/_fits_peptide_calibration_gamma_0/ISO-Bimodal/split-R3/rho1000/n0/data/Sweep-Methods/TeaA_ISO-Bimodal_rho1000_n0/Benchmark/RW_bench/TeaA_ISO-Bimodal_rho1000_n0_BV-RW1_fit_RW_bench_R3_k_sequence/train_TeaA_ISO-Bimodal_rho1000_n0_BV-RW1_fit_1
ISO-Bimodal/split-R3/rho1000/n0/data/Sweep-Methods/TeaA_ISO-Bimodal_rho1000_n0/Benchmark/RW_bench/TeaA_ISO-Bimodal_rho1000_n0_BV-RW1_fit_RW_bench_R3_k_sequence/train_TeaA_ISO-Bimodal_rho1000_n0_BV-RW1_fit_1,figure_scripts/kinetic_simulation/_fits_peptide_calibration_gamma_0,gamma=0 sweep,1000,BV-RW,5,0,5.0,0.001148,0.033889,0.27371,figure_scripts/kinetic_simulation/_fits_peptide_calibration_gamma_0/ISO-Bimodal/split-R3/rho1000/n0/data/Sweep-Methods/TeaA_ISO-Bimodal_rho1000_n0/Benchmark/RW_bench/TeaA_ISO-Bimodal_rho1000_n0_BV-RW1_fit_RW_bench_R3_k_sequence/train_TeaA_ISO-Bimodal_rho1000_n0_BV-RW1_fit_1
ISO-Bimodal/split-R3/rho1000/n0/data/Sweep-Methods/TeaA_ISO-Bimodal_rho1000_n0/Benchmark/RW_bench/TeaA_ISO-Bimodal_rho1000_n0_BV-RW1_fit_RW_bench_R3_k_sequence/train_TeaA_ISO-Bimodal_rho1000_n0_BV-RW1_fit_1,figure_scripts/kinetic_simulation/_fits_peptide_calibration_gamma_0,gamma=0 sweep,1000,BV-RW,9,0,9.0,0.000986,0.031396,0.60186,figure_scripts/kinetic_simulation/_fits_peptide_calibration_gamma_0/ISO-Bimodal/split-R3/rho1000/n0/data/Sweep-Methods/TeaA_ISO-Bimodal_rho1000_n0/Benchmark/RW_bench/TeaA_ISO-Bimodal_rho1000_n0_BV-RW1_fit_RW_bench_R3_k_sequence/train_TeaA_ISO-Bimodal_rho1000_n0_BV-RW1_fit_1
ISO-Bimodal/split-R3/rho1000/n0/data/Sweep-Methods/TeaA_ISO-Bimodal_rho1000_n0/Benchmark/RW_bench/TeaA_ISO-Bimodal_rho1000_n0_BV-RW1_fit_RW_bench_R3_k_sequence/train_TeaA_ISO-Bimodal_rho1000_n0_BV-RW1_fit_3,figure_scripts/kinetic_simulation/_fits_peptide_calibration_gamma_0,gamma=0 sweep,1000,BV-RW,8,0,8.0,0.00105,0.032397,0.67512,figure_scripts/kinetic_simulation/_fits_peptide_calibration_gamma_0/ISO-Bimodal/split-R3/rho1000/n0/data/Sweep-Methods/TeaA_ISO-Bimodal_rho1000_n0/Benchmark/RW_bench/TeaA_ISO-Bimodal_rho1000_n0_BV-RW1_fit_RW_bench_R3_k_sequence/train_TeaA_ISO-Bimodal_rho1000_n0_BV-RW1_fit_3
ISO-Bimodal/split-R3/rho1000/n0/data/Sweep-Methods/TeaA_ISO-Bimodal_rho1000_n0/Benchmark/RW_bench/TeaA_ISO-Bimodal_rho1000_n0_BV-RW1_fit_RW_bench_R3_k_sequence/train_TeaA_ISO-Bimodal_rho1000_n0_BV-RW1_fit_3,figure_scripts/kinetic_simulation/_fits_peptide_calibration_gamma_0,gamma=0 sweep,1000,BV-RW,6,0,6.0,0.001145,0.033842,0.4564,figure_scripts/kinetic_simulation/_fits_peptide_calibration_gamma_0/ISO-Bimodal/split-R3/rho1000/n0/data/Sweep-Methods/TeaA_ISO-Bimodal_rho1000_n0/Benchmark/RW_bench/TeaA_ISO-Bimodal_rho1000_n0_BV-RW1_fit_RW_bench_R3_k_sequence/train_TeaA_ISO-Bimodal_rho1000_n0_BV-RW1_fit_3
ISO-Bimodal/split-R3/rho1000/n0/data/Sweep-Methods/TeaA_ISO-Bimodal_rho1000_n0/Benchmark/RW_bench/TeaA_ISO-Bimodal_rho1000_n0_BV-RW1_fit_RW_bench_R3_k_sequence/train_TeaA_ISO-Bimodal_rho1000_n0_BV-RW1_fit_3,figure_scripts/kinetic_simulation/_fits_peptide_calibration_gamma_0,gamma=0 sweep,1000,BV-RW,1,0,1.0,0.001564,0.039546,0.02,figure_scripts/kinetic_simulation/_fits_peptide_calibration_gamma_0/ISO-Bimodal/split-R3/rho1000/n0/data/Sweep-Methods/TeaA_ISO-Bimodal_rho1000_n0/Benchmark/RW_bench/TeaA_ISO-Bimodal_rho1000_n0_BV-RW1_fit_RW_bench_R3_k_sequence/train_TeaA_ISO-Bimodal_rho1000_n0_BV-RW1_fit_3
ISO-Bimodal/split-R3/rho1000/n0/data/Sweep-Methods/TeaA_ISO-Bimodal_rho1000_n0/Benchmark/RW_bench/TeaA_ISO-Bimodal_rho1000_n0_BV-RW1_fit_RW_bench_R3_k_sequence/train_TeaA_ISO-Bimodal_rho1000_n0_BV-RW1_fit_3,figure_scripts/kinetic_simulation/_fits_peptide_calibration_gamma_0,gamma=0 sweep,1000,BV-RW,7,0,7.0,0.001094,0.033074,0.56603,figure_scripts/kinetic_simulation/_fits_peptide_calibration_gamma_0/ISO-Bimodal/split-R3/rho1000/n0/data/Sweep-Methods/TeaA_ISO-Bimodal_rho1000_n0/Benchmark/RW_bench/TeaA_ISO-Bimodal_rho1000_n0_BV-RW1_fit_RW_bench_R3_k_sequence/train_TeaA_ISO-Bimodal_rho1000_n0_BV-RW1_fit_3
ISO-Bimodal/split-R3/rho1000/n0/data/Sweep-Methods/TeaA_ISO-Bimodal_rho1000_n0/Benchmark/RW_bench/TeaA_ISO-Bimodal_rho1000_n0_BV-RW1_fit_RW_bench_R3_k_sequence/train_TeaA_ISO-Bimodal_rho1000_n0_BV-RW1_fit_3,figure_scripts/kinetic_simulation/_fits_peptide_calibration_gamma_0,gamma=0 sweep,1000,BV-RW,4,0,4.0,0.001275,0.035714,0.24497,figure_scripts/kinetic_simulation/_fits_peptide_calibration_gamma_0/ISO-Bimodal/split-R3/rho1000/n0/data/Sweep-Methods/TeaA_ISO-Bimodal_rho1000_n0/Benchmark/RW_bench/TeaA_ISO-Bimodal_rho1000_n0_BV-RW1_fit_RW_bench_R3_k_sequence/train_TeaA_ISO-Bimodal_rho1000_n0_BV-RW1_fit_3
ISO-Bimodal/split-R3/rho1000/n0/data/Sweep-Methods/TeaA_ISO-Bimodal_rho1000_n0/Benchmark/RW_bench/TeaA_ISO-Bimodal_rho1000_n0_BV-RW1_fit_RW_bench_R3_k_sequence/train_TeaA_ISO-Bimodal_rho1000_n0_BV-RW1_fit_3,figure_scripts/kinetic_simulation/_fits_peptide_calibration_gamma_0,gamma=0 sweep,1000,BV-RW,2,0,2.0,0.001453,0.038125,0.0735,figure_scripts/kinetic_simulation/_fits_peptide_calibration_gamma_0/ISO-Bimodal/split-R3/rho1000/n0/data/Sweep-Methods/TeaA_ISO-Bimodal_rho1000_n0/Benchmark/RW_bench/TeaA_ISO-Bimodal_rho1000_n0_BV-RW1_fit_RW_bench_R3_k_sequence/train_TeaA_ISO-Bimodal_rho1000_n0_BV-RW1_fit_3
ISO-Bimodal/split-R3/rho1000/n0/data/Sweep-Methods/TeaA_ISO-Bimodal_rho1000_n0/Benchmark/RW_bench/TeaA_ISO-Bimodal_rho1000_n0_BV-RW1_fit_RW_bench_R3_k_sequence/train_TeaA_ISO-Bimodal_rho1000_n0_BV-RW1_fit_3,figure_scripts/kinetic_simulation/_fits_peptide_calibration_gamma_0,gamma=0 sweep,1000,BV-RW,3,0,3.0,0.001358,0.036847,0.15121,figure_scripts/kinetic_simulation/_fits_peptide_calibration_gamma_0/ISO-Bimodal/split-R3/rho1000/n0/data/Sweep-Methods/TeaA_ISO-Bimodal_rho1000_n0/Benchmark/RW_bench/TeaA_ISO-Bimodal_rho1000_n0_BV-RW1_fit_RW_bench_R3_k_sequence/train_TeaA_ISO-Bimodal_rho1000_n0_BV-RW1_fit_3
ISO-Bimodal/split-R3/rho1000/n0/data/Sweep-Methods/TeaA_ISO-Bimodal_rho1000_n0/Benchmark/RW_bench/TeaA_ISO-Bimodal_rho1000_n0_BV-RW1_fit_RW_bench_R3_k_sequence/train_TeaA_ISO-Bimodal_rho1000_n0_BV-RW1_fit_3,figure_scripts/kinetic_simulation/_fits_peptide_calibration_gamma_0,gamma=0 sweep,1000,BV-RW,5,0,5.0,0.001205,0.034717,0.3483,figure_scripts/kinetic_simulation/_fits_peptide_calibration_gamma_0/ISO-Bimodal/split-R3/rho1000/n0/data/Sweep-Methods/TeaA_ISO-Bimodal_rho1000_n0/Benchmark/RW_bench/TeaA_ISO-Bimodal_rho1000_n0_BV-RW1_fit_RW_bench_R3_k_sequence/train_TeaA_ISO-Bimodal_rho1000_n0_BV-RW1_fit_3
ISO-Bimodal/split-R3/rho1000/n0/data/Sweep-Methods/TeaA_ISO-Bimodal_rho1000_n0/Benchmark/RW_bench/TeaA_ISO-Bimodal_rho1000_n0_BV-RW1_fit_RW_bench_R3_k_sequence/train_TeaA_ISO-Bimodal_rho1000_n0_BV-RW1_fit_3,figure_scripts/kinetic_simulation/_fits_peptide_calibration_gamma_0,gamma=0 sweep,1000,BV-RW,9,0,9.0,0.001011,0.031797,0.78246,figure_scripts/kinetic_simulation/_fits_peptide_calibration_gamma_0/ISO-Bimodal/split-R3/rho1000/n0/data/Sweep-Methods/TeaA_ISO-Bimodal_rho1000_n0/Benchmark/RW_bench/TeaA_ISO-Bimodal_rho1000_n0_BV-RW1_fit_RW_bench_R3_k_sequence/train_TeaA_ISO-Bimodal_rho1000_n0_BV-RW1_fit_3
ISO-Bimodal/split-R3/rho1000/n0/data/Sweep-Methods/TeaA_ISO-Bimodal_rho1000_n0/Benchmark/RW_bench/TeaA_ISO-Bimodal_rho1000_n0_BV-RW1_fit_RW_bench_R3_k_sequence/train_TeaA_ISO-Bimodal_rho1000_n0_BV-RW1_fit_2,figure_scripts/kinetic_simulation/_fits_peptide_calibration_gamma_0,gamma=0 sweep,1000,BV-RW,8,0,8.0,0.001421,0.037694,0.83886,figure_scripts/kinetic_simulation/_fits_peptide_calibration_gamma_0/ISO-Bimodal/split-R3/rho1000/n0/data/Sweep-Methods/TeaA_ISO-Bimodal_rho1000_n0/Benchmark/RW_bench/TeaA_ISO-Bimodal_rho1000_n0_BV-RW1_fit_RW_bench_R3_k_sequence/train_TeaA_ISO-Bimodal_rho1000_n0_BV-RW1_fit_2
ISO-Bimodal/split-R3/rho1000/n0/data/Sweep-Methods/TeaA_ISO-Bimodal_rho1000_n0/Benchmark/RW_bench/TeaA_ISO-Bimodal_rho1000_n0_BV-RW1_fit_RW_bench_R3_k_sequence/train_TeaA_ISO-Bimodal_rho1000_n0_BV-RW1_fit_2,figure_scripts/kinetic_simulation/_fits_peptide_calibration_gamma_0,gamma=0 sweep,1000,BV-RW,6,0,6.0,0.001565,0.03956,0.55918,figure_scripts/kinetic_simulation/_fits_peptide_calibration_gamma_0/ISO-Bimodal/split-R3/rho1000/n0/data/Sweep-Methods/TeaA_ISO-Bimodal_rho1000_n0/Benchmark/RW_bench/TeaA_ISO-Bimodal_rho1000_n0_BV-RW1_fit_RW_bench_R3_k_sequence/train_TeaA_ISO-Bimodal_rho1000_n0_BV-RW1_fit_2
ISO-Bimodal/split-R3/rho1000/n0/data/Sweep-Methods/TeaA_ISO-Bimodal_rho1000_n0/Benchmark/RW_bench/TeaA_ISO-Bimodal_rho1000_n0_BV-RW1_fit_RW_bench_R3_k_sequence/train_TeaA_ISO-Bimodal_rho1000_n0_BV-RW1_fit_2,figure_scripts/kinetic_simulation/_fits_peptide_calibration_gamma_0,gamma=0 sweep,1000,BV-RW,1,0,1.0,0.002153,0.046402,0.02369,figure_scripts/kinetic_simulation/_fits_peptide_calibration_gamma_0/ISO-Bimodal/split-R3/rho1000/n0/data/Sweep-Methods/TeaA_ISO-Bimodal_rho1000_n0/Benchmark/RW_bench/TeaA_ISO-Bimodal_rho1000_n0_BV-RW1_fit_RW_bench_R3_k_sequence/train_TeaA_ISO-Bimodal_rho1000_n0_BV-RW1_fit_2
ISO-Bimodal/split-R3/rho1000/n0/data/Sweep-Methods/TeaA_ISO-Bimodal_rho1000_n0/Benchmark/RW_bench/TeaA_ISO-Bimodal_rho1000_n0_BV-RW1_fit_RW_bench_R3_k_sequence/train_TeaA_ISO-Bimodal_rho1000_n0_BV-RW1_fit_2,figure_scripts/kinetic_simulation/_fits_peptide_calibration_gamma_0,gamma=0 sweep,1000,BV-RW,7,0,7.0,0.001488,0.038575,0.69887,figure_scripts/kinetic_simulation/_fits_peptide_calibration_gamma_0/ISO-Bimodal/split-R3/rho1000/n0/data/Sweep-Methods/TeaA_ISO-Bimodal_rho1000_n0/Benchmark/RW_bench/TeaA_ISO-Bimodal_rho1000_n0_BV-RW1_fit_RW_bench_R3_k_sequence/train_TeaA_ISO-Bimodal_rho1000_n0_BV-RW1_fit_2
ISO-Bimodal/split-R3/rho1000/n0/data/Sweep-Methods/TeaA_ISO-Bimodal_rho1000_n0/Benchmark/RW_bench/TeaA_ISO-Bimodal_rho1000_n0_BV-RW1_fit_RW_bench_R3_k_sequence/train_TeaA_ISO-Bimodal_rho1000_n0_BV-RW1_fit_2,figure_scripts/kinetic_simulation/_fits_peptide_calibration_gamma_0,gamma=0 sweep,1000,BV-RW,4,0,4.0,0.001754,0.041883,0.29502,figure_scripts/kinetic_simulation/_fits_peptide_calibration_gamma_0/ISO-Bimodal/split-R3/rho1000/n0/data/Sweep-Methods/TeaA_ISO-Bimodal_rho1000_n0/Benchmark/RW_bench/TeaA_ISO-Bimodal_rho1000_n0_BV-RW1_fit_RW_bench_R3_k_sequence/train_TeaA_ISO-Bimodal_rho1000_n0_BV-RW1_fit_2
ISO-Bimodal/split-R3/rho1000/n0/data/Sweep-Methods/TeaA_ISO-Bimodal_rho1000_n0/Benchmark/RW_bench/TeaA_ISO-Bimodal_rho1000_n0_BV-RW1_fit_RW_bench_R3_k_sequence/train_TeaA_ISO-Bimodal_rho1000_n0_BV-RW1_fit_2,figure_scripts/kinetic_simulation/_fits_peptide_calibration_gamma_0,gamma=0 sweep,1000,BV-RW,2,0,2.0,0.002002,0.044746,0.08735,figure_scripts/kinetic_simulation/_fits_peptide_calibration_gamma_0/ISO-Bimodal/split-R3/rho1000/n0/data/Sweep-Methods/TeaA_ISO-Bimodal_rho1000_n0/Benchmark/RW_bench/TeaA_ISO-Bimodal_rho1000_n0_BV-RW1_fit_RW_bench_R3_k_sequence/train_TeaA_ISO-Bimodal_rho1000_n0_BV-RW1_fit_2
ISO-Bimodal/split-R3/rho1000/n0/data/Sweep-Methods/TeaA_ISO-Bimodal_rho1000_n0/Benchmark/RW_bench/TeaA_ISO-Bimodal_rho1000_n0_BV-RW1_fit_RW_bench_R3_k_sequence/train_TeaA_ISO-Bimodal_rho1000_n0_BV-RW1_fit_2,figure_scripts/kinetic_simulation/_fits_peptide_calibration_gamma_0,gamma=0 sweep,1000,BV-RW,3,0,3.0,0.00187,0.043242,0.18072,figure_scripts/kinetic_simulation/_fits_peptide_calibration_gamma_0/ISO-Bimodal/split-R3/rho1000/n0/data/Sweep-Methods/TeaA_ISO-Bimodal_rho1000_n0/Benchmark/RW_bench/TeaA_ISO-Bimodal_rho1000_n0_BV-RW1_fit_RW_bench_R3_k_sequence/train_TeaA_ISO-Bimodal_rho1000_n0_BV-RW1_fit_2
ISO-Bimodal/split-R3/rho1000/n0/data/Sweep-Methods/TeaA_ISO-Bimodal_rho1000_n0/Benchmark/RW_bench/TeaA_ISO-Bimodal_rho1000_n0_BV-RW1_fit_RW_bench_R3_k_sequence/train_TeaA_ISO-Bimodal_rho1000_n0_BV-RW1_fit_2,figure_scripts/kinetic_simulation/_fits_peptide_calibration_gamma_0,gamma=0 sweep,1000,BV-RW,5,0,5.0,0.001653,0.040659,0.42308,figure_scripts/kinetic_simulation/_fits_peptide_calibration_gamma_0/ISO-Bimodal/split-R3/rho1000/n0/data/Sweep-Methods/TeaA_ISO-Bimodal_rho1000_n0/Benchmark/RW_bench/TeaA_ISO-Bimodal_rho1000_n0_BV-RW1_fit_RW_bench_R3_k_sequence/train_TeaA_ISO-Bimodal_rho1000_n0_BV-RW1_fit_2
ISO-Bimodal/split-R3/rho1000/n0/data/Sweep-Methods/TeaA_ISO-Bimodal_rho1000_n0/Benchmark/RW_bench/TeaA_ISO-Bimodal_rho1000_n0_BV-RW1_fit_RW_bench_R3_k_sequence/train_TeaA_ISO-Bimodal_rho1000_n0_BV-RW1_fit_2,figure_scripts/kinetic_simulation/_fits_peptide_calibration_gamma_0,gamma=0 sweep,1000,BV-RW,9,0,9.0,0.001362,0.036906,0.97689,figure_scripts/kinetic_simulation/_fits_peptide_calibration_gamma_0/ISO-Bimodal/split-R3/rho1000/n0/data/Sweep-Methods/TeaA_ISO-Bimodal_rho1000_n0/Benchmark/RW_bench/TeaA_ISO-Bimodal_rho1000_n0_BV-RW1_fit_RW_bench_R3_k_sequence/train_TeaA_ISO-Bimodal_rho1000_n0_BV-RW1_fit_2
ISO-Bimodal/split-R3/rho1000/n0/data/Sweep-Methods/TeaA_ISO-Bimodal_rho1000_n0/Benchmark/RW_bench/TeaA_ISO-Bimodal_rho1000_n0_RW-BV0_fit_RW_bench_R3_k_sequence/train_TeaA_ISO-Bimodal_rho1000_n0_RW-BV0_fit_2,figure_scripts/kinetic_simulation/_fits_peptide_calibration_gamma_0,gamma=0 sweep,1000,RW-BV,8,0,8.0,0.002041,0.04518,1.09,figure_scripts/kinetic_simulation/_fits_peptide_calibration_gamma_0/ISO-Bimodal/split-R3/rho1000/n0/data/Sweep-Methods/TeaA_ISO-Bimodal_rho1000_n0/Benchmark/RW_bench/TeaA_ISO-Bimodal_rho1000_n0_RW-BV0_fit_RW_bench_R3_k_sequence/train_TeaA_ISO-Bimodal_rho1000_n0_RW-BV0_fit_2
ISO-Bimodal/split-R3/rho1000/n0/data/Sweep-Methods/TeaA_ISO-Bimodal_rho1000_n0/Benchmark/RW_bench/TeaA_ISO-Bimodal_rho1000_n0_RW-BV0_fit_RW_bench_R3_k_sequence/train_TeaA_ISO-Bimodal_rho1000_n0_RW-BV0_fit_2,figure_scripts/kinetic_simulation/_fits_peptide_calibration_gamma_0,gamma=0 sweep,1000,RW-BV,6,0,6.0,0.002244,0.047371,0.70418,figure_scripts/kinetic_simulation/_fits_peptide_calibration_gamma_0/ISO-Bimodal/split-R3/rho1000/n0/data/Sweep-Methods/TeaA_ISO-Bimodal_rho1000_n0/Benchmark/RW_bench/TeaA_ISO-Bimodal_rho1000_n0_RW-BV0_fit_RW_bench_R3_k_sequence/train_TeaA_ISO-Bimodal_rho1000_n0_RW-BV0_fit_2
ISO-Bimodal/split-R3/rho1000/n0/data/Sweep-Methods/TeaA_ISO-Bimodal_rho1000_n0/Benchmark/RW_bench/TeaA_ISO-Bimodal_rho1000_n0_RW-BV0_fit_RW_bench_R3_k_sequence/train_TeaA_ISO-Bimodal_rho1000_n0_RW-BV0_fit_2,figure_scripts/kinetic_simulation/_fits_peptide_calibration_gamma_0,gamma=0 sweep,1000,RW-BV,1,0,1.0,0.002992,0.0547,0.02802,figure_scripts/kinetic_simulation/_fits_peptide_calibration_gamma_0/ISO-Bimodal/split-R3/rho1000/n0/data/Sweep-Methods/TeaA_ISO-Bimodal_rho1000_n0/Benchmark/RW_bench/TeaA_ISO-Bimodal_rho1000_n0_RW-BV0_fit_RW_bench_R3_k_sequence/train_TeaA_ISO-Bimodal_rho1000_n0_RW-BV0_fit_2
ISO-Bimodal/split-R3/rho1000/n0/data/Sweep-Methods/TeaA_ISO-Bimodal_rho1000_n0/Benchmark/RW_bench/TeaA_ISO-Bimodal_rho1000_n0_RW-BV0_fit_RW_bench_R3_k_sequence/train_TeaA_ISO-Bimodal_rho1000_n0_RW-BV0_fit_2,figure_scripts/kinetic_simulation/_fits_peptide_calibration_gamma_0,gamma=0 sweep,1000,RW-BV,7,0,7.0,0.002137,0.046224,0.89484,figure_scripts/kinetic_simulation/_fits_peptide_calibration_gamma_0/ISO-Bimodal/split-R3/rho1000/n0/data/Sweep-Methods/TeaA_ISO-Bimodal_rho1000_n0/Benchmark/RW_bench/TeaA_ISO-Bimodal_rho1000_n0_RW-BV0_fit_RW_bench_R3_k_sequence/train_TeaA_ISO-Bimodal_rho1000_n0_RW-BV0_fit_2
ISO-Bimodal/split-R3/rho1000/n0/data/Sweep-Methods/TeaA_ISO-Bimodal_rho1000_n0/Benchmark/RW_bench/TeaA_ISO-Bimodal_rho1000_n0_RW-BV0_fit_RW_bench_R3_k_sequence/train_TeaA_ISO-Bimodal_rho1000_n0_RW-BV0_fit_2,figure_scripts/kinetic_simulation/_fits_peptide_calibration_gamma_0,gamma=0 sweep,1000,RW-BV,4,0,4.0,0.002497,0.049972,0.3589,figure_scripts/kinetic_simulation/_fits_peptide_calibration_gamma_0/ISO-Bimodal/split-R3/rho1000/n0/data/Sweep-Methods/TeaA_ISO-Bimodal_rho1000_n0/Benchmark/RW_bench/TeaA_ISO-Bimodal_rho1000_n0_RW-BV0_fit_RW_bench_R3_k_sequence/train_TeaA_ISO-Bimodal_rho1000_n0_RW-BV0_fit_2
ISO-Bimodal/split-R3/rho1000/n0/data/Sweep-Methods/TeaA_ISO-Bimodal_rho1000_n0/Benchmark/RW_bench/TeaA_ISO-Bimodal_rho1000_n0_RW-BV0_fit_RW_bench_R3_k_sequence/train_TeaA_ISO-Bimodal_rho1000_n0_RW-BV0_fit_2,figure_scripts/kinetic_simulation/_fits_peptide_calibration_gamma_0,gamma=0 sweep,1000,RW-BV,2,0,2.0,0.002809,0.053001,0.10367,figure_scripts/kinetic_simulation/_fits_peptide_calibration_gamma_0/ISO-Bimodal/split-R3/rho1000/n0/data/Sweep-Methods/TeaA_ISO-Bimodal_rho1000_n0/Benchmark/RW_bench/TeaA_ISO-Bimodal_rho1000_n0_RW-BV0_fit_RW_bench_R3_k_sequence/train_TeaA_ISO-Bimodal_rho1000_n0_RW-BV0_fit_2
ISO-Bimodal/split-R3/rho1000/n0/data/Sweep-Methods/TeaA_ISO-Bimodal_rho1000_n0/Benchmark/RW_bench/TeaA_ISO-Bimodal_rho1000_n0_RW-BV0_fit_RW_bench_R3_k_sequence/train_TeaA_ISO-Bimodal_rho1000_n0_RW-BV0_fit_2,figure_scripts/kinetic_simulation/_fits_peptide_calibration_gamma_0,gamma=0 sweep,1000,RW-BV,3,0,3.0,0.002645,0.051429,0.21667,figure_scripts/kinetic_simulation/_fits_peptide_calibration_gamma_0/ISO-Bimodal/split-R3/rho1000/n0/data/Sweep-Methods/TeaA_ISO-Bimodal_rho1000_n0/Benchmark/RW_bench/TeaA_ISO-Bimodal_rho1000_n0_RW-BV0_fit_RW_bench_R3_k_sequence/train_TeaA_ISO-Bimodal_rho1000_n0_RW-BV0_fit_2
ISO-Bimodal/split-R3/rho1000/n0/data/Sweep-Methods/TeaA_ISO-Bimodal_rho1000_n0/Benchmark/RW_bench/TeaA_ISO-Bimodal_rho1000_n0_RW-BV0_fit_RW_bench_R3_k_sequence/train_TeaA_ISO-Bimodal_rho1000_n0_RW-BV0_fit_2,figure_scripts/kinetic_simulation/_fits_peptide_calibration_gamma_0,gamma=0 sweep,1000,RW-BV,5,0,5.0,0.002364,0.048621,0.52351,figure_scripts/kinetic_simulation/_fits_peptide_calibration_gamma_0/ISO-Bimodal/split-R3/rho1000/n0/data/Sweep-Methods/TeaA_ISO-Bimodal_rho1000_n0/Benchmark/RW_bench/TeaA_ISO-Bimodal_rho1000_n0_RW-BV0_fit_RW_bench_R3_k_sequence/train_TeaA_ISO-Bimodal_rho1000_n0_RW-BV0_fit_2
ISO-Bimodal/split-R3/rho1000/n0/data/Sweep-Methods/TeaA_ISO-Bimodal_rho1000_n0/Benchmark/RW_bench/TeaA_ISO-Bimodal_rho1000_n0_RW-BV0_fit_RW_bench_R3_k_sequence/train_TeaA_ISO-Bimodal_rho1000_n0_RW-BV0_fit_2,figure_scripts/kinetic_simulation/_fits_peptide_calibration_gamma_0,gamma=0 sweep,1000,RW-BV,9,0,9.0,0.001957,0.044235,1.28515,figure_scripts/kinetic_simulation/_fits_peptide_calibration_gamma_0/ISO-Bimodal/split-R3/rho1000/n0/data/Sweep-Methods/TeaA_ISO-Bimodal_rho1000_n0/Benchmark/RW_bench/TeaA_ISO-Bimodal_rho1000_n0_RW-BV0_fit_RW_bench_R3_k_sequence/train_TeaA_ISO-Bimodal_rho1000_n0_RW-BV0_fit_2
ISO-Bimodal/split-R3/rho1000/n0/data/Sweep-Methods/TeaA_ISO-Bimodal_rho1000_n0/Benchmark/RW_bench/TeaA_ISO-Bimodal_rho1000_n0_RW-BV0_fit_RW_bench_R3_k_sequence/train_TeaA_ISO-Bimodal_rho1000_n0_RW-BV0_fit_3,figure_scripts/kinetic_simulation/_fits_peptide_calibration_gamma_0,gamma=0 sweep,1000,RW-BV,8,0,8.0,0.001369,0.036998,0.84552,figure_scripts/kinetic_simulation/_fits_peptide_calibration_gamma_0/ISO-Bimodal/split-R3/rho1000/n0/data/Sweep-Methods/TeaA_ISO-Bimodal_rho1000_n0/Benchmark/RW_bench/TeaA_ISO-Bimodal_rho1000_n0_RW-BV0_fit_RW_bench_R3_k_sequence/train_TeaA_ISO-Bimodal_rho1000_n0_RW-BV0_fit_3
ISO-Bimodal/split-R3/rho1000/n0/data/Sweep-Methods/TeaA_ISO-Bimodal_rho1000_n0/Benchmark/RW_bench/TeaA_ISO-Bimodal_rho1000_n0_RW-BV0_fit_RW_bench_R3_k_sequence/train_TeaA_ISO-Bimodal_rho1000_n0_RW-BV0_fit_3,figure_scripts/kinetic_simulation/_fits_peptide_calibration_gamma_0,gamma=0 sweep,1000,RW-BV,6,0,6.0,0.001504,0.038785,0.54849,figure_scripts/kinetic_simulation/_fits_peptide_calibration_gamma_0/ISO-Bimodal/split-R3/rho1000/n0/data/Sweep-Methods/TeaA_ISO-Bimodal_rho1000_n0/Benchmark/RW_bench/TeaA_ISO-Bimodal_rho1000_n0_RW-BV0_fit_RW_bench_R3_k_sequence/train_TeaA_ISO-Bimodal_rho1000_n0_RW-BV0_fit_3
ISO-Bimodal/split-R3/rho1000/n0/data/Sweep-Methods/TeaA_ISO-Bimodal_rho1000_n0/Benchmark/RW_bench/TeaA_ISO-Bimodal_rho1000_n0_RW-BV0_fit_RW_bench_R3_k_sequence/train_TeaA_ISO-Bimodal_rho1000_n0_RW-BV0_fit_3,figure_scripts/kinetic_simulation/_fits_peptide_calibration_gamma_0,gamma=0 sweep,1000,RW-BV,1,0,1.0,0.002017,0.044907,0.02203,figure_scripts/kinetic_simulation/_fits_peptide_calibration_gamma_0/ISO-Bimodal/split-R3/rho1000/n0/data/Sweep-Methods/TeaA_ISO-Bimodal_rho1000_n0/Benchmark/RW_bench/TeaA_ISO-Bimodal_rho1000_n0_RW-BV0_fit_RW_bench_R3_k_sequence/train_TeaA_ISO-Bimodal_rho1000_n0_RW-BV0_fit_3
ISO-Bimodal/split-R3/rho1000/n0/data/Sweep-Methods/TeaA_ISO-Bimodal_rho1000_n0/Benchmark/RW_bench/TeaA_ISO-Bimodal_rho1000_n0_RW-BV0_fit_RW_bench_R3_k_sequence/train_TeaA_ISO-Bimodal_rho1000_n0_RW-BV0_fit_3,figure_scripts/kinetic_simulation/_fits_peptide_calibration_gamma_0,gamma=0 sweep,1000,RW-BV,7,0,7.0,0.001433,0.037848,0.69535,figure_scripts/kinetic_simulation/_fits_peptide_calibration_gamma_0/ISO-Bimodal/split-R3/rho1000/n0/data/Sweep-Methods/TeaA_ISO-Bimodal_rho1000_n0/Benchmark/RW_bench/TeaA_ISO-Bimodal_rho1000_n0_RW-BV0_fit_RW_bench_R3_k_sequence/train_TeaA_ISO-Bimodal_rho1000_n0_RW-BV0_fit_3
ISO-Bimodal/split-R3/rho1000/n0/data/Sweep-Methods/TeaA_ISO-Bimodal_rho1000_n0/Benchmark/RW_bench/TeaA_ISO-Bimodal_rho1000_n0_RW-BV0_fit_RW_bench_R3_k_sequence/train_TeaA_ISO-Bimodal_rho1000_n0_RW-BV0_fit_3,figure_scripts/kinetic_simulation/_fits_peptide_calibration_gamma_0,gamma=0 sweep,1000,RW-BV,4,0,4.0,0.001676,0.040934,0.28087,figure_scripts/kinetic_simulation/_fits_peptide_calibration_gamma_0/ISO-Bimodal/split-R3/rho1000/n0/data/Sweep-Methods/TeaA_ISO-Bimodal_rho1000_n0/Benchmark/RW_bench/TeaA_ISO-Bimodal_rho1000_n0_RW-BV0_fit_RW_bench_R3_k_sequence/train_TeaA_ISO-Bimodal_rho1000_n0_RW-BV0_fit_3
ISO-Bimodal/split-R3/rho1000/n0/data/Sweep-Methods/TeaA_ISO-Bimodal_rho1000_n0/Benchmark/RW_bench/TeaA_ISO-Bimodal_rho1000_n0_RW-BV0_fit_RW_bench_R3_k_sequence/train_TeaA_ISO-Bimodal_rho1000_n0_RW-BV0_fit_3,figure_scripts/kinetic_simulation/_fits_peptide_calibration_gamma_0,gamma=0 sweep,1000,RW-BV,2,0,2.0,0.00189,0.043473,0.08135,figure_scripts/kinetic_simulation/_fits_peptide_calibration_gamma_0/ISO-Bimodal/split-R3/rho1000/n0/data/Sweep-Methods/TeaA_ISO-Bimodal_rho1000_n0/Benchmark/RW_bench/TeaA_ISO-Bimodal_rho1000_n0_RW-BV0_fit_RW_bench_R3_k_sequence/train_TeaA_ISO-Bimodal_rho1000_n0_RW-BV0_fit_3
ISO-Bimodal/split-R3/rho1000/n0/data/Sweep-Methods/TeaA_ISO-Bimodal_rho1000_n0/Benchmark/RW_bench/TeaA_ISO-Bimodal_rho1000_n0_RW-BV0_fit_RW_bench_R3_k_sequence/train_TeaA_ISO-Bimodal_rho1000_n0_RW-BV0_fit_3,figure_scripts/kinetic_simulation/_fits_peptide_calibration_gamma_0,gamma=0 sweep,1000,RW-BV,3,0,3.0,0.001777,0.042152,0.16982,figure_scripts/kinetic_simulation/_fits_peptide_calibration_gamma_0/ISO-Bimodal/split-R3/rho1000/n0/data/Sweep-Methods/TeaA_ISO-Bimodal_rho1000_n0/Benchmark/RW_bench/TeaA_ISO-Bimodal_rho1000_n0_RW-BV0_fit_RW_bench_R3_k_sequence/train_TeaA_ISO-Bimodal_rho1000_n0_RW-BV0_fit_3
ISO-Bimodal/split-R3/rho1000/n0/data/Sweep-Methods/TeaA_ISO-Bimodal_rho1000_n0/Benchmark/RW_bench/TeaA_ISO-Bimodal_rho1000_n0_RW-BV0_fit_RW_bench_R3_k_sequence/train_TeaA_ISO-Bimodal_rho1000_n0_RW-BV0_fit_3,figure_scripts/kinetic_simulation/_fits_peptide_calibration_gamma_0,gamma=0 sweep,1000,RW-BV,5,0,5.0,0.001585,0.039813,0.40881,figure_scripts/kinetic_simulation/_fits_peptide_calibration_gamma_0/ISO-Bimodal/split-R3/rho1000/n0/data/Sweep-Methods/TeaA_ISO-Bimodal_rho1000_n0/Benchmark/RW_bench/TeaA_ISO-Bimodal_rho1000_n0_RW-BV0_fit_RW_bench_R3_k_sequence/train_TeaA_ISO-Bimodal_rho1000_n0_RW-BV0_fit_3
ISO-Bimodal/split-R3/rho1000/n0/data/Sweep-Methods/TeaA_ISO-Bimodal_rho1000_n0/Benchmark/RW_bench/TeaA_ISO-Bimodal_rho1000_n0_RW-BV0_fit_RW_bench_R3_k_sequence/train_TeaA_ISO-Bimodal_rho1000_n0_RW-BV0_fit_3,figure_scripts/kinetic_simulation/_fits_peptide_calibration_gamma_0,gamma=0 sweep,1000,RW-BV,9,0,9.0,0.001312,0.036228,0.99608,figure_scripts/kinetic_simulation/_fits_peptide_calibration_gamma_0/ISO-Bimodal/split-R3/rho1000/n0/data/Sweep-Methods/TeaA_ISO-Bimodal_rho1000_n0/Benchmark/RW_bench/TeaA_ISO-Bimodal_rho1000_n0_RW-BV0_fit_RW_bench_R3_k_sequence/train_TeaA_ISO-Bimodal_rho1000_n0_RW-BV0_fit_3
ISO-Bimodal/split-R3/rho1000/n0/data/Sweep-Methods/TeaA_ISO-Bimodal_rho1000_n0/Benchmark/RW_bench/TeaA_ISO-Bimodal_rho1000_n0_RW-BV0_fit_RW_bench_R3_k_sequence/train_TeaA_ISO-Bimodal_rho1000_n0_RW-BV0_fit_1,figure_scripts/kinetic_simulation/_fits_peptide_calibration_gamma_0,gamma=0 sweep,1000,RW-BV,8,0,8.0,0.001364,0.036932,0.67567,figure_scripts/kinetic_simulation/_fits_peptide_calibration_gamma_0/ISO-Bimodal/split-R3/rho1000/n0/data/Sweep-Methods/TeaA_ISO-Bimodal_rho1000_n0/Benchmark/RW_bench/TeaA_ISO-Bimodal_rho1000_n0_RW-BV0_fit_RW_bench_R3_k_sequence/train_TeaA_ISO-Bimodal_rho1000_n0_RW-BV0_fit_1
ISO-Bimodal/split-R3/rho1000/n0/data/Sweep-Methods/TeaA_ISO-Bimodal_rho1000_n0/Benchmark/RW_bench/TeaA_ISO-Bimodal_rho1000_n0_RW-BV0_fit_RW_bench_R3_k_sequence/train_TeaA_ISO-Bimodal_rho1000_n0_RW-BV0_fit_1,figure_scripts/kinetic_simulation/_fits_peptide_calibration_gamma_0,gamma=0 sweep,1000,RW-BV,6,0,6.0,0.001479,0.038463,0.45443,figure_scripts/kinetic_simulation/_fits_peptide_calibration_gamma_0/ISO-Bimodal/split-R3/rho1000/n0/data/Sweep-Methods/TeaA_ISO-Bimodal_rho1000_n0/Benchmark/RW_bench/TeaA_ISO-Bimodal_rho1000_n0_RW-BV0_fit_RW_bench_R3_k_sequence/train_TeaA_ISO-Bimodal_rho1000_n0_RW-BV0_fit_1
ISO-Bimodal/split-R3/rho1000/n0/data/Sweep-Methods/TeaA_ISO-Bimodal_rho1000_n0/Benchmark/RW_bench/TeaA_ISO-Bimodal_rho1000_n0_RW-BV0_fit_RW_bench_R3_k_sequence/train_TeaA_ISO-Bimodal_rho1000_n0_RW-BV0_fit_1,figure_scripts/kinetic_simulation/_fits_peptide_calibration_gamma_0,gamma=0 sweep,1000,RW-BV,1,0,1.0,0.001984,0.044543,0.02247,figure_scripts/kinetic_simulation/_fits_peptide_calibration_gamma_0/ISO-Bimodal/split-R3/rho1000/n0/data/Sweep-Methods/TeaA_ISO-Bimodal_rho1000_n0/Benchmark/RW_bench/TeaA_ISO-Bimodal_rho1000_n0_RW-BV0_fit_RW_bench_R3_k_sequence/train_TeaA_ISO-Bimodal_rho1000_n0_RW-BV0_fit_1
ISO-Bimodal/split-R3/rho1000/n0/data/Sweep-Methods/TeaA_ISO-Bimodal_rho1000_n0/Benchmark/RW_bench/TeaA_ISO-Bimodal_rho1000_n0_RW-BV0_fit_RW_bench_R3_k_sequence/train_TeaA_ISO-Bimodal_rho1000_n0_RW-BV0_fit_1,figure_scripts/kinetic_simulation/_fits_peptide_calibration_gamma_0,gamma=0 sweep,1000,RW-BV,7,0,7.0,0.001418,0.037655,0.56424,figure_scripts/kinetic_simulation/_fits_peptide_calibration_gamma_0/ISO-Bimodal/split-R3/rho1000/n0/data/Sweep-Methods/TeaA_ISO-Bimodal_rho1000_n0/Benchmark/RW_bench/TeaA_ISO-Bimodal_rho1000_n0_RW-BV0_fit_RW_bench_R3_k_sequence/train_TeaA_ISO-Bimodal_rho1000_n0_RW-BV0_fit_1
ISO-Bimodal/split-R3/rho1000/n0/data/Sweep-Methods/TeaA_ISO-Bimodal_rho1000_n0/Benchmark/RW_bench/TeaA_ISO-Bimodal_rho1000_n0_RW-BV0_fit_RW_bench_R3_k_sequence/train_TeaA_ISO-Bimodal_rho1000_n0_RW-BV0_fit_1,figure_scripts/kinetic_simulation/_fits_peptide_calibration_gamma_0,gamma=0 sweep,1000,RW-BV,4,0,4.0,0.001632,0.040404,0.24728,figure_scripts/kinetic_simulation/_fits_peptide_calibration_gamma_0/ISO-Bimodal/split-R3/rho1000/n0/data/Sweep-Methods/TeaA_ISO-Bimodal_rho1000_n0/Benchmark/RW_bench/TeaA_ISO-Bimodal_rho1000_n0_RW-BV0_fit_RW_bench_R3_k_sequence/train_TeaA_ISO-Bimodal_rho1000_n0_RW-BV0_fit_1
ISO-Bimodal/split-R3/rho1000/n0/data/Sweep-Methods/TeaA_ISO-Bimodal_rho1000_n0/Benchmark/RW_bench/TeaA_ISO-Bimodal_rho1000_n0_RW-BV0_fit_RW_bench_R3_k_sequence/train_TeaA_ISO-Bimodal_rho1000_n0_RW-BV0_fit_1,figure_scripts/kinetic_simulation/_fits_peptide_calibration_gamma_0,gamma=0 sweep,1000,RW-BV,2,0,2.0,0.001844,0.042945,0.07834,figure_scripts/kinetic_simulation/_fits_peptide_calibration_gamma_0/ISO-Bimodal/split-R3/rho1000/n0/data/Sweep-Methods/TeaA_ISO-Bimodal_rho1000_n0/Benchmark/RW_bench/TeaA_ISO-Bimodal_rho1000_n0_RW-BV0_fit_RW_bench_R3_k_sequence/train_TeaA_ISO-Bimodal_rho1000_n0_RW-BV0_fit_1
ISO-Bimodal/split-R3/rho1000/n0/data/Sweep-Methods/TeaA_ISO-Bimodal_rho1000_n0/Benchmark/RW_bench/TeaA_ISO-Bimodal_rho1000_n0_RW-BV0_fit_RW_bench_R3_k_sequence/train_TeaA_ISO-Bimodal_rho1000_n0_RW-BV0_fit_1,figure_scripts/kinetic_simulation/_fits_peptide_calibration_gamma_0,gamma=0 sweep,1000,RW-BV,3,0,3.0,0.001729,0.041583,0.15575,figure_scripts/kinetic_simulation/_fits_peptide_calibration_gamma_0/ISO-Bimodal/split-R3/rho1000/n0/data/Sweep-Methods/TeaA_ISO-Bimodal_rho1000_n0/Benchmark/RW_bench/TeaA_ISO-Bimodal_rho1000_n0_RW-BV0_fit_RW_bench_R3_k_sequence/train_TeaA_ISO-Bimodal_rho1000_n0_RW-BV0_fit_1
ISO-Bimodal/split-R3/rho1000/n0/data/Sweep-Methods/TeaA_ISO-Bimodal_rho1000_n0/Benchmark/RW_bench/TeaA_ISO-Bimodal_rho1000_n0_RW-BV0_fit_RW_bench_R3_k_sequence/train_TeaA_ISO-Bimodal_rho1000_n0_RW-BV0_fit_1,figure_scripts/kinetic_simulation/_fits_peptide_calibration_gamma_0,gamma=0 sweep,1000,RW-BV,5,0,5.0,0.00155,0.039373,0.34798,figure_scripts/kinetic_simulation/_fits_peptide_calibration_gamma_0/ISO-Bimodal/split-R3/rho1000/n0/data/Sweep-Methods/TeaA_ISO-Bimodal_rho1000_n0/Benchmark/RW_bench/TeaA_ISO-Bimodal_rho1000_n0_RW-BV0_fit_RW_bench_R3_k_sequence/train_TeaA_ISO-Bimodal_rho1000_n0_RW-BV0_fit_1
ISO-Bimodal/split-R3/rho1000/n0/data/Sweep-Methods/TeaA_ISO-Bimodal_rho1000_n0/Benchmark/RW_bench/TeaA_ISO-Bimodal_rho1000_n0_RW-BV0_fit_RW_bench_R3_k_sequence/train_TeaA_ISO-Bimodal_rho1000_n0_RW-BV0_fit_1,figure_scripts/kinetic_simulation/_fits_peptide_calibration_gamma_0,gamma=0 sweep,1000,RW-BV,9,0,9.0,0.001316,0.036282,0.7875,figure_scripts/kinetic_simulation/_fits_peptide_calibration_gamma_0/ISO-Bimodal/split-R3/rho1000/n0/data/Sweep-Methods/TeaA_ISO-Bimodal_rho1000_n0/Benchmark/RW_bench/TeaA_ISO-Bimodal_rho1000_n0_RW-BV0_fit_RW_bench_R3_k_sequence/train_TeaA_ISO-Bimodal_rho1000_n0_RW-BV0_fit_1
ISO-Bimodal/split-R3/rho1000/n0/data/Sweep-Methods/TeaA_ISO-Bimodal_rho1000_n0/Benchmark/RW_bench/TeaA_ISO-Bimodal_rho1000_n0_RW-Only0_fit_RW_bench_R3_k_sequence/train_TeaA_ISO-Bimodal_rho1000_n0_RW-Only0_fit_1,figure_scripts/kinetic_simulation/_fits_peptide_calibration_gamma_0,gamma=0 sweep,1000,RW-Only,8,0,8.0,0.001364,0.036932,0.67567,figure_scripts/kinetic_simulation/_fits_peptide_calibration_gamma_0/ISO-Bimodal/split-R3/rho1000/n0/data/Sweep-Methods/TeaA_ISO-Bimodal_rho1000_n0/Benchmark/RW_bench/TeaA_ISO-Bimodal_rho1000_n0_RW-Only0_fit_RW_bench_R3_k_sequence/train_TeaA_ISO-Bimodal_rho1000_n0_RW-Only0_fit_1
ISO-Bimodal/split-R3/rho1000/n0/data/Sweep-Methods/TeaA_ISO-Bimodal_rho1000_n0/Benchmark/RW_bench/TeaA_ISO-Bimodal_rho1000_n0_RW-Only0_fit_RW_bench_R3_k_sequence/train_TeaA_ISO-Bimodal_rho1000_n0_RW-Only0_fit_1,figure_scripts/kinetic_simulation/_fits_peptide_calibration_gamma_0,gamma=0 sweep,1000,RW-Only,6,0,6.0,0.001479,0.038463,0.45443,figure_scripts/kinetic_simulation/_fits_peptide_calibration_gamma_0/ISO-Bimodal/split-R3/rho1000/n0/data/Sweep-Methods/TeaA_ISO-Bimodal_rho1000_n0/Benchmark/RW_bench/TeaA_ISO-Bimodal_rho1000_n0_RW-Only0_fit_RW_bench_R3_k_sequence/train_TeaA_ISO-Bimodal_rho1000_n0_RW-Only0_fit_1
ISO-Bimodal/split-R3/rho1000/n0/data/Sweep-Methods/TeaA_ISO-Bimodal_rho1000_n0/Benchmark/RW_bench/TeaA_ISO-Bimodal_rho1000_n0_RW-Only0_fit_RW_bench_R3_k_sequence/train_TeaA_ISO-Bimodal_rho1000_n0_RW-Only0_fit_1,figure_scripts/kinetic_simulation/_fits_peptide_calibration_gamma_0,gamma=0 sweep,1000,RW-Only,1,0,1.0,0.001984,0.044543,0.02247,figure_scripts/kinetic_simulation/_fits_peptide_calibration_gamma_0/ISO-Bimodal/split-R3/rho1000/n0/data/Sweep-Methods/TeaA_ISO-Bimodal_rho1000_n0/Benchmark/RW_bench/TeaA_ISO-Bimodal_rho1000_n0_RW-Only0_fit_RW_bench_R3_k_sequence/train_TeaA_ISO-Bimodal_rho1000_n0_RW-Only0_fit_1
ISO-Bimodal/split-R3/rho1000/n0/data/Sweep-Methods/TeaA_ISO-Bimodal_rho1000_n0/Benchmark/RW_bench/TeaA_ISO-Bimodal_rho1000_n0_RW-Only0_fit_RW_bench_R3_k_sequence/train_TeaA_ISO-Bimodal_rho1000_n0_RW-Only0_fit_1,figure_scripts/kinetic_simulation/_fits_peptide_calibration_gamma_0,gamma=0 sweep,1000,RW-Only,7,0,7.0,0.001418,0.037655,0.56424,figure_scripts/kinetic_simulation/_fits_peptide_calibration_gamma_0/ISO-Bimodal/split-R3/rho1000/n0/data/Sweep-Methods/TeaA_ISO-Bimodal_rho1000_n0/Benchmark/RW_bench/TeaA_ISO-Bimodal_rho1000_n0_RW-Only0_fit_RW_bench_R3_k_sequence/train_TeaA_ISO-Bimodal_rho1000_n0_RW-Only0_fit_1
ISO-Bimodal/split-R3/rho1000/n0/data/Sweep-Methods/TeaA_ISO-Bimodal_rho1000_n0/Benchmark/RW_bench/TeaA_ISO-Bimodal_rho1000_n0_RW-Only0_fit_RW_bench_R3_k_sequence/train_TeaA_ISO-Bimodal_rho1000_n0_RW-Only0_fit_1,figure_scripts/kinetic_simulation/_fits_peptide_calibration_gamma_0,gamma=0 sweep,1000,RW-Only,4,0,4.0,0.001632,0.040404,0.24728,figure_scripts/kinetic_simulation/_fits_peptide_calibration_gamma_0/ISO-Bimodal/split-R3/rho1000/n0/data/Sweep-Methods/TeaA_ISO-Bimodal_rho1000_n0/Benchmark/RW_bench/TeaA_ISO-Bimodal_rho1000_n0_RW-Only0_fit_RW_bench_R3_k_sequence/train_TeaA_ISO-Bimodal_rho1000_n0_RW-Only0_fit_1
ISO-Bimodal/split-R3/rho1000/n0/data/Sweep-Methods/TeaA_ISO-Bimodal_rho1000_n0/Benchmark/RW_bench/TeaA_ISO-Bimodal_rho1000_n0_RW-Only0_fit_RW_bench_R3_k_sequence/train_TeaA_ISO-Bimodal_rho1000_n0_RW-Only0_fit_1,figure_scripts/kinetic_simulation/_fits_peptide_calibration_gamma_0,gamma=0 sweep,1000,RW-Only,2,0,2.0,0.001844,0.042945,0.07834,figure_scripts/kinetic_simulation/_fits_peptide_calibration_gamma_0/ISO-Bimodal/split-R3/rho1000/n0/data/Sweep-Methods/TeaA_ISO-Bimodal_rho1000_n0/Benchmark/RW_bench/TeaA_ISO-Bimodal_rho1000_n0_RW-Only0_fit_RW_bench_R3_k_sequence/train_TeaA_ISO-Bimodal_rho1000_n0_RW-Only0_fit_1
ISO-Bimodal/split-R3/rho1000/n0/data/Sweep-Methods/TeaA_ISO-Bimodal_rho1000_n0/Benchmark/RW_bench/TeaA_ISO-Bimodal_rho1000_n0_RW-Only0_fit_RW_bench_R3_k_sequence/train_TeaA_ISO-Bimodal_rho1000_n0_RW-Only0_fit_1,figure_scripts/kinetic_simulation/_fits_peptide_calibration_gamma_0,gamma=0 sweep,1000,RW-Only,3,0,3.0,0.001729,0.041583,0.15575,figure_scripts/kinetic_simulation/_fits_peptide_calibration_gamma_0/ISO-Bimodal/split-R3/rho1000/n0/data/Sweep-Methods/TeaA_ISO-Bimodal_rho1000_n0/Benchmark/RW_bench/TeaA_ISO-Bimodal_rho1000_n0_RW-Only0_fit_RW_bench_R3_k_sequence/train_TeaA_ISO-Bimodal_rho1000_n0_RW-Only0_fit_1
ISO-Bimodal/split-R3/rho1000/n0/data/Sweep-Methods/TeaA_ISO-Bimodal_rho1000_n0/Benchmark/RW_bench/TeaA_ISO-Bimodal_rho1000_n0_RW-Only0_fit_RW_bench_R3_k_sequence/train_TeaA_ISO-Bimodal_rho1000_n0_RW-Only0_fit_1,figure_scripts/kinetic_simulation/_fits_peptide_calibration_gamma_0,gamma=0 sweep,1000,RW-Only,5,0,5.0,0.00155,0.039373,0.34798,figure_scripts/kinetic_simulation/_fits_peptide_calibration_gamma_0/ISO-Bimodal/split-R3/rho1000/n0/data/Sweep-Methods/TeaA_ISO-Bimodal_rho1000_n0/Benchmark/RW_bench/TeaA_ISO-Bimodal_rho1000_n0_RW-Only0_fit_RW_bench_R3_k_sequence/train_TeaA_ISO-Bimodal_rho1000_n0_RW-Only0_fit_1
ISO-Bimodal/split-R3/rho1000/n0/data/Sweep-Methods/TeaA_ISO-Bimodal_rho1000_n0/Benchmark/RW_bench/TeaA_ISO-Bimodal_rho1000_n0_RW-Only0_fit_RW_bench_R3_k_sequence/train_TeaA_ISO-Bimodal_rho1000_n0_RW-Only0_fit_1,figure_scripts/kinetic_simulation/_fits_peptide_calibration_gamma_0,gamma=0 sweep,1000,RW-Only,9,0,9.0,0.001316,0.036282,0.7875,figure_scripts/kinetic_simulation/_fits_peptide_calibration_gamma_0/ISO-Bimodal/split-R3/rho1000/n0/data/Sweep-Methods/TeaA_ISO-Bimodal_rho1000_n0/Benchmark/RW_bench/TeaA_ISO-Bimodal_rho1000_n0_RW-Only0_fit_RW_bench_R3_k_sequence/train_TeaA_ISO-Bimodal_rho1000_n0_RW-Only0_fit_1
ISO-Bimodal/split-R3/rho1000/n0/data/Sweep-Methods/TeaA_ISO-Bimodal_rho1000_n0/Benchmark/RW_bench/TeaA_ISO-Bimodal_rho1000_n0_RW-Only0_fit_RW_bench_R3_k_sequence/train_TeaA_ISO-Bimodal_rho1000_n0_RW-Only0_fit_2,figure_scripts/kinetic_simulation/_fits_peptide_calibration_gamma_0,gamma=0 sweep,1000,RW-Only,8,0,8.0,0.002041,0.04518,1.09,figure_scripts/kinetic_simulation/_fits_peptide_calibration_gamma_0/ISO-Bimodal/split-R3/rho1000/n0/data/Sweep-Methods/TeaA_ISO-Bimodal_rho1000_n0/Benchmark/RW_bench/TeaA_ISO-Bimodal_rho1000_n0_RW-Only0_fit_RW_bench_R3_k_sequence/train_TeaA_ISO-Bimodal_rho1000_n0_RW-Only0_fit_2
ISO-Bimodal/split-R3/rho1000/n0/data/Sweep-Methods/TeaA_ISO-Bimodal_rho1000_n0/Benchmark/RW_bench/TeaA_ISO-Bimodal_rho1000_n0_RW-Only0_fit_RW_bench_R3_k_sequence/train_TeaA_ISO-Bimodal_rho1000_n0_RW-Only0_fit_2,figure_scripts/kinetic_simulation/_fits_peptide_calibration_gamma_0,gamma=0 sweep,1000,RW-Only,6,0,6.0,0.002244,0.047371,0.70418,figure_scripts/kinetic_simulation/_fits_peptide_calibration_gamma_0/ISO-Bimodal/split-R3/rho1000/n0/data/Sweep-Methods/TeaA_ISO-Bimodal_rho1000_n0/Benchmark/RW_bench/TeaA_ISO-Bimodal_rho1000_n0_RW-Only0_fit_RW_bench_R3_k_sequence/train_TeaA_ISO-Bimodal_rho1000_n0_RW-Only0_fit_2
ISO-Bimodal/split-R3/rho1000/n0/data/Sweep-Methods/TeaA_ISO-Bimodal_rho1000_n0/Benchmark/RW_bench/TeaA_ISO-Bimodal_rho1000_n0_RW-Only0_fit_RW_bench_R3_k_sequence/train_TeaA_ISO-Bimodal_rho1000_n0_RW-Only0_fit_2,figure_scripts/kinetic_simulation/_fits_peptide_calibration_gamma_0,gamma=0 sweep,1000,RW-Only,1,0,1.0,0.002992,0.0547,0.02802,figure_scripts/kinetic_simulation/_fits_peptide_calibration_gamma_0/ISO-Bimodal/split-R3/rho1000/n0/data/Sweep-Methods/TeaA_ISO-Bimodal_rho1000_n0/Benchmark/RW_bench/TeaA_ISO-Bimodal_rho1000_n0_RW-Only0_fit_RW_bench_R3_k_sequence/train_TeaA_ISO-Bimodal_rho1000_n0_RW-Only0_fit_2
ISO-Bimodal/split-R3/rho1000/n0/data/Sweep-Methods/TeaA_ISO-Bimodal_rho1000_n0/Benchmark/RW_bench/TeaA_ISO-Bimodal_rho1000_n0_RW-Only0_fit_RW_bench_R3_k_sequence/train_TeaA_ISO-Bimodal_rho1000_n0_RW-Only0_fit_2,figure_scripts/kinetic_simulation/_fits_peptide_calibration_gamma_0,gamma=0 sweep,1000,RW-Only,7,0,7.0,0.002137,0.046224,0.89484,figure_scripts/kinetic_simulation/_fits_peptide_calibration_gamma_0/ISO-Bimodal/split-R3/rho1000/n0/data/Sweep-Methods/TeaA_ISO-Bimodal_rho1000_n0/Benchmark/RW_bench/TeaA_ISO-Bimodal_rho1000_n0_RW-Only0_fit_RW_bench_R3_k_sequence/train_TeaA_ISO-Bimodal_rho1000_n0_RW-Only0_fit_2
ISO-Bimodal/split-R3/rho1000/n0/data/Sweep-Methods/TeaA_ISO-Bimodal_rho1000_n0/Benchmark/RW_bench/TeaA_ISO-Bimodal_rho1000_n0_RW-Only0_fit_RW_bench_R3_k_sequence/train_TeaA_ISO-Bimodal_rho1000_n0_RW-Only0_fit_2,figure_scripts/kinetic_simulation/_fits_peptide_calibration_gamma_0,gamma=0 sweep,1000,RW-Only,4,0,4.0,0.002497,0.049972,0.3589,figure_scripts/kinetic_simulation/_fits_peptide_calibration_gamma_0/ISO-Bimodal/split-R3/rho1000/n0/data/Sweep-Methods/TeaA_ISO-Bimodal_rho1000_n0/Benchmark/RW_bench/TeaA_ISO-Bimodal_rho1000_n0_RW-Only0_fit_RW_bench_R3_k_sequence/train_TeaA_ISO-Bimodal_rho1000_n0_RW-Only0_fit_2
ISO-Bimodal/split-R3/rho1000/n0/data/Sweep-Methods/TeaA_ISO-Bimodal_rho1000_n0/Benchmark/RW_bench/TeaA_ISO-Bimodal_rho1000_n0_RW-Only0_fit_RW_bench_R3_k_sequence/train_TeaA_ISO-Bimodal_rho1000_n0_RW-Only0_fit_2,figure_scripts/kinetic_simulation/_fits_peptide_calibration_gamma_0,gamma=0 sweep,1000,RW-Only,2,0,2.0,0.002809,0.053001,0.10367,figure_scripts/kinetic_simulation/_fits_peptide_calibration_gamma_0/ISO-Bimodal/split-R3/rho1000/n0/data/Sweep-Methods/TeaA_ISO-Bimodal_rho1000_n0/Benchmark/RW_bench/TeaA_ISO-Bimodal_rho1000_n0_RW-Only0_fit_RW_bench_R3_k_sequence/train_TeaA_ISO-Bimodal_rho1000_n0_RW-Only0_fit_2
ISO-Bimodal/split-R3/rho1000/n0/data/Sweep-Methods/TeaA_ISO-Bimodal_rho1000_n0/Benchmark/RW_bench/TeaA_ISO-Bimodal_rho1000_n0_RW-Only0_fit_RW_bench_R3_k_sequence/train_TeaA_ISO-Bimodal_rho1000_n0_RW-Only0_fit_2,figure_scripts/kinetic_simulation/_fits_peptide_calibration_gamma_0,gamma=0 sweep,1000,RW-Only,3,0,3.0,0.002645,0.051429,0.21667,figure_scripts/kinetic_simulation/_fits_peptide_calibration_gamma_0/ISO-Bimodal/split-R3/rho1000/n0/data/Sweep-Methods/TeaA_ISO-Bimodal_rho1000_n0/Benchmark/RW_bench/TeaA_ISO-Bimodal_rho1000_n0_RW-Only0_fit_RW_bench_R3_k_sequence/train_TeaA_ISO-Bimodal_rho1000_n0_RW-Only0_fit_2
ISO-Bimodal/split-R3/rho1000/n0/data/Sweep-Methods/TeaA_ISO-Bimodal_rho1000_n0/Benchmark/RW_bench/TeaA_ISO-Bimodal_rho1000_n0_RW-Only0_fit_RW_bench_R3_k_sequence/train_TeaA_ISO-Bimodal_rho1000_n0_RW-Only0_fit_2,figure_scripts/kinetic_simulation/_fits_peptide_calibration_gamma_0,gamma=0 sweep,1000,RW-Only,5,0,5.0,0.002364,0.048621,0.52351,figure_scripts/kinetic_simulation/_fits_peptide_calibration_gamma_0/ISO-Bimodal/split-R3/rho1000/n0/data/Sweep-Methods/TeaA_ISO-Bimodal_rho1000_n0/Benchmark/RW_bench/TeaA_ISO-Bimodal_rho1000_n0_RW-Only0_fit_RW_bench_R3_k_sequence/train_TeaA_ISO-Bimodal_rho1000_n0_RW-Only0_fit_2
ISO-Bimodal/split-R3/rho1000/n0/data/Sweep-Methods/TeaA_ISO-Bimodal_rho1000_n0/Benchmark/RW_bench/TeaA_ISO-Bimodal_rho1000_n0_RW-Only0_fit_RW_bench_R3_k_sequence/train_TeaA_ISO-Bimodal_rho1000_n0_RW-Only0_fit_2,figure_scripts/kinetic_simulation/_fits_peptide_calibration_gamma_0,gamma=0 sweep,1000,RW-Only,9,0,9.0,0.001957,0.044235,1.28515,figure_scripts/kinetic_simulation/_fits_peptide_calibration_gamma_0/ISO-Bimodal/split-R3/rho1000/n0/data/Sweep-Methods/TeaA_ISO-Bimodal_rho1000_n0/Benchmark/RW_bench/TeaA_ISO-Bimodal_rho1000_n0_RW-Only0_fit_RW_bench_R3_k_sequence/train_TeaA_ISO-Bimodal_rho1000_n0_RW-Only0_fit_2
ISO-Bimodal/split-R3/rho1000/n0/data/Sweep-Methods/TeaA_ISO-Bimodal_rho1000_n0/Benchmark/RW_bench/TeaA_ISO-Bimodal_rho1000_n0_RW-Only0_fit_RW_bench_R3_k_sequence/train_TeaA_ISO-Bimodal_rho1000_n0_RW-Only0_fit_3,figure_scripts/kinetic_simulation/_fits_peptide_calibration_gamma_0,gamma=0 sweep,1000,RW-Only,8,0,8.0,0.001369,0.036998,0.84552,figure_scripts/kinetic_simulation/_fits_peptide_calibration_gamma_0/ISO-Bimodal/split-R3/rho1000/n0/data/Sweep-Methods/TeaA_ISO-Bimodal_rho1000_n0/Benchmark/RW_bench/TeaA_ISO-Bimodal_rho1000_n0_RW-Only0_fit_RW_bench_R3_k_sequence/train_TeaA_ISO-Bimodal_rho1000_n0_RW-Only0_fit_3
ISO-Bimodal/split-R3/rho1000/n0/data/Sweep-Methods/TeaA_ISO-Bimodal_rho1000_n0/Benchmark/RW_bench/TeaA_ISO-Bimodal_rho1000_n0_RW-Only0_fit_RW_bench_R3_k_sequence/train_TeaA_ISO-Bimodal_rho1000_n0_RW-Only0_fit_3,figure_scripts/kinetic_simulation/_fits_peptide_calibration_gamma_0,gamma=0 sweep,1000,RW-Only,6,0,6.0,0.001504,0.038785,0.54849,figure_scripts/kinetic_simulation/_fits_peptide_calibration_gamma_0/ISO-Bimodal/split-R3/rho1000/n0/data/Sweep-Methods/TeaA_ISO-Bimodal_rho1000_n0/Benchmark/RW_bench/TeaA_ISO-Bimodal_rho1000_n0_RW-Only0_fit_RW_bench_R3_k_sequence/train_TeaA_ISO-Bimodal_rho1000_n0_RW-Only0_fit_3
ISO-Bimodal/split-R3/rho1000/n0/data/Sweep-Methods/TeaA_ISO-Bimodal_rho1000_n0/Benchmark/RW_bench/TeaA_ISO-Bimodal_rho1000_n0_RW-Only0_fit_RW_bench_R3_k_sequence/train_TeaA_ISO-Bimodal_rho1000_n0_RW-Only0_fit_3,figure_scripts/kinetic_simulation/_fits_peptide_calibration_gamma_0,gamma=0 sweep,1000,RW-Only,1,0,1.0,0.002017,0.044907,0.02203,figure_scripts/kinetic_simulation/_fits_peptide_calibration_gamma_0/ISO-Bimodal/split-R3/rho1000/n0/data/Sweep-Methods/TeaA_ISO-Bimodal_rho1000_n0/Benchmark/RW_bench/TeaA_ISO-Bimodal_rho1000_n0_RW-Only0_fit_RW_bench_R3_k_sequence/train_TeaA_ISO-Bimodal_rho1000_n0_RW-Only0_fit_3
ISO-Bimodal/split-R3/rho1000/n0/data/Sweep-Methods/TeaA_ISO-Bimodal_rho1000_n0/Benchmark/RW_bench/TeaA_ISO-Bimodal_rho1000_n0_RW-Only0_fit_RW_bench_R3_k_sequence/train_TeaA_ISO-Bimodal_rho1000_n0_RW-Only0_fit_3,figure_scripts/kinetic_simulation/_fits_peptide_calibration_gamma_0,gamma=0 sweep,1000,RW-Only,7,0,7.0,0.001433,0.037848,0.69535,figure_scripts/kinetic_simulation/_fits_peptide_calibration_gamma_0/ISO-Bimodal/split-R3/rho1000/n0/data/Sweep-Methods/TeaA_ISO-Bimodal_rho1000_n0/Benchmark/RW_bench/TeaA_ISO-Bimodal_rho1000_n0_RW-Only0_fit_RW_bench_R3_k_sequence/train_TeaA_ISO-Bimodal_rho1000_n0_RW-Only0_fit_3
ISO-Bimodal/split-R3/rho1000/n0/data/Sweep-Methods/TeaA_ISO-Bimodal_rho1000_n0/Benchmark/RW_bench/TeaA_ISO-Bimodal_rho1000_n0_RW-Only0_fit_RW_bench_R3_k_sequence/train_TeaA_ISO-Bimodal_rho1000_n0_RW-Only0_fit_3,figure_scripts/kinetic_simulation/_fits_peptide_calibration_gamma_0,gamma=0 sweep,1000,RW-Only,4,0,4.0,0.001676,0.040934,0.28087,figure_scripts/kinetic_simulation/_fits_peptide_calibration_gamma_0/ISO-Bimodal/split-R3/rho1000/n0/data/Sweep-Methods/TeaA_ISO-Bimodal_rho1000_n0/Benchmark/RW_bench/TeaA_ISO-Bimodal_rho1000_n0_RW-Only0_fit_RW_bench_R3_k_sequence/train_TeaA_ISO-Bimodal_rho1000_n0_RW-Only0_fit_3
ISO-Bimodal/split-R3/rho1000/n0/data/Sweep-Methods/TeaA_ISO-Bimodal_rho1000_n0/Benchmark/RW_bench/TeaA_ISO-Bimodal_rho1000_n0_RW-Only0_fit_RW_bench_R3_k_sequence/train_TeaA_ISO-Bimodal_rho1000_n0_RW-Only0_fit_3,figure_scripts/kinetic_simulation/_fits_peptide_calibration_gamma_0,gamma=0 sweep,1000,RW-Only,2,0,2.0,0.00189,0.043473,0.08135,figure_scripts/kinetic_simulation/_fits_peptide_calibration_gamma_0/ISO-Bimodal/split-R3/rho1000/n0/data/Sweep-Methods/TeaA_ISO-Bimodal_rho1000_n0/Benchmark/RW_bench/TeaA_ISO-Bimodal_rho1000_n0_RW-Only0_fit_RW_bench_R3_k_sequence/train_TeaA_ISO-Bimodal_rho1000_n0_RW-Only0_fit_3
ISO-Bimodal/split-R3/rho1000/n0/data/Sweep-Methods/TeaA_ISO-Bimodal_rho1000_n0/Benchmark/RW_bench/TeaA_ISO-Bimodal_rho1000_n0_RW-Only0_fit_RW_bench_R3_k_sequence/train_TeaA_ISO-Bimodal_rho1000_n0_RW-Only0_fit_3,figure_scripts/kinetic_simulation/_fits_peptide_calibration_gamma_0,gamma=0 sweep,1000,RW-Only,3,0,3.0,0.001777,0.042152,0.16982,figure_scripts/kinetic_simulation/_fits_peptide_calibration_gamma_0/ISO-Bimodal/split-R3/rho1000/n0/data/Sweep-Methods/TeaA_ISO-Bimodal_rho1000_n0/Benchmark/RW_bench/TeaA_ISO-Bimodal_rho1000_n0_RW-Only0_fit_RW_bench_R3_k_sequence/train_TeaA_ISO-Bimodal_rho1000_n0_RW-Only0_fit_3
ISO-Bimodal/split-R3/rho1000/n0/data/Sweep-Methods/TeaA_ISO-Bimodal_rho1000_n0/Benchmark/RW_bench/TeaA_ISO-Bimodal_rho1000_n0_RW-Only0_fit_RW_bench_R3_k_sequence/train_TeaA_ISO-Bimodal_rho1000_n0_RW-Only0_fit_3,figure_scripts/kinetic_simulation/_fits_peptide_calibration_gamma_0,gamma=0 sweep,1000,RW-Only,5,0,5.0,0.001585,0.039813,0.40881,figure_scripts/kinetic_simulation/_fits_peptide_calibration_gamma_0/ISO-Bimodal/split-R3/rho1000/n0/data/Sweep-Methods/TeaA_ISO-Bimodal_rho1000_n0/Benchmark/RW_bench/TeaA_ISO-Bimodal_rho1000_n0_RW-Only0_fit_RW_bench_R3_k_sequence/train_TeaA_ISO-Bimodal_rho1000_n0_RW-Only0_fit_3
ISO-Bimodal/split-R3/rho1000/n0/data/Sweep-Methods/TeaA_ISO-Bimodal_rho1000_n0/Benchmark/RW_bench/TeaA_ISO-Bimodal_rho1000_n0_RW-Only0_fit_RW_bench_R3_k_sequence/train_TeaA_ISO-Bimodal_rho1000_n0_RW-Only0_fit_3,figure_scripts/kinetic_simulation/_fits_peptide_calibration_gamma_0,gamma=0 sweep,1000,RW-Only,9,0,9.0,0.001312,0.036228,0.99608,figure_scripts/kinetic_simulation/_fits_peptide_calibration_gamma_0/ISO-Bimodal/split-R3/rho1000/n0/data/Sweep-Methods/TeaA_ISO-Bimodal_rho1000_n0/Benchmark/RW_bench/TeaA_ISO-Bimodal_rho1000_n0_RW-Only0_fit_RW_bench_R3_k_sequence/train_TeaA_ISO-Bimodal_rho1000_n0_RW-Only0_fit_3
ISO-Bimodal/split-R3/rho1000/n0/data/Sweep-Methods/TeaA_ISO-Bimodal_rho1000_n0/Benchmark/BV_bench/TeaA_ISO-Bimodal_rho1000_n0_RW-BV1_fit_BV_bench_R3_k_sequence/train_TeaA_ISO-Bimodal_rho1000_n0_RW-BV1_fit_1,figure_scripts/kinetic_simulation/_fits_peptide_calibration_gamma_0,gamma=0 sweep,1000,RW-BV,3,0,3.0,0.00146,0.038204,0.0,figure_scripts/kinetic_simulation/_fits_peptide_calibration_gamma_0/ISO-Bimodal/split-R3/rho1000/n0/data/Sweep-Methods/TeaA_ISO-Bimodal_rho1000_n0/Benchmark/BV_bench/TeaA_ISO-Bimodal_rho1000_n0_RW-BV1_fit_BV_bench_R3_k_sequence/train_TeaA_ISO-Bimodal_rho1000_n0_RW-BV1_fit_1
ISO-Bimodal/split-R3/rho1000/n0/data/Sweep-Methods/TeaA_ISO-Bimodal_rho1000_n0/Benchmark/BV_bench/TeaA_ISO-Bimodal_rho1000_n0_RW-BV1_fit_BV_bench_R3_k_sequence/train_TeaA_ISO-Bimodal_rho1000_n0_RW-BV1_fit_3,figure_scripts/kinetic_simulation/_fits_peptide_calibration_gamma_0,gamma=0 sweep,1000,RW-BV,3,0,3.0,0.001613,0.04016,0.0,figure_scripts/kinetic_simulation/_fits_peptide_calibration_gamma_0/ISO-Bimodal/split-R3/rho1000/n0/data/Sweep-Methods/TeaA_ISO-Bimodal_rho1000_n0/Benchmark/BV_bench/TeaA_ISO-Bimodal_rho1000_n0_RW-BV1_fit_BV_bench_R3_k_sequence/train_TeaA_ISO-Bimodal_rho1000_n0_RW-BV1_fit_3
ISO-Bimodal/split-R3/rho1000/n0/data/Sweep-Methods/TeaA_ISO-Bimodal_rho1000_n0/Benchmark/BV_bench/TeaA_ISO-Bimodal_rho1000_n0_RW-BV1_fit_BV_bench_R3_k_sequence/train_TeaA_ISO-Bimodal_rho1000_n0_RW-BV1_fit_2,figure_scripts/kinetic_simulation/_fits_peptide_calibration_gamma_0,gamma=0 sweep,1000,RW-BV,3,0,3.0,0.00213,0.046148,0.0,figure_scripts/kinetic_simulation/_fits_peptide_calibration_gamma_0/ISO-Bimodal/split-R3/rho1000/n0/data/Sweep-Methods/TeaA_ISO-Bimodal_rho1000_n0/Benchmark/BV_bench/TeaA_ISO-Bimodal_rho1000_n0_RW-BV1_fit_BV_bench_R3_k_sequence/train_TeaA_ISO-Bimodal_rho1000_n0_RW-BV1_fit_2
ISO-Bimodal/split-R3/rho1000/n0/data/Sweep-Methods/TeaA_ISO-Bimodal_rho1000_n0/Benchmark/BV_bench/TeaA_ISO-Bimodal_rho1000_n0_BV-RW0_fit_BV_bench_R3_k_sequence/train_TeaA_ISO-Bimodal_rho1000_n0_BV-RW0_fit_2,figure_scripts/kinetic_simulation/_fits_peptide_calibration_gamma_0,gamma=0 sweep,1000,BV-RW,3,0,3.0,0.00222,0.047118,0.0,figure_scripts/kinetic_simulation/_fits_peptide_calibration_gamma_0/ISO-Bimodal/split-R3/rho1000/n0/data/Sweep-Methods/TeaA_ISO-Bimodal_rho1000_n0/Benchmark/BV_bench/TeaA_ISO-Bimodal_rho1000_n0_BV-RW0_fit_BV_bench_R3_k_sequence/train_TeaA_ISO-Bimodal_rho1000_n0_BV-RW0_fit_2
ISO-Bimodal/split-R3/rho1000/n0/data/Sweep-Methods/TeaA_ISO-Bimodal_rho1000_n0/Benchmark/BV_bench/TeaA_ISO-Bimodal_rho1000_n0_BV-RW0_fit_BV_bench_R3_k_sequence/train_TeaA_ISO-Bimodal_rho1000_n0_BV-RW0_fit_1,figure_scripts/kinetic_simulation/_fits_peptide_calibration_gamma_0,gamma=0 sweep,1000,BV-RW,3,0,3.0,0.001537,0.039209,0.0,figure_scripts/kinetic_simulation/_fits_peptide_calibration_gamma_0/ISO-Bimodal/split-R3/rho1000/n0/data/Sweep-Methods/TeaA_ISO-Bimodal_rho1000_n0/Benchmark/BV_bench/TeaA_ISO-Bimodal_rho1000_n0_BV-RW0_fit_BV_bench_R3_k_sequence/train_TeaA_ISO-Bimodal_rho1000_n0_BV-RW0_fit_1
ISO-Bimodal/split-R3/rho1000/n0/data/Sweep-Methods/TeaA_ISO-Bimodal_rho1000_n0/Benchmark/BV_bench/TeaA_ISO-Bimodal_rho1000_n0_BV-RW0_fit_BV_bench_R3_k_sequence/train_TeaA_ISO-Bimodal_rho1000_n0_BV-RW0_fit_3,figure_scripts/kinetic_simulation/_fits_peptide_calibration_gamma_0,gamma=0 sweep,1000,BV-RW,3,0,3.0,0.001689,0.041099,0.0,figure_scripts/kinetic_simulation/_fits_peptide_calibration_gamma_0/ISO-Bimodal/split-R3/rho1000/n0/data/Sweep-Methods/TeaA_ISO-Bimodal_rho1000_n0/Benchmark/BV_bench/TeaA_ISO-Bimodal_rho1000_n0_BV-RW0_fit_BV_bench_R3_k_sequence/train_TeaA_ISO-Bimodal_rho1000_n0_BV-RW0_fit_3
